loan_id,snapshot_date,fico,orig_ltv,mtm_ltv,dti,orig_rate,incentive,age,log_upb,unemp,unemp_chg_12m,hpi_chg_12m,times_30dpd_12m,dlq_status,purpose,occupancy,n_borrowers,state,target_pd12,cur_upb,scorecard_pd,scorecard_points,gbm_pd
53,2021-07-31,770.0,88.36687,84.254295,37.0,3.136,0.11933327,12,12.3647785,5.4333334,-3.5,2.7406642,0,0,C,O,2,GA,1,234398.6,0.00691461004503717,627.0670743986263,0.009610312313048807
60,2020-07-31,736.0,90.132195,82.01059,43.0,4.403,1.1696665,23,12.713851,8.933333,5.071795,1.950057,0,0,P,O,2,GA,0,332319.2,0.03420085368968635,583.0478479393472,0.029188775571118042
90,2022-01-31,700.0,80.0,46.712036,27.0,4.735,1.2183335,105,11.751288,4.1583333,-1.875,4.744165,0,0,N,O,2,TX,0,126916.92,0.017128991072196283,602.2363654138125,0.015653348818717914
234,2022-01-31,786.0,80.0,77.96037,23.0,3.078,-0.43866658,5,11.92403,4.4583335,-1.875,4.23435,0,0,P,O,2,PA,0,150848.31,0.002461225017127263,655.1448676050122,0.002167075529945107
268,2020-07-31,731.0,80.0,79.192024,50.0,4.049,0.81566644,7,11.961211,9.633333,5.0717945,2.5737188,0,0,P,O,2,CA,0,156562.62,0.04881502141898522,573.0060904791756,0.05160524370645678
273,2023-07-31,642.0,80.0,64.41559,29.0,3.649,-2.9843333,32,12.226515,4.4,-0.20833302,6.548197,0,0,P,O,1,AZ,0,204130.56,0.057336000403574304,568.4081746732081,0.0844255687662278
304,2023-07-31,749.0,80.0,44.41498,26.0,3.86,-2.7733333,109,12.1935,3.7,-0.20833325,4.744168,0,0,N,O,2,TX,0,197501.1,0.003624800143039772,644.6356501678231,0.0017800222134589554
337,2023-01-31,816.0,64.000336,50.710003,33.0,3.616,-2.8173335,40,11.798711,5.2,-0.4583335,7.330827,0,0,P,I,2,NV,0,133080.64,0.0009302359098358351,681.5191894194568,0.0006265541189654759
365,2022-07-31,697.0,82.98079,72.61911,17.0,3.702,-2.0313332,23,10.876852,5.008333,-1.125,6.28858,0,0,C,O,2,CA,0,52936.7,0.01849053935385566,600.1287945016958,0.011495741768395507
384,2020-07-31,714.0,95.255974,94.56965,44.0,4.037,0.80366683,5,11.761801,9.033334,5.0717955,2.4695024,0,0,P,O,2,FL,1,128258.19,0.07858453169344495,559.2592586047838,0.2518325359057625
443,2023-01-31,785.0,80.0,62.999836,40.0,4.474,-1.9593334,53,12.122337,3.7,-0.45833325,4.7441583,0,0,P,O,2,TX,0,183935.0,0.0026855436721285038,652.778134058158,0.0012618864595752165
444,2020-01-31,731.0,80.0,56.52465,14.0,4.286,0.40266633,53,11.980857,4.423077,-0.2769227,5.7497625,0,0,P,O,2,CA,0,159668.86,0.0045707904681016025,638.3341078916915,0.0022821565203070774
467,2022-01-31,765.0,80.0,74.19287,32.0,3.321,-0.19566655,15,11.942213,4.5583334,-1.875,4.744165,0,0,C,O,1,GA,0,153616.28,0.0031704943035586043,648.2721980367395,0.005948286752108784
470,2023-01-31,695.0,80.0,68.27016,27.0,3.264,-3.1693335,24,12.792512,4.2,-0.4583335,6.0296116,0,0,P,O,1,FL,0,359515.12,0.022752853070544213,594.397047876057,0.021811388619033437
498,2021-01-31,714.0,87.80407,83.54732,38.0,4.113,1.1963332,18,12.701191,6.0333333,2.7102563,0.38700014,0,0,C,O,2,TX,0,328138.6,0.03226565230263037,584.6784401612376,0.04893519576532967
529,2022-07-31,770.0,60.09227,47.413143,12.0,4.265,-1.4683332,45,12.374437,5.008333,-1.125,6.28858,0,0,P,O,2,CA,0,236673.58,0.00111624996868977,676.5805673733933,0.000987231860250516
580,2020-07-31,773.0,86.07155,75.09038,38.0,4.55,1.3166668,31,12.103174,8.533334,5.0717955,1.950057,0,0,P,I,1,TX,0,180443.72,0.009218249217775207,619.2219517796841,0.003406735420758262
581,2020-01-31,802.0,81.73052,79.21818,45.0,3.865,-0.018333435,7,12.277121,3.623077,-0.27692318,3.8747516,0,0,P,O,2,PA,0,214726.56,0.001727245462382354,664.7490508468661,0.0008409157517830869
601,2023-01-31,744.0,61.227512,54.087837,30.0,3.647,-2.7863333,32,12.606692,4.3,-0.45833302,3.4743032,0,0,P,O,1,OH,0,298549.97,0.0038910724446558275,642.7099534559575,0.0034575702908446904
694,2020-01-31,704.0,77.87116,54.865227,27.0,3.873,-0.010333538,68,12.37673,3.623077,-0.27692318,3.8747516,0,0,N,O,2,PA,0,237216.84,0.017455982510334832,601.7155756515208,0.006462411077119918
725,2021-01-31,785.0,80.0,78.80519,36.0,3.495,0.57833314,7,12.4989805,6.4333334,2.7102566,0.38700014,0,0,P,O,2,GA,0,268063.8,0.005668768262280661,632.4777055968516,0.0024249958102740853
729,2021-01-31,739.0,80.0,62.239586,46.0,3.666,0.74933314,47,12.586116,6.5333333,2.7102563,0.48909307,0,0,P,O,2,FL,0,292469.56,0.01453903436446227,606.7443662272777,0.01965329315949715
744,2022-01-31,702.0,62.011433,56.242924,28.0,4.04,0.5233333,21,12.211829,5.258333,-1.875,6.288583,0,0,N,S,1,CA,0,201154.56,0.02781627843283528,588.8184238953529,0.028309602424198534
752,2020-07-31,747.0,80.0,79.61147,31.0,3.354,0.12066674,3,11.871936,9.133333,5.0717945,1.4332186,0,0,P,O,2,OH,0,143191.19,0.015440188847322216,605.0920543699267,0.016008207000165302
825,2020-07-31,741.0,80.0,61.773132,44.0,4.952,1.7186668,56,12.619821,9.233334,5.071795,1.8464669,0,0,P,O,2,NY,0,302495.3,0.019002145735783568,599.3760291226522,0.03736049810653857
909,2022-01-31,755.0,77.596436,72.54548,50.0,3.04,-0.4766667,12,12.979799,4.1583333,-1.875,4.744165,0,0,P,O,2,TX,0,433565.8,0.009411790892830984,618.6543213490766,0.009496866807101203
987,2021-01-31,780.0,80.0,49.13415,27.0,3.761,0.8443332,108,11.847204,6.633333,2.7102563,0.2850178,0,0,N,O,2,OH,0,139693.23,0.0036262741760088608,644.6246066528863,0.0021940756437145584
1054,2021-01-31,778.0,66.99816,62.678207,37.0,3.52,0.60333323,19,12.380258,7.133333,2.710256,0.509528,2,0,P,O,1,CA,0,238055.25,0.006955791937809101,626.9052418031914,0.005192865287087672
1071,2021-01-31,731.0,80.0,43.57346,40.0,4.321,1.4043334,89,12.780394,7.5333333,2.7102566,0.59129256,0,0,C,O,2,NV,0,355184.7,0.023089811274535396,593.9898463857733,0.016518690419435544
1191,2023-01-31,743.0,84.95951,75.00008,26.0,3.767,-2.6663334,33,12.457524,4.3,-0.45833302,3.4743032,0,0,P,O,1,OH,0,257178.19,0.005454527697630536,633.5262065351803,0.004554835836870597
1206,2022-01-31,820.0,80.0,75.168304,28.0,2.693,-0.8236666,9,11.900727,5.258333,-1.875,6.288583,0,0,N,O,2,CA,0,147373.73,0.0013917198745592818,670.6036761895123,0.001401771296162245
1222,2020-07-31,717.0,81.56037,74.68644,24.0,4.322,1.0886667,19,11.567918,9.633333,5.0717945,2.5737188,0,0,P,O,2,CA,0,105653.29,0.02075469463647165,596.9400175544001,0.01747197401126604
1244,2021-01-31,769.0,80.0,78.422874,31.0,4.07,1.1533334,11,11.621543,6.0333333,2.7102563,0.38700014,1,0,P,O,2,TX,0,111473.586,0.004417159405348557,639.2635913724812,0.00416792369204386
1260,2021-01-31,696.0,70.146614,65.04507,26.0,4.378,1.461333,21,12.204874,7.133333,2.710256,0.509528,1,0,N,O,2,CA,0,199760.47,0.051893721484857255,571.263111113228,0.029705276304514236
1284,2023-07-31,651.0,81.34267,71.69257,14.0,3.781,-2.8523333,19,12.240965,4.8,-0.20833302,6.2885866,0,0,C,I,2,CA,0,207101.64,0.04105198939743637,577.9135617434915,0.06259516609561216
1319,2021-01-31,734.0,83.502686,79.01375,40.0,4.081,1.1643331,19,11.452772,6.0333333,2.7102563,0.38700014,0,0,P,O,2,TX,0,94161.99,0.013185916146600071,609.4253422837751,0.01691695716302788
1349,2023-07-31,767.0,89.21378,71.960556,31.0,2.942,-3.6913333,31,12.016546,4.8,-0.20833302,6.2885866,0,0,P,O,2,CA,0,165470.12,0.0035769317152282406,644.9967358864376,0.004301797560708033
1376,2022-01-31,758.0,80.0,76.4792,42.0,2.932,-0.5846667,8,11.1051235,4.1583333,-1.875,4.744165,0,0,P,O,1,TX,0,66511.055,0.008316277655170698,622.0333887709611,0.011063165004580053
1393,2021-07-31,699.0,86.93977,73.70552,34.0,4.754,1.7373335,35,12.388428,6.133333,-3.5,3.6216621,1,0,P,O,2,CA,0,240008.02,0.04623784179124694,574.5472692748898,0.029148997868102804
1421,2020-07-31,792.0,81.57959,61.767254,22.0,3.987,0.75366664,61,12.195763,9.333333,5.0717945,1.6396334,0,0,C,O,2,IL,0,197948.55,0.001031778285265692,678.712564904097,0.0009287068883149621
1447,2023-01-31,723.0,67.802124,60.80251,18.0,3.205,-3.2283335,21,11.913974,4.0,-0.4583335,4.2343664,0,0,C,O,1,PA,0,149338.92,0.004905237373362273,636.4138123550035,0.003718165125079122
1485,2021-07-31,768.0,67.35165,55.141342,39.0,4.444,1.4273331,39,12.197347,5.733333,-3.5000005,3.7692225,0,0,P,O,1,AZ,0,198262.34,0.004530429790880392,638.5752469347976,0.0039142442635059
1489,2023-07-31,746.0,80.0,56.699837,45.0,4.446,-2.187333,61,12.3809805,4.8,-0.20833302,6.2885866,0,0,P,O,2,CA,0,238227.33,0.007668078672716356,624.2472963558629,0.006268171993329022
1548,2023-01-31,728.0,80.0,72.445854,18.0,3.123,-3.3103335,15,11.918173,4.2,-0.4583335,6.0296116,0,0,P,I,1,FL,0,149967.4,0.005771038334896128,631.9910096784312,0.004039535778695092
1566,2021-07-31,754.0,74.0779,60.18385,10.0,4.469,1.4523332,41,12.354418,6.133333,-3.5,3.6216621,0,0,C,O,2,CA,0,231982.62,0.0031610359855136242,648.3533142495539,0.002982361942720057
1568,2022-01-31,781.0,80.0,78.299355,19.0,3.054,-0.46266675,4,12.301802,4.858333,-1.875,4.4889507,0,0,P,O,2,NY,0,220092.12,0.002102155309456905,659.4225238039799,0.0016978859341691998
1662,2023-01-31,759.0,80.0,71.22633,30.0,3.028,-3.4053333,25,12.501151,4.3,-0.45833302,3.4743032,0,0,C,O,2,OH,0,268646.47,0.004434650730757263,639.156157144209,0.005106829353469042
1665,2020-01-31,796.0,80.0,75.12021,29.0,4.049,0.16566634,14,11.816847,4.123077,-0.27692318,3.6427193,0,0,C,O,1,IL,0,135516.19,0.0009874207318419834,679.903044655652,0.0012492403500188693
1668,2023-07-31,813.0,83.11061,71.93352,22.0,2.748,-3.8853333,27,12.305243,4.0,-0.20833349,4.2343664,0,0,P,O,1,PA,0,220850.83,0.0005030088178996796,698.1706516053281,0.0006900174112650012
1673,2021-01-31,748.0,80.0,78.788574,34.0,3.618,0.7013333,6,12.725309,7.5333333,2.7102566,0.59129256,0,0,C,S,2,NV,0,336148.8,0.018272428097711138,600.4559504669132,0.014687989061168255
1708,2021-01-31,705.0,80.0,78.76579,41.0,3.924,1.0073333,8,12.1610155,6.733333,2.710256,0.366599,0,0,P,O,1,NY,0,191188.48,0.05086011893681383,571.8370964317769,0.021316133119581946
1712,2021-01-31,739.0,67.6466,62.22756,19.0,4.282,1.3653333,26,11.694011,6.8333335,2.7102566,0.32579577,0,0,P,O,2,IL,0,119851.766,0.005998527797506081,630.9384591644166,0.003715417703413225
1714,2020-01-31,790.0,80.0,62.901558,41.0,4.315,0.4316666,47,11.989097,4.023077,-0.27692318,4.1072965,0,0,P,O,2,NY,0,160989.81,0.0010244813229341343,678.904846529966,0.001595509474028584
1722,2022-01-31,732.0,80.0,74.21153,27.0,3.03,-0.48666668,11,12.2645035,5.258333,-1.875,6.288583,0,0,P,O,2,CA,0,212034.25,0.01469209617846736,606.4567293792155,0.008869221270661653
1730,2022-01-31,780.0,80.0,76.83626,33.0,3.322,-0.19466662,6,11.965155,5.258333,-1.875,6.288583,0,0,C,O,2,CA,0,157181.14,0.004776383415068023,637.1377609388519,0.00543474126408791
1760,2020-07-31,718.0,80.0,57.29806,44.0,4.317,1.0836666,68,11.482124,9.233334,5.071795,1.8464669,0,0,P,O,2,NY,0,96966.88,0.03178677260489821,585.0965208902297,0.059393755910605486
1760,2021-07-31,718.0,80.0,54.522263,44.0,4.317,1.3003333,80,11.458082,5.733333,-3.5000005,2.594572,0,0,P,O,2,NY,0,94663.33,0.018708049107795634,599.8062899619757,0.041359012699457604
1782,2022-01-31,730.0,77.06042,74.55554,43.0,3.007,-0.5096667,5,12.45445,4.6583333,-1.875,6.029608,0,0,C,O,1,FL,0,256388.55,0.02031504671167976,597.5316274022027,0.015960617895901134
1784,2023-01-31,683.0,61.44619,53.769028,31.0,3.365,-3.0683334,24,12.670179,3.7,-0.45833325,4.7441583,0,0,C,I,2,TX,0,318118.62,0.016882506907690453,602.6354315012269,0.019043438325159846
1821,2020-01-31,711.0,69.801025,37.921593,36.0,4.238,0.35466647,90,12.221265,4.423077,-0.2769227,5.7497625,0,0,C,O,2,CA,0,203061.67,0.013359460216295567,609.0667054344169,0.010123573124250346
1824,2023-01-31,708.0,80.0,71.32841,32.0,3.382,-3.0513334,17,12.566822,4.8,-0.45833302,6.2885814,0,0,P,O,2,CA,0,286880.66,0.01785550868446134,601.0921154451524,0.02505834742272688
1859,2023-01-31,808.0,80.0,68.5308,31.0,2.825,-3.6083333,20,12.204963,5.2,-0.4583335,7.330827,0,0,P,O,1,NV,0,199778.2,0.0012233251465070382,674.0986441002352,0.0010477767449273987
1894,2020-07-31,830.0,88.78149,63.627743,39.0,3.64,0.40666676,54,12.553202,9.633333,5.0717945,2.5737188,0,0,C,I,1,CA,0,282999.75,0.0033675358445116248,646.6350457062381,0.0012255969536096038
1904,2022-07-31,803.0,80.0,71.80183,26.0,2.796,-2.937333,14,11.760117,5.4083333,-1.125,7.330828,0,0,N,O,1,NV,0,128042.41,0.0013440099812246976,671.5490394851195,0.0013466969526779449
1937,2023-01-31,673.0,80.0,69.19082,35.0,3.941,-2.4923334,31,12.17073,3.7,-0.45833325,4.7441583,0,0,P,O,1,TX,0,193054.88,0.07381137805874266,561.0949918363018,0.03608151464146336
1965,2021-01-31,738.0,80.0,77.62778,33.0,4.135,1.2183335,14,12.519333,6.5333333,2.7102563,0.48909307,0,0,P,O,1,FL,0,273575.56,0.012704374497397912,610.4454126791004,0.011421934915993647
1988,2023-07-31,729.0,80.0,72.33277,38.0,3.492,-3.141333,19,12.0729,4.4,-0.20833302,4.4889503,0,0,P,O,1,NY,0,175062.72,0.014105853527905056,607.5748763692403,0.011005886091928863
2016,2023-07-31,781.0,96.333275,65.02102,40.0,3.949,-2.6843333,78,12.52031,3.7,-0.20833325,4.744168,0,0,P,O,1,TX,0,273843.03,0.0035864211963970534,644.9247728081568,0.0015455946584008104
2023,2021-07-31,711.0,93.546684,88.653915,22.0,3.363,0.34633327,11,11.865931,6.133333,-3.5,3.6216621,0,0,C,O,2,CA,0,142333.89,0.028892247688682416,587.76131612851,0.020196233966701616
2030,2020-07-31,738.0,80.25414,69.281425,43.0,4.396,1.1626666,28,12.231052,9.633333,5.0717945,2.5737188,0,0,P,O,1,CA,0,205058.83,0.023968742308271486,592.9543910211577,0.026068849958121657
2106,2021-07-31,722.0,75.18741,74.77597,35.0,3.322,0.30533338,1,11.671198,5.4333334,-3.5,2.7406642,0,0,P,O,1,GA,0,117148.516,0.01750163659301168,601.6436272489744,0.013394225891239746
2137,2020-07-31,710.0,73.37052,68.71919,39.0,4.334,1.1006668,20,13.106165,9.133333,5.0717945,1.4332186,0,0,C,O,2,OH,0,491966.03,0.05437054447994818,569.9304555743802,0.05198133592168901
2153,2021-01-31,772.0,80.1696,78.14488,30.0,3.652,0.7353332,13,12.691784,7.133333,2.710256,0.509528,0,0,P,O,1,CA,0,325066.2,0.0070912940947706685,626.3793947373647,0.006388889583101768
2210,2022-07-31,757.0,80.0,75.24303,41.0,3.15,-2.583333,11,12.650545,3.9083333,-1.125,4.7441654,0,0,P,O,1,TX,0,311933.3,0.00674328719440129,627.750757880685,0.0064532526855110624
2230,2021-01-31,764.0,80.0,76.48438,30.0,4.03,1.1133335,16,12.345312,6.733333,2.710256,0.5299534,0,0,P,O,2,AZ,0,229879.77,0.006108661493399692,630.4430650020971,0.0053973544224709515
2285,2021-07-31,746.0,69.45363,68.97276,39.0,3.191,0.17433333,1,11.980486,5.733333,-3.5000005,3.7692225,0,0,P,O,1,AZ,0,159609.52,0.012596551049852116,610.6790453308156,0.0077680055107204864
2312,2023-01-31,787.0,68.540695,44.232307,34.0,3.437,-2.9963334,70,12.261406,4.4,-0.45833302,6.5481954,0,0,C,O,2,AZ,0,211378.64,0.0006896984538348383,689.622870929042,0.0019388342751210817
2352,2020-01-31,821.0,80.0,65.54791,50.0,4.061,0.17766643,30,12.465545,4.023077,-0.27692318,5.986506,0,0,P,O,1,AZ,0,259249.1,0.0016450801150495894,666.0703555679623,0.0012097748515989052
2362,2021-01-31,732.0,76.7773,75.85698,40.0,3.321,0.40433335,5,11.835822,6.0333333,2.7102563,0.38700014,0,0,P,O,1,TX,0,138112.28,0.021269288322818374,596.2629434780231,0.014715735511265524
2370,2020-01-31,752.0,60.388763,60.30068,30.0,3.931,0.04766655,1,12.395915,4.023077,-0.27692318,4.1072965,0,0,P,O,2,NY,0,241811.77,0.0037456045848721082,643.7450991555718,0.0022828015583381727
2430,2022-07-31,692.0,68.161156,64.158424,32.0,3.363,-2.3703332,9,12.620729,5.008333,-1.125,6.28858,0,0,N,O,2,CA,0,302770.22,0.028624599760442335,588.02065621759,0.03316930753435382
2454,2021-01-31,766.0,80.0,68.40613,35.0,4.453,1.5363333,34,12.748357,6.5333333,2.7102563,0.48909307,0,0,C,O,1,FL,0,343986.25,0.005278978666763772,634.4163447177415,0.005895809285446272
2456,2021-07-31,773.0,80.0,76.824684,44.0,3.207,0.19033337,8,12.238567,5.0333333,-3.5000005,2.7406642,0,0,C,O,2,TX,0,206605.7,0.006429572157031607,629.0486298185097,0.0044315585643293085
2511,2023-07-31,800.0,83.04565,66.53498,35.0,3.555,-3.0783331,52,12.24299,4.5,-0.20833349,3.9803836,0,0,P,O,1,IL,0,207521.36,0.0009639806690855046,680.5538963480145,0.00076792823036574
2535,2020-01-31,742.0,80.0,75.32711,38.0,4.089,0.20566678,9,12.783453,4.8230767,-0.27692318,6.6999164,0,0,P,O,2,NV,0,356273.0,0.010836446762112328,614.8006205451182,0.010204880329866198
2593,2022-07-31,754.0,95.28369,83.104744,25.0,3.181,-2.552333,23,12.6295,5.008333,-1.125,6.28858,0,0,N,O,2,CA,0,305437.5,0.006841232560296148,627.3578126276711,0.005170142480329245
2722,2023-07-31,732.0,80.0,61.15337,49.0,4.751,-1.8823333,59,11.301654,4.1,-0.20833349,4.744168,0,0,P,I,1,GA,0,80955.445,0.013999394730933134,607.7828304776269,0.011483706700086029
2731,2023-07-31,700.0,96.75424,83.023705,35.0,3.434,-3.1993332,22,12.414988,4.4,-0.20833302,6.548197,0,0,P,O,1,AZ,0,246468.03,0.041155727998650735,577.8423286980415,0.022346848935729184
2732,2020-07-31,828.0,80.0,60.653446,48.0,3.704,0.47066665,45,11.941503,9.233334,5.071795,2.6780384,0,0,C,S,2,AZ,0,153507.12,0.003468263668875109,645.8346524022619,0.0014460723336176386
2758,2021-01-31,751.0,70.3084,68.804085,39.0,3.826,0.9093332,11,11.582427,6.5333333,2.7102563,0.48909307,0,0,C,O,2,FL,0,107197.414,0.010505976490816634,615.6478624500028,0.010014795285209412
2762,2020-01-31,722.0,93.564156,87.06568,40.0,3.826,-0.05733347,12,12.717673,3.823077,-0.27692294,5.5135503,0,0,P,O,1,FL,0,333591.84,0.026295295002655483,590.3825896258802,0.01604668160424509
2902,2023-01-31,711.0,61.13387,52.800495,41.0,3.344,-3.0893333,21,11.864515,4.4,-0.45833302,6.5481954,0,0,P,O,2,AZ,0,142132.61,0.016004619129260437,604.1048325647846,0.011649328598123225
2926,2023-01-31,698.0,80.31032,66.61137,37.0,4.358,-2.0753336,37,12.455507,4.4,-0.45833302,6.5481954,0,0,C,O,2,AZ,0,256660.05,0.023917700621394294,593.013501242198,0.017930256636875676
2968,2023-01-31,766.0,89.784294,80.15672,24.0,2.934,-3.4993334,20,12.621881,3.7,-0.45833325,4.7441583,0,0,C,O,1,TX,0,303118.84,0.0028028989135716444,651.6173862123248,0.0032033743736262334
2996,2021-07-31,737.0,89.8969,86.43369,29.0,3.342,0.32533336,10,11.930169,5.8333335,-3.4999995,2.302998,0,0,P,O,2,IL,0,151777.27,0.013804863727736977,608.1668820437558,0.01287361949515706
2998,2023-01-31,790.0,83.396324,56.105873,42.0,4.073,-2.3603334,66,12.097159,4.4,-0.45833302,6.5481954,0,0,P,O,2,AZ,0,179361.62,0.0011837397055689525,674.9899666042676,0.001046504838443987
3034,2021-01-31,701.0,80.0,62.528137,45.0,4.047,1.1303332,46,11.825256,7.133333,2.710256,0.509528,1,0,P,O,1,CA,0,136660.69,0.07556215838242296,560.4093257041238,0.04520938455645963
3046,2022-01-31,734.0,65.91227,59.2492,31.0,4.268,0.7513335,30,11.444063,4.4583335,-1.875,4.23435,0,0,P,O,1,PA,0,93345.5,0.0057612574032421164,632.0371840586322,0.009569404117985283
3050,2020-07-31,747.0,89.821754,71.66519,38.0,3.864,0.63066673,39,13.195315,9.633333,5.0717945,2.5737188,0,0,P,O,1,CA,0,537839.25,0.02308688683492698,593.9933554357821,0.013011362526753292
3078,2023-01-31,724.0,80.0,70.192375,20.0,3.601,-2.8323333,27,12.066692,4.0,-0.4583335,4.2343664,0,0,N,O,1,PA,0,173979.5,0.00526927816813475,634.4663867726624,0.003654026825818314
3134,2020-07-31,760.0,80.0,79.32062,35.0,4.148,0.9146664,6,12.30316,8.933333,5.071795,1.950057,0,0,P,O,2,GA,0,220391.34,0.014314620965711941,607.1715283787661,0.009961136720694862
3183,2021-07-31,780.0,89.8447,86.85284,50.0,2.845,-0.17166662,6,12.395276,5.0333333,-3.5000005,2.7406642,1,0,P,O,2,TX,0,241657.28,0.010201651468378705,616.451727900418,0.007217421220386075
3201,2021-01-31,747.0,80.0,62.86817,20.0,4.266,1.349333,42,12.028238,7.5333333,2.7102566,0.59129256,0,0,P,O,2,NV,0,167416.23,0.006695381824779592,627.9450176402794,0.005274466410455155
3236,2020-01-31,740.0,92.42703,91.0963,13.0,4.011,0.12766671,3,12.280153,4.423077,-0.2769227,5.7497625,0,0,N,O,1,CA,0,215378.7,0.006851242739741429,627.317968112621,0.00481694139762791
3238,2023-01-31,735.0,80.0,69.326195,14.0,3.537,-2.8963335,28,11.881483,3.7,-0.45833325,4.7441583,0,0,P,I,2,TX,0,144564.8,0.003051316521056775,649.3123808548063,0.00256500349476434
3242,2023-01-31,679.0,96.7675,85.17457,46.0,3.557,-2.8763335,25,12.084732,4.0,-0.4583335,4.2343664,0,0,C,O,2,PA,0,177146.45,0.06382016096741484,565.3216997009068,0.09621757073154265
3261,2023-01-31,714.0,91.19786,71.58654,29.0,4.651,-1.7823334,54,12.559405,3.7,-0.45833325,4.7441583,0,0,P,O,1,TX,0,284760.84,0.01028187667912978,616.2375354095468,0.009324713755766444
3262,2020-01-31,728.0,80.0,75.73039,50.0,4.009,0.12566638,11,12.92588,3.323077,-0.27692294,4.340364,0,0,P,O,1,TX,0,410807.75,0.020020964974589054,597.9343964504753,0.012118369855754433
3263,2020-07-31,793.0,62.816208,48.55622,50.0,3.515,0.28166676,43,11.882789,9.633333,5.0717945,2.5737188,0,0,P,O,2,CA,0,144753.66,0.002614634267225773,653.5042680140532,0.0018469050170697562
3293,2020-07-31,830.0,70.59637,68.71484,33.0,3.514,0.2806666,10,12.429086,9.233334,5.071795,1.8464669,0,0,P,S,2,NY,0,249967.28,0.0027200913234573763,652.4312549216875,0.001133387884900858
3294,2023-07-31,684.0,83.50481,56.79305,32.0,4.883,-1.7503333,68,12.637081,4.8,-0.20833302,6.2885866,0,0,P,O,1,CA,0,307761.66,0.019002191468892315,599.3759627247164,0.016756593307506517
3308,2021-01-31,682.0,80.0,67.89622,29.0,4.886,1.9693334,35,12.408643,7.133333,2.710256,0.509528,0,0,C,O,1,CA,0,244909.16,0.055550327179615236,569.3156855308869,0.020541958651572694
3323,2021-07-31,674.0,94.36025,92.42754,33.0,3.39,0.37333345,3,11.964968,5.733333,-3.5000005,3.7692225,1,1,P,O,1,AZ,1,157151.84,0.2132034713924363,527.9726882376567,0.7576269076590737
3329,2023-07-31,808.0,80.0,67.80688,22.0,2.951,-3.6823332,29,12.992842,3.7,-0.20833325,4.744168,0,0,C,O,2,TX,0,439257.7,0.0005030088178996796,698.1706516053281,0.000677800047614776
3377,2023-01-31,761.0,71.154495,64.2385,28.0,3.214,-3.2193334,19,12.025613,4.4,-0.45833302,4.488958,0,0,C,O,2,NY,0,166977.31,0.0037873456844281328,643.444029403628,0.005609887244784054
3398,2022-01-31,720.0,80.0,74.58647,35.0,3.107,-0.40966654,13,11.968202,4.858333,-1.875,4.4889507,0,0,P,O,1,NY,0,157660.89,0.016547589518364162,603.1869499276922,0.019876128283502395
3531,2020-01-31,680.0,80.0,79.11852,46.0,4.235,0.3516667,3,11.612622,3.623077,-0.27692318,3.8747516,0,0,C,O,2,PA,0,110483.58,0.048176885347958685,573.3803718269475,0.047687073569962865
3568,2023-01-31,759.0,94.9487,81.92014,39.0,3.44,-2.9933333,30,12.693309,4.1,-0.4583335,4.7441583,1,0,P,O,2,GA,0,325562.06,0.00800121238198356,623.0872504571448,0.005067134203222819
3624,2021-07-31,656.0,64.78579,62.17346,33.0,3.752,0.73533344,11,12.14095,5.3333335,-3.4999995,2.448673,0,0,P,O,2,PA,0,187390.55,0.10271726805584126,551.2930383587166,0.0745286779953544
3639,2023-07-31,826.0,89.69142,47.134167,50.0,3.903,-2.730333,121,11.990711,4.4,-0.20833302,4.4889503,0,0,C,O,2,NY,0,161249.97,0.0015677125118008263,667.3761762958327,0.0011434168525193637
3665,2020-01-31,758.0,80.0,64.57378,39.0,4.108,0.22466636,45,12.2005825,4.123077,-0.27692318,3.6427193,2,1,P,O,1,IL,1,198904.89,0.004760817125401531,637.2265308062795,0.1102198427387052
3727,2023-07-31,731.0,88.4278,70.15835,35.0,4.155,-2.478333,44,13.334706,4.8,-0.20833302,6.2885866,0,0,P,O,1,CA,0,618285.94,0.013393807507659478,608.9962702653477,0.007290233918815593
3728,2020-01-31,697.0,92.954765,70.25192,42.0,4.591,0.70766664,55,11.459282,4.023077,-0.27692318,4.1072965,0,0,P,I,1,NY,0,94777.01,0.04498609913327846,575.3255429159059,0.02668361230601434
3731,2023-01-31,714.0,80.0,68.40192,38.0,3.25,-3.1833334,23,12.145464,4.8,-0.45833302,6.2885814,1,0,P,O,2,CA,0,188238.22,0.0143924039631274,607.0227288960248,0.022276185654596988
3765,2020-01-31,745.0,80.0,63.700375,33.0,3.949,0.06566644,36,11.254607,3.823077,-0.27692294,5.5135503,1,0,N,O,2,FL,0,77234.945,0.006142281289550763,630.2936066631072,0.005019119641252844
3801,2021-07-31,724.0,82.367226,78.54534,27.0,3.761,0.74433327,15,12.006123,5.3333335,-3.4999995,2.448673,0,0,P,O,2,PA,0,163754.4,0.015248111706526797,605.4361261278477,0.011324764740368315
3837,2022-07-31,707.0,63.395084,58.476883,42.0,3.384,-2.349333,12,12.6277075,5.008333,-1.125,6.28858,0,0,P,I,2,CA,0,304890.22,0.03244522479941699,584.5232111763196,0.040939975470197634
3842,2021-07-31,788.0,80.0,76.78468,44.0,2.984,-0.032666683,8,12.556343,5.0333333,-3.5000005,2.7406642,0,0,P,O,1,TX,0,283890.28,0.002333950048335826,656.5853497440934,0.003750208257098658
3847,2023-07-31,786.0,72.475784,62.852848,25.0,3.314,-3.3193333,21,12.508077,4.8,-0.20833302,6.2885866,0,0,C,O,1,CA,0,270513.44,0.0019134024947720413,661.9738441076537,0.00182332993480041
3856,2021-01-31,756.0,95.778175,94.5925,25.0,3.468,0.5513332,6,12.465446,6.633333,2.7102563,0.2850178,0,0,N,O,1,OH,0,259223.72,0.01440307021078431,607.0023860917569,0.009351336483966792
3880,2023-01-31,760.0,80.0,69.522484,37.0,3.191,-3.2423334,25,11.644234,3.7,-0.45833325,4.7441583,1,0,P,O,2,TX,0,114031.91,0.0051608762019652865,635.0319196387685,0.004736849690933725
3896,2023-01-31,737.0,84.16464,67.53927,33.0,3.95,-2.4833333,42,12.1181,4.8,-0.45833302,6.2885814,0,0,N,O,1,CA,0,183157.19,0.006187058483293856,630.0958051628435,0.0032616782374769253
3908,2021-07-31,719.0,80.0,57.66818,21.0,4.418,1.4013336,75,11.578686,5.8333335,-3.4999995,2.302998,0,0,P,O,1,IL,0,106797.08,0.006982923337756086,626.7991425284324,0.007218843691975848
3910,2023-07-31,743.0,88.96589,78.28437,43.0,3.351,-3.2823331,23,12.318723,3.7,-0.20833325,4.744168,0,0,N,O,2,TX,0,223848.02,0.013276761717975864,609.2370288207194,0.010218270653956195
3913,2022-07-31,789.0,93.03666,85.52739,37.0,2.84,-2.8933332,18,12.300311,4.508333,-1.125,3.4743087,0,0,P,O,2,OH,0,219764.31,0.0019053812553338088,662.0877568080101,0.00607358274468567
3965,2021-01-31,794.0,60.56199,58.593155,28.0,3.768,0.85133314,15,12.256723,6.8333335,2.7102566,0.32579577,0,0,P,O,2,IL,0,210391.14,0.0016260703925819252,666.3854321296785,0.0013832558402144248
3981,2020-01-31,795.0,92.611496,72.95784,39.0,3.584,-0.29933333,36,11.485323,4.423077,-0.2769227,5.7497625,0,0,C,O,1,CA,0,97277.46,0.0018701788586663664,662.5934057416532,0.0011454983786870967
3982,2023-01-31,744.0,91.69872,84.33376,31.0,3.172,-3.2613335,15,11.923611,3.7,-0.45833325,4.7441583,1,0,C,O,2,TX,0,150785.0,0.008669503873939315,620.8979630886487,0.006708129212094522
3985,2023-01-31,750.0,84.61218,73.35141,35.0,4.037,-2.3963332,40,11.482306,4.3,-0.45833302,3.4743032,1,0,P,O,1,OH,0,96984.41,0.005977331029354783,631.0348413651192,0.0044671697016171125
4063,2020-07-31,726.0,80.0,59.282425,27.0,4.358,1.1246665,62,12.640699,9.233334,5.071795,1.8464669,0,0,P,O,1,NY,0,308877.3,0.018428363774587838,600.2216672446015,0.019919682830982915
4113,2023-01-31,758.0,80.0,67.41429,32.0,3.15,-3.2833333,25,13.121213,4.8,-0.45833302,6.2885814,0,0,N,O,1,CA,0,499425.28,0.004752905772248696,637.2717576463261,0.00512401210858392
4131,2022-07-31,830.0,75.784485,70.72566,37.0,2.749,-2.984333,10,12.157006,5.008333,-1.125,6.28858,0,0,C,O,1,CA,0,190423.53,0.0014354553480231487,669.7650756906095,0.0011410277906621661
4187,2020-07-31,761.0,80.0,73.47808,49.0,4.032,0.7986667,22,12.57542,8.833333,5.0717945,1.7430038,2,0,P,O,2,PA,0,289358.06,0.022333259986841787,594.9124250851805,0.02289765458584063
4241,2022-01-31,697.0,80.0,49.244843,39.0,4.411,0.8943331,83,11.737117,4.6583333,-1.875,6.029608,0,0,P,O,2,FL,0,125131.01,0.02567048586496092,591.0507931760424,0.016249616414498493
4248,2023-07-31,728.0,94.91085,75.97522,23.0,3.599,-3.0343332,35,11.860466,4.4,-0.20833302,6.548197,0,0,C,O,1,AZ,0,141558.23,0.010083385606958485,616.7705444510335,0.004972571389983515
4255,2023-01-31,679.0,88.43646,51.375824,12.0,4.73,-1.7033334,109,11.733006,4.4,-0.45833302,4.488958,0,0,P,O,1,NY,0,124617.61,0.0117194449644107,612.6563965233124,0.015695294609174206
4276,2020-07-31,680.0,80.0,79.65777,16.0,4.077,0.8436668,3,11.880726,8.533334,5.0717955,1.950057,0,0,N,O,2,TX,0,144455.38,0.03590129769270502,581.6869237187199,0.021944406687432978
4288,2023-01-31,822.0,60.827744,55.389675,35.0,2.851,-3.5823333,14,12.892293,4.2,-0.4583335,6.0296116,0,0,P,O,2,FL,0,397238.66,0.0008893087805455692,682.7380165165948,0.00087958054838458
4290,2021-01-31,734.0,80.54944,79.257545,39.0,3.633,0.71633315,8,13.000725,6.733333,2.710256,0.366599,0,0,N,O,1,NY,0,442733.97,0.01799414846338474,600.8789654586758,0.010594335049133782
4290,2022-07-31,734.0,80.54944,72.019196,39.0,3.633,-2.1003332,26,12.970821,4.608333,-1.125,4.48896,0,0,N,O,1,NY,1,429690.8,0.008838344610567801,620.3713381909267,0.00990681928909423
4309,2022-07-31,667.0,80.0,70.481346,22.0,3.704,-2.029333,19,12.018789,5.008333,-1.125,6.28858,0,0,C,O,2,CA,0,165841.77,0.0512231305449149,571.6342601386017,0.07214030145412284
4335,2020-01-31,737.0,86.6577,84.26373,25.0,4.035,0.1516664,6,12.727747,3.323077,-0.27692294,4.340364,0,0,P,O,1,TX,0,336969.1,0.005229495885648717,634.6725750754966,0.005393176000573802
4344,2021-07-31,716.0,95.62341,93.1126,37.0,3.24,0.22333336,5,12.565579,5.733333,-3.5000005,2.594572,0,0,C,O,2,NY,0,286524.5,0.03659900891643024,581.1464065036822,0.06665739499336182
4368,2023-01-31,754.0,80.0,69.81171,30.0,2.971,-3.4623334,24,12.057982,4.1,-0.4583335,4.7441583,0,0,N,O,2,GA,0,172470.69,0.004434650730757263,639.156157144209,0.006995269512696993
4450,2021-01-31,670.0,80.0,78.9899,21.0,3.943,1.0263333,6,12.200125,6.4333334,2.7102566,0.38700014,0,0,P,O,2,GA,0,198813.86,0.0707767857648182,562.3197251806648,0.047680932086685675
4454,2020-01-31,807.0,69.58454,37.701454,46.0,3.939,0.055666447,87,12.13462,4.023077,-0.27692318,5.986506,0,0,C,O,1,AZ,0,186207.97,0.0011430414182585617,675.937938490893,0.0009499515378037258
4459,2022-01-31,772.0,87.263306,86.08142,28.0,2.95,-0.5666666,2,13.06019,5.258333,-1.875,6.288583,0,0,C,O,2,CA,0,469859.88,0.005546388819168888,633.0717070557673,0.005467130239016477
4461,2020-01-31,682.0,66.282,55.002625,32.0,4.16,0.2766664,43,12.416028,3.9230769,-0.27692294,3.1802256,0,0,P,O,1,OH,0,246724.69,0.017488001831861458,601.6650955816446,0.018823139090260715
4462,2021-07-31,692.0,75.57695,71.91189,30.0,3.541,0.52433324,8,11.551032,5.733333,-3.5000005,3.7692225,0,0,P,O,2,AZ,0,103884.15,0.037974269815640824,580.1094099076684,0.026497657237236016
4485,2022-01-31,781.0,65.579636,60.861126,37.0,3.064,-0.45266676,14,12.989916,4.1583333,-1.875,4.744165,0,0,P,O,2,TX,0,437974.25,0.0029293342391098413,650.4198561723925,0.004305357627642208
4558,2020-07-31,769.0,67.61331,41.225685,32.0,4.095,0.86166644,95,11.808349,9.233334,5.071795,1.8464669,0,0,P,O,2,NY,0,134369.53,0.004220012341233809,640.5046678256449,0.005493705806273797
4559,2022-07-31,791.0,80.0,73.71144,35.0,2.903,-2.830333,15,12.442545,4.608333,-1.125,4.48896,0,0,C,O,2,NY,1,253354.53,0.0013241070986456376,671.953358315042,0.003872809984440188
4589,2023-07-31,679.0,73.56109,59.7933,26.0,3.013,-3.6203332,30,13.175387,4.8,-0.20833302,6.2885866,0,0,P,O,2,CA,0,527227.6,0.020392695365208706,597.4262340378152,0.0400213808323055
4642,2021-07-31,752.0,95.513626,90.39374,31.0,3.051,0.034333467,8,13.227678,6.5333333,-3.5000005,4.213172,0,0,P,O,1,NV,0,555530.1,0.01574728426140745,604.5506052448507,0.013615512348422844
4650,2020-07-31,645.0,71.72015,66.67063,48.0,4.291,1.0576665,17,12.206801,9.033334,5.0717955,2.4695024,0,0,C,O,2,FL,0,200145.88,0.25287436866289714,521.954095087124,0.33821754467266485
4687,2020-01-31,695.0,80.0,75.31535,34.0,3.972,0.08866644,12,12.92402,3.323077,-0.27692294,4.340364,0,0,N,O,2,TX,1,410044.1,0.02999027749301375,586.7212048402857,0.029289299958348978
4690,2021-01-31,716.0,67.09817,57.492,14.0,4.483,1.566333,41,11.93549,6.8333335,2.7102566,0.32579577,2,0,C,O,1,IL,0,152586.86,0.009116723538965118,619.5244514082493,0.005558660866344328
4694,2022-07-31,710.0,66.161255,54.97773,39.0,4.302,-1.4313331,43,12.134974,3.9083333,-1.125,4.7441654,0,0,P,O,2,TX,0,186274.0,0.01669514410263244,602.9426276443938,0.011103435622726083
4723,2022-01-31,787.0,92.53119,89.600006,26.0,2.956,-0.56066656,7,12.374316,4.758333,-1.875,3.474294,0,0,P,O,1,OH,0,236645.0,0.0019884446389766214,660.9306584633141,0.0033720846107396984
4795,2023-01-31,817.0,60.835537,56.523186,34.0,2.896,-3.5373335,13,12.700422,3.7,-0.45833325,4.7441583,0,0,P,O,1,TX,0,327886.2,0.0008893087805455692,682.7380165165948,0.0007752001653829228
4818,2023-01-31,807.0,73.06092,44.23471,25.0,3.666,-2.7673335,81,12.3959055,4.8,-0.45833302,6.2885814,0,0,P,O,2,CA,0,241809.47,0.0004871332467653383,699.0390303254735,0.0006716215711322113
4879,2021-07-31,830.0,90.24851,86.71608,37.0,2.995,-0.021666765,9,12.7013235,5.3333335,-3.4999995,2.448673,0,0,P,O,2,PA,0,328181.88,0.0025108007371518093,654.60379432421,0.0026739841235728177
4886,2020-07-31,789.0,67.10354,52.024445,50.0,3.763,0.52966666,43,12.471635,9.633333,5.0717945,2.5737188,0,0,C,O,2,CA,0,260832.75,0.0028607494316378133,651.0629102948164,0.003880959659675475
4899,2020-01-31,733.0,80.0,51.185455,36.0,3.817,-0.06633353,68,11.611565,3.823077,-0.27692294,5.5135503,0,0,P,O,2,FL,0,110366.76,0.00783630585803555,623.6553757274089,0.004253708426537275
4938,2023-01-31,746.0,83.51912,77.702156,15.0,3.371,-3.0623333,16,12.835734,4.3,-0.45833302,3.4743032,0,0,P,O,2,OH,0,375395.22,0.003342583873691589,646.837003760575,0.0027628322038722947
4969,2022-01-31,696.0,80.0,51.726406,20.0,4.802,1.2853334,77,11.919554,4.6583333,-1.875,6.029608,0,0,P,O,1,FL,0,150174.61,0.010682225478891316,615.1927769399484,0.011549325176934683
5043,2023-07-31,759.0,80.0,62.236336,35.0,3.662,-2.9713333,47,11.736965,4.2,-0.20833349,6.029608,0,0,P,I,1,FL,0,125112.12,0.003912408617928603,642.5613762764651,0.003474069774570466
5096,2020-01-31,768.0,89.898315,77.63555,43.0,4.577,0.6936667,21,12.263442,4.8230767,-0.27692318,6.6999164,0,0,C,S,2,NV,0,211809.36,0.008211755859645928,622.378548732134,0.006387797861124258
5119,2021-07-31,772.0,80.0,76.4333,40.0,3.357,0.34033346,7,11.996075,5.5333333,-3.5000005,3.4743047,0,0,C,O,1,FL,0,162117.25,0.006227720790740843,629.9174096766636,0.0062756507929436585
5134,2022-07-31,771.0,84.607056,74.76624,39.0,2.98,-2.753333,18,12.622677,5.008333,-1.125,6.28858,0,0,P,O,1,CA,0,303360.34,0.005032449558556603,635.7174177596594,0.004011489150643039
5187,2020-01-31,725.0,80.0,55.143482,36.0,3.841,-0.042333364,67,12.005488,3.7230768,-0.27692318,4.340364,0,0,P,O,2,GA,0,163650.47,0.00880342907389844,620.4794193415892,0.0037379490231940747
5193,2022-01-31,709.0,80.0,42.79379,26.0,4.319,0.8023331,117,12.031416,4.1583333,-1.875,4.744165,0,0,P,O,2,TX,0,167948.98,0.011666619040767809,612.7801119627351,0.008064679343415777
5200,2021-07-31,723.0,80.0,79.56243,30.0,3.331,0.31433344,1,12.786275,5.0333333,-3.5000005,2.7406642,0,0,P,O,2,TX,0,357279.97,0.014739022634876676,606.3691352921945,0.007390930198399054
5202,2021-01-31,760.0,79.18026,59.292725,43.0,4.312,1.395333,72,11.79037,6.633333,2.7102563,0.2850178,0,0,C,S,1,OH,0,131975.34,0.01238744317899719,611.1378237323661,0.008436176640714887
5312,2020-07-31,761.0,80.0,77.312485,33.0,3.955,0.7216666,12,12.069995,9.333333,5.0717945,1.6396334,0,0,C,O,1,IL,0,174554.95,0.01399847375765138,607.7846362780137,0.011527162162310221
5322,2022-01-31,700.0,84.264,76.63506,35.0,3.629,0.1123333,18,11.316482,5.258333,-1.875,6.288583,0,0,C,I,2,CA,0,82164.72,0.043203279314592766,576.47041754272,0.03411088872469062
5332,2022-01-31,761.0,87.52092,82.7928,30.0,3.204,-0.31266665,10,11.9644165,4.1583333,-1.875,4.744165,0,0,P,I,2,TX,0,157065.25,0.007238192486388074,625.8204750736801,0.006135584760753641
5336,2020-01-31,741.0,90.131516,57.656303,25.0,3.769,-0.11433339,66,12.37771,4.423077,-0.2769227,5.7497625,0,0,C,O,2,CA,0,237449.6,0.004820415152628791,636.8882115701633,0.001435285453208286
5381,2022-07-31,776.0,89.05381,66.22494,33.0,3.947,-1.7863331,53,11.523549,5.008333,-1.125,6.28858,0,0,C,O,1,CA,0,101068.016,0.004450607176437191,639.0585176870115,0.003089690545822878
5392,2021-07-31,762.0,83.72258,76.01857,32.0,3.627,0.61033344,26,12.038677,5.0333333,-3.5000005,2.7406642,0,0,N,O,1,TX,0,169173.06,0.003657806691630153,644.3894289016375,0.0034106431628117416
5400,2023-07-31,689.0,80.0,63.18624,29.0,3.608,-3.0253332,32,12.559207,5.2,-0.20833349,7.330832,0,0,C,O,2,NV,0,284704.53,0.02575700889779631,590.9573225279132,0.02838771139380463
5407,2021-01-31,711.0,80.0,77.83481,36.0,4.198,1.2813332,14,12.130181,6.733333,2.710256,0.366599,0,0,P,O,1,NY,0,185383.42,0.043786728987462976,576.0908596039944,0.030422769734745236
5433,2020-07-31,738.0,80.731834,77.32035,34.0,4.001,0.7676666,12,11.925982,9.633333,5.0717945,2.5737188,0,0,P,O,2,CA,0,151143.08,0.0180722472284125,600.7596022875143,0.021189806280841366
5438,2021-07-31,676.0,80.0,51.404488,31.0,4.522,1.5053332,91,12.141953,5.733333,-3.5000005,2.594572,0,0,C,O,1,NY,0,187578.6,0.07474391097171044,560.7279414833321,0.023960086910735947
5523,2021-01-31,717.0,73.41575,63.28857,44.0,4.702,1.7853334,38,12.509699,6.733333,2.710256,0.366599,0,0,P,O,1,NY,0,270952.44,0.027845537237056562,588.7891566062514,0.030867339094012618
5523,2022-07-31,717.0,73.41575,57.541313,44.0,4.702,-1.031333,56,12.480364,4.608333,-1.125,4.48896,0,0,P,O,1,NY,0,263119.56,0.013281482501713366,609.2272779028955,0.01966796309470899
5527,2021-01-31,727.0,70.987526,59.791855,22.0,4.387,1.4703333,43,11.863914,6.3333335,2.7102566,0.34619996,0,0,P,O,2,PA,0,142047.1,0.007048712278498638,626.5435603958662,0.009478300493523868
5534,2022-01-31,766.0,80.0,74.41916,49.0,2.995,-0.52166677,14,12.48742,4.858333,-1.875,4.4889507,0,0,P,O,2,NY,0,264982.8,0.007028718807048955,626.620981228051,0.007474506095241172
5535,2020-01-31,700.0,82.61922,80.12433,39.0,4.155,0.27166677,5,11.485928,4.8230767,-0.27692318,6.6999164,0,0,P,O,1,NV,0,97336.32,0.044662234130733815,575.5302653059888,0.029137196575060902
5567,2020-01-31,725.0,80.0,78.14227,32.0,4.0,0.116666555,4,11.527967,4.8230767,-0.27692318,6.6999164,0,0,P,S,2,NV,0,101515.58,0.013809011005049549,608.1586387865735,0.013276603266926219
5643,2020-01-31,711.0,80.0,63.722645,26.0,4.012,0.12866664,34,11.940887,4.023077,-0.27692318,5.986506,0,0,C,O,2,AZ,0,153412.81,0.014539198999623517,606.7440552416994,0.011274818801121122
5662,2020-07-31,749.0,90.7525,69.96711,35.0,4.333,1.0996668,63,12.581024,9.133333,5.0717945,1.4332186,0,0,P,O,1,OH,0,290984.22,0.01889125932246736,599.5374829640024,0.011450477667012026
5764,2020-07-31,779.0,73.87924,52.841564,35.0,4.453,1.2196667,56,12.243742,9.633333,5.0717945,2.5737188,0,0,C,S,2,CA,0,207677.47,0.004967459518081267,636.0709742415579,0.007518708136459123
5797,2021-07-31,790.0,80.72019,76.52427,29.0,3.022,0.0053334236,11,12.472253,5.5333333,-3.5000005,3.4743047,0,0,N,O,2,FL,0,260994.14,0.0015782595239415263,667.1944218873233,0.002601444763962392
5806,2021-07-31,821.0,80.0,52.05846,35.0,4.073,1.0563333,74,11.316072,5.5333333,-3.5000005,3.4743047,0,0,P,O,2,FL,0,82131.1,0.0012514971280039552,673.4816870765828,0.0012126881164118031
5836,2020-07-31,689.0,92.979416,92.4605,14.0,4.209,0.97566676,4,11.782739,9.633333,5.0717945,2.5737188,0,0,N,O,1,CA,0,130971.945,0.06453872051681712,564.9979021420293,0.048577049787153465
5837,2021-01-31,744.0,80.0,78.27129,48.0,3.891,0.9743333,11,12.255703,6.733333,2.710256,0.5299534,1,0,P,O,1,AZ,0,210176.45,0.024883129976828143,591.915754826052,0.010464157408796495
5843,2023-07-31,775.0,85.51324,70.72758,45.0,3.243,-3.3903332,27,12.431902,4.4,-0.20833302,6.548197,0,0,C,O,1,AZ,0,250672.44,0.004199186492898736,640.6391268469397,0.006343626187468647
5855,2022-07-31,756.0,80.0,75.78022,37.0,3.278,-2.455333,11,11.963068,4.7083335,-1.125,3.9803867,0,0,C,O,2,IL,0,156853.61,0.00618153643415418,630.1201215550196,0.009226233214744046
5897,2021-01-31,781.0,65.8704,62.7014,38.0,3.682,0.7653332,18,12.676514,6.3333335,2.7102566,0.34619996,0,0,N,O,2,PA,0,320139.88,0.0056882849352403375,632.3841566731497,0.0042955629147050116
6006,2020-01-31,703.0,82.60375,78.349525,31.0,4.219,0.33566642,12,12.630733,4.123077,-0.27692318,3.6427193,0,0,P,O,2,IL,0,305813.94,0.025981915626474134,590.715778879184,0.017097480574208283
6092,2020-01-31,676.0,65.49443,63.343933,50.0,4.523,0.6396663,6,12.839336,4.423077,-0.2769227,5.7497625,0,0,C,O,1,CA,0,376749.62,0.12042835597240414,546.4482566116033,0.10392596118399823
6096,2022-01-31,770.0,86.73272,80.69731,20.0,3.252,-0.26466656,16,11.934048,4.4583335,-1.875,4.23435,0,0,P,O,2,PA,0,152367.0,0.0017531388161430698,664.345637201634,0.0021765571502299357
6119,2021-07-31,754.0,80.0,75.18766,50.0,4.1,1.0833333,17,12.120815,5.733333,-3.5000005,3.7692225,0,0,N,O,1,AZ,0,183655.16,0.01488333192573381,606.1014751590985,0.010939515303118293
6119,2022-07-31,754.0,80.0,69.239815,50.0,4.1,-1.6333332,29,12.101831,4.608333,-1.125,6.5481853,0,0,N,O,1,AZ,0,180201.55,0.009062301499712539,619.687980923056,0.008881462212261396
6153,2023-07-31,773.0,84.38775,64.9992,20.0,3.979,-2.654333,48,11.832973,4.8,-0.20833302,6.2885866,0,0,P,I,2,CA,0,137719.31,0.0011683230885569252,675.3451744028278,0.0009797251770938345
6163,2023-07-31,746.0,80.0,66.58494,20.0,3.457,-3.1763332,37,12.862447,4.1,-0.20833349,4.744168,0,0,P,O,1,GA,0,385558.0,0.0027456060094985086,652.1778813310615,0.0025458597478054588
6169,2023-01-31,754.0,96.945404,85.95262,37.0,3.145,-3.2883334,24,12.923626,4.5,-0.4583335,3.9803917,0,0,C,O,2,IL,0,409882.4,0.008224402417309434,622.3365553382465,0.014994999321138182
6184,2020-07-31,794.0,96.39944,78.03351,48.0,3.807,0.5736666,46,12.309909,8.833333,5.0717945,1.7430038,0,0,P,O,1,PA,0,221883.78,0.005151836809049777,635.0796106660634,0.0041377121437387735
6186,2022-07-31,752.0,80.0,73.61179,38.0,3.376,-2.3573332,12,12.254876,4.608333,-1.125,6.5481853,0,0,P,O,1,AZ,0,210002.75,0.007226020202046972,625.8663583828021,0.009661868686613126
6193,2020-01-31,732.0,67.506256,66.014145,49.0,4.299,0.41566634,5,12.095143,3.323077,-0.27692294,4.340364,0,0,C,O,2,TX,0,179000.45,0.017444528052568367,601.7336562702067,0.006626789479878949
6267,2020-01-31,649.0,84.201485,71.37019,31.0,4.213,0.32966638,34,12.701914,3.623077,-0.27692318,3.8747516,0,0,P,O,1,PA,1,328375.84,0.06648335749822283,564.1381470437742,0.0935869640739777
6349,2021-07-31,830.0,80.0,76.6147,32.0,2.961,-0.055666685,10,12.206447,5.733333,-3.5000005,2.594572,0,0,N,O,2,NY,0,200074.86,0.0016516813094805466,665.9617937464477,0.0012336526449948273
6361,2022-01-31,701.0,79.22808,77.13123,30.0,3.365,-0.15166664,4,12.241062,5.258333,-1.875,6.288583,0,0,P,O,1,CA,0,207121.73,0.03749717464595647,580.4650073470311,0.028477728348967377
6363,2023-07-31,766.0,80.03786,66.968285,47.0,3.026,-3.6073332,32,12.198139,4.1,-0.20833349,4.744168,0,0,N,O,1,GA,0,198419.52,0.004678168852381245,637.7027414026861,0.006157940625319747
6397,2022-07-31,724.0,61.21675,58.44131,34.0,3.685,-2.0483332,7,12.486161,5.008333,-1.125,6.28858,0,0,C,O,2,CA,0,264649.5,0.012601996420784786,610.6671990072705,0.011826685787155358
6399,2022-01-31,718.0,78.68852,69.05038,36.0,3.895,0.37833333,35,12.367409,4.9583335,-1.875,3.9803884,0,0,P,O,2,IL,0,235016.05,0.015478502450763452,605.0239267015864,0.012562330866612485
6447,2022-07-31,654.0,64.834465,47.994915,23.0,4.971,-0.7623329,77,12.788648,4.508333,-1.125,3.4743087,0,0,C,O,2,OH,0,358128.72,0.03744893060939783,580.5012071989455,0.06607507619848223
6452,2023-07-31,830.0,80.0,37.837353,37.0,3.52,-3.1133332,113,11.772656,4.8,-0.20833302,6.2885866,0,0,P,O,2,CA,0,129658.086,0.0007810895024846602,686.2526557741458,0.0007760902023870105
6467,2020-07-31,830.0,80.0,75.63818,29.0,3.535,0.30166674,17,12.134762,9.133333,5.0717945,1.4332186,0,0,P,O,1,OH,0,186234.48,0.002442061227969665,655.3569416153831,0.0011616227746279477
6520,2020-07-31,760.0,80.0,50.932064,41.0,3.507,0.27366662,72,12.5940485,9.033334,5.0717955,2.4695024,0,0,C,O,1,FL,0,294798.8,0.010164109712931404,616.5525334680939,0.004481838631354804
6523,2023-07-31,744.0,80.0,68.11748,40.0,3.107,-3.526333,21,12.971963,5.2,-0.20833349,7.330832,0,0,P,O,2,NV,0,430181.62,0.010049574113236315,616.8623726720554,0.010870685493514044
6568,2021-01-31,798.0,80.0,72.34323,48.0,3.835,0.9183333,27,11.801762,6.0333333,2.7102563,0.38700014,0,0,P,O,2,TX,0,133487.33,0.00285425830211883,651.1245657455819,0.002030316044714745
6667,2021-01-31,714.0,80.0,79.1791,32.0,3.402,0.4853332,4,12.8427105,6.0333333,2.7102563,0.38700014,0,0,P,O,2,TX,0,378023.22,0.01656673470417741,603.1551284986679,0.016882333641574255
6671,2020-01-31,747.0,80.0,79.4625,42.0,4.023,0.13966632,2,12.437147,3.7230768,-0.27692318,4.340364,0,0,P,O,2,GA,0,251990.53,0.010596525456717224,615.4131241562716,0.004252398693622712
6683,2022-01-31,734.0,80.0,61.61697,40.0,4.039,0.5223334,61,11.633784,4.9583335,-1.875,3.9803884,0,0,N,O,2,IL,0,112846.61,0.008362268598940398,621.8828746766715,0.006295334166800842
6687,2020-01-31,688.0,80.0,77.4209,24.0,4.25,0.36666656,6,12.01079,3.823077,-0.27692294,5.5135503,0,0,P,O,1,FL,0,164520.38,0.0202733039576834,597.5884484474568,0.018917354887086107
6703,2023-01-31,736.0,85.69534,70.81913,22.0,4.151,-2.2823334,38,12.478256,4.8,-0.45833302,6.2885814,0,0,C,O,1,CA,0,262565.56,0.0029430041942871002,650.2934818331785,0.0025496287819277773
6786,2023-07-31,825.0,80.0,64.84217,50.0,3.535,-3.0983331,47,13.266565,4.4,-0.20833302,4.4889503,0,0,P,S,2,NY,0,577558.6,0.0013470855084085607,671.4870953102926,0.0011401548442679542
6831,2020-01-31,739.0,80.0,75.78784,42.0,3.914,0.03066659,9,12.623817,4.423077,-0.2769227,5.7497625,0,0,P,O,1,CA,0,303706.62,0.011155570883087844,614.0063805984614,0.006189733390136631
6869,2023-01-31,820.0,82.28409,74.53664,42.0,2.823,-3.6103334,18,11.958218,4.4,-0.45833302,4.488958,0,0,P,O,2,NY,0,156094.69,0.0016784185101072005,665.5264655588203,0.0012112181210007995
6935,2023-01-31,710.0,69.23414,29.891521,31.0,4.276,-2.1573334,131,12.410525,4.2,-0.4583335,6.0296116,0,0,C,O,1,FL,0,245370.6,0.010312419166240648,616.1564247357085,0.008314270887419706
6950,2021-07-31,757.0,80.0,77.29675,41.0,3.281,0.26433325,7,12.707354,5.8333335,-3.4999995,2.302998,0,0,P,O,1,IL,0,330166.8,0.010583453581742284,615.4468887227532,0.008530348127574803
7042,2023-01-31,754.0,87.61073,77.52701,30.0,3.348,-3.0853333,22,12.004905,3.7,-0.45833325,4.7441583,0,0,P,O,1,TX,0,163555.03,0.006215582037361513,629.9705438695405,0.006040438423342575
7053,2022-07-31,754.0,84.31946,79.86379,48.0,3.246,-2.487333,11,11.46062,4.7083335,-1.125,3.9803867,0,0,P,O,1,IL,0,94903.92,0.009921644845441394,617.2126038288247,0.009626988109023736
7080,2020-07-31,714.0,88.1773,77.803116,50.0,4.759,1.5256665,31,12.01249,8.833333,5.0717945,1.7430038,0,0,C,O,2,PA,0,164800.34,0.061537638844460396,566.373286949152,0.0948552123465033
7113,2020-01-31,739.0,96.80807,81.28925,37.0,3.981,0.0976665,40,12.114725,3.9230769,-0.27692294,3.1802256,0,0,P,O,1,OH,0,182540.17,0.008256560393431294,622.2300612836922,0.004979537129717543
7165,2020-07-31,805.0,80.0,79.38394,48.0,3.658,0.42466664,5,12.263479,9.033334,5.0717955,2.4695024,0,0,P,O,1,FL,0,211817.2,0.004865687468758072,636.6339853859349,0.0016084288133487823
7174,2020-01-31,791.0,81.2635,53.464813,48.0,3.744,-0.13933349,62,11.400366,4.423077,-0.2769227,5.7497625,0,0,P,O,2,CA,0,89354.375,0.001294426543527774,672.5677233359967,0.0018796510779877033
7175,2021-07-31,764.0,80.0,78.92127,36.0,3.053,0.036333323,2,13.149041,6.133333,-3.5,3.6216621,0,0,P,O,2,CA,0,513518.3,0.005326758701063774,634.171188614294,0.003940530450685294
7181,2020-07-31,760.0,85.898254,62.61317,37.0,4.335,1.1016667,53,11.972883,9.633333,5.0717945,2.5737188,0,0,P,O,1,CA,0,158400.66,0.010231367584147307,616.372195395093,0.006880901854090085
7200,2020-07-31,730.0,80.0,59.991753,40.0,4.375,1.1416667,58,11.162055,8.533334,5.0717955,1.950057,1,0,N,O,1,TX,0,70407.516,0.026080034931636985,590.6110384260677,0.031020737984391592
7253,2023-07-31,757.0,81.616806,68.319336,31.0,3.072,-3.5613332,32,12.180519,4.1,-0.20833349,4.744168,0,0,N,O,2,GA,0,194954.0,0.004257549396254026,640.2639756804112,0.006399665208953987
7272,2020-01-31,771.0,95.582,92.91878,45.0,4.127,0.24366641,5,13.298152,4.023077,-0.27692318,5.986506,0,0,P,O,2,AZ,0,596092.9,0.00882924988282608,620.399450136095,0.013578630003681895
7309,2020-07-31,787.0,80.0,79.38684,26.0,3.685,0.4516666,5,12.69748,9.633333,5.0717945,2.5737188,0,0,C,O,2,CA,0,326922.94,0.002483688154534409,654.898368758446,0.003411260555050221
7316,2021-01-31,710.0,61.239025,50.58884,21.0,4.052,1.1353333,46,12.227378,6.3333335,2.7102566,0.34619996,0,0,P,I,2,PA,0,204306.7,0.009526828323293742,618.3223861723643,0.00830902085186329
7340,2020-01-31,710.0,80.0,79.047,42.0,4.114,0.2306664,3,12.173399,3.323077,-0.27692294,4.340364,0,0,C,O,1,TX,0,193570.84,0.03017371806397591,586.551047741477,0.016650751961645942
7340,2023-01-31,710.0,80.0,67.838905,42.0,4.114,-2.3193336,39,12.117056,3.7,-0.45833325,4.7441583,0,0,C,O,1,TX,0,182966.05,0.023691747425214123,593.2766594305326,0.008612129634723666
7371,2022-01-31,779.0,77.69439,69.88384,33.0,3.751,0.23433328,25,12.572859,5.258333,-1.875,6.288583,0,0,P,O,2,CA,0,288617.78,0.0045983659509437865,638.1705709971451,0.004316301030284676
7386,2022-07-31,776.0,87.12816,73.59507,33.0,3.739,-1.994333,39,12.744459,4.3083334,-1.125,4.7441654,0,0,C,O,2,GA,0,342648.06,0.003847318486626167,643.017195031691,0.004067483118927497
7388,2020-07-31,735.0,80.0,63.124878,47.0,4.145,0.91166663,50,12.610545,9.233334,5.071795,1.8464669,0,0,N,I,2,NY,0,299702.38,0.021133800177724617,596.4396436783986,0.028353304359623247
7399,2021-07-31,778.0,80.0,45.156345,43.0,4.321,1.3043334,95,11.955759,5.5333333,-3.5000005,3.4743047,0,0,P,O,2,FL,0,155711.31,0.004953441284237946,636.1478389885294,0.005634922071023405
7433,2020-01-31,830.0,80.0,78.24498,47.0,3.516,-0.3673334,4,12.355789,4.023077,-0.27692318,5.986506,0,0,C,O,1,AZ,0,232301.0,0.0019226046521723177,661.8437463163347,0.0010536543347886486
7433,2023-01-31,830.0,80.0,64.40665,47.0,3.516,-2.9173334,40,12.293302,4.4,-0.45833302,6.5481954,0,0,C,O,1,AZ,0,218229.25,0.0014289978870035637,669.8872748756434,0.0008541365713631586
7471,2020-01-31,691.0,80.0,79.06512,35.0,4.422,0.5386665,3,12.263778,3.7230768,-0.27692318,4.340364,0,0,C,O,2,GA,1,211880.45,0.030629063599135652,586.1329685168065,0.02055901442409
7516,2021-07-31,734.0,68.78457,66.00591,33.0,3.26,0.24333334,11,11.812462,5.8333335,-3.4999995,2.302998,0,0,P,O,1,IL,0,134923.31,0.00997605071875119,617.0631140476821,0.009586159243225433
7522,2021-01-31,777.0,62.8934,51.198364,36.0,3.731,0.8143332,48,11.759074,6.3333335,2.7102566,0.34619996,0,0,N,O,2,PA,0,127909.0,0.0031252836966107196,648.6621334733379,0.0029546239065367397
7525,2022-01-31,750.0,80.0,75.373566,38.0,3.024,-0.49266672,9,12.056477,4.6583333,-1.875,6.029608,0,0,P,O,2,FL,0,172211.14,0.009500277906833969,618.3986424146716,0.010354845880551446
7527,2020-01-31,721.0,89.58371,78.109665,27.0,4.551,0.6676667,22,11.777344,4.423077,-0.2769227,5.7497625,0,0,C,I,1,CA,0,130267.3,0.014946857561735596,605.984459210891,0.009936148860892875
7554,2022-01-31,789.0,96.1905,89.12312,39.0,3.101,-0.41566658,15,11.388884,4.1583333,-1.875,4.744165,0,0,P,O,1,TX,0,88334.26,0.00268716584324946,652.7617471650321,0.003412015272920376
7562,2023-01-31,818.0,68.417366,56.68657,28.0,3.431,-3.0023334,44,11.741006,4.0,-0.4583335,4.2343664,0,0,C,O,2,PA,0,125618.6,0.000636334930614592,691.8037801895384,0.000849479983988727
7592,2022-01-31,708.0,80.0,54.9628,28.0,4.709,1.1923335,80,12.992428,4.858333,-1.875,4.4889507,0,0,P,I,2,NY,0,439075.8,0.016787465395892032,602.7908384233327,0.01957194694605374
7612,2022-01-31,829.0,84.74934,82.53152,38.0,2.926,-0.59066653,4,12.2044115,4.6583333,-1.875,6.029608,0,0,P,O,2,FL,0,199668.11,0.0016872805126008088,665.3837030651925,0.0014947286253114605
7650,2021-01-31,688.0,80.0,76.77221,42.0,4.365,1.448333,17,12.088215,6.3333335,2.7102566,0.34619996,1,1,N,O,1,PA,0,177764.52,0.07277594892235015,561.5075769786306,0.6718207281006562
7670,2021-01-31,763.0,87.13966,58.57218,34.0,3.828,0.9113333,83,11.618214,6.3333335,2.7102566,0.34619996,0,0,N,O,1,PA,0,111103.03,0.005490312558418657,633.3482558450703,0.0028834803126294387
7701,2023-07-31,746.0,86.72779,39.513733,36.0,4.504,-2.129333,122,12.070111,4.8,-0.20833302,6.2885866,0,0,P,O,1,CA,0,174575.22,0.004731520818913023,637.394385023624,0.00194953331253361
7716,2023-01-31,731.0,80.0,69.84889,21.0,3.297,-3.1363335,20,12.221926,4.8,-0.45833302,6.2885814,0,0,P,O,2,CA,0,203195.81,0.005965829797979993,631.0872800095171,0.005894301127236793
7737,2023-07-31,741.0,80.0,70.33167,23.0,3.215,-3.4183333,23,11.92128,3.7,-0.20833325,4.744168,0,0,N,O,2,TX,0,150434.05,0.004410039442929358,639.3074445425837,0.0037847006408603095
7762,2023-07-31,722.0,80.0,63.96149,26.0,4.076,-2.557333,42,12.774162,4.8,-0.20833302,6.2885866,0,0,P,O,1,CA,0,352978.34,0.008156437101325537,622.5629939176058,0.005964667526396419
7857,2023-01-31,755.0,80.0,48.85993,33.0,3.909,-2.5243335,103,12.159635,4.5,-0.4583335,3.9803917,0,0,P,O,2,IL,0,190924.75,0.003653770484389637,644.4194190141234,0.0021556289705137524
7873,2023-01-31,759.0,80.0,66.47083,41.0,3.197,-3.2363334,30,12.587115,4.4,-0.45833302,6.5481954,2,0,P,O,2,AZ,0,292761.97,0.005793348935570626,631.8859750027531,0.004937872435076508
7921,2020-01-31,755.0,87.251755,58.64813,35.0,4.075,0.19166636,72,12.032731,3.7230768,-0.27692318,4.340364,0,0,P,O,2,GA,0,168170.05,0.005336744125963178,634.1202304708736,0.0014876117969010406
8039,2021-01-31,731.0,80.0,46.001293,41.0,4.182,1.2653334,105,12.064478,6.4333334,2.7102566,0.38700014,0,0,N,O,2,GA,0,173594.62,0.016074432577244873,603.9851128560058,0.012901365863277113
8039,2021-07-31,731.0,80.0,44.283607,41.0,4.182,1.1653335,111,12.049599,5.4333334,-3.5,2.7406642,0,0,N,O,2,GA,0,171030.72,0.013810591160897896,608.1554986619343,0.012138849009168144
8049,2020-01-31,744.0,80.0,61.467587,32.0,4.617,0.73366666,54,12.179003,3.623077,-0.27692318,3.8747516,0,0,N,O,1,PA,0,194658.6,0.0045938485484835236,638.1972945624074,0.00224380955798109
8072,2022-01-31,830.0,80.0,74.00094,45.0,2.737,-0.77966666,15,12.50795,4.5583334,-1.875,4.744165,0,0,P,O,2,GA,0,270479.1,0.0019128111288526071,661.9822260331006,0.0017057342003797176
8103,2020-07-31,742.0,90.28584,73.92632,49.0,4.327,1.0936668,35,12.369894,9.233334,5.071795,2.6780384,0,0,P,O,2,AZ,0,235600.75,0.03650418557169255,581.2192810312958,0.03602222805765197
8103,2023-07-31,742.0,90.28584,58.84518,49.0,4.327,-2.306333,71,12.305589,4.4,-0.20833302,6.548197,0,0,P,O,2,AZ,0,220927.2,0.01070320672703306,615.1390975856052,0.004527126933197895
8128,2022-01-31,742.0,69.736496,50.7175,20.0,4.31,0.7933333,78,11.877103,4.758333,-1.875,3.474294,0,0,P,I,2,OH,0,143932.89,0.002388838313773036,655.9547520941367,0.0033523777332908227
8143,2021-01-31,733.0,80.0,78.94291,21.0,3.305,0.38833332,5,12.06948,7.133333,2.710256,0.509528,0,0,C,O,2,CA,0,174465.1,0.014919433461651236,606.0349149497993,0.008710997218676542
8159,2021-07-31,693.0,96.61727,95.59572,17.0,3.226,0.20933342,2,12.668836,5.733333,-3.5000005,2.594572,0,0,C,O,2,NY,0,317691.38,0.042067748474745266,577.2233738376328,0.036609558688806755
8171,2020-01-31,730.0,80.0,73.45104,27.0,4.436,0.5526664,17,11.859585,3.7230768,-0.27692318,4.340364,0,0,C,O,2,GA,0,141433.5,0.010404166866060284,615.9141953201083,0.00835006203664562
8177,2020-01-31,707.0,80.0,73.88382,46.0,4.582,0.69866633,16,13.051163,3.7230768,-0.27692318,4.340364,0,0,N,O,1,GA,0,465637.47,0.033609922753401786,583.5361111867938,0.03710423547612495
8206,2021-07-31,760.0,94.78889,92.77189,25.0,3.036,0.019333363,4,12.752273,5.733333,-3.5000005,2.594572,0,0,N,O,2,NY,0,345335.88,0.010907555030846878,614.6216610566539,0.009117810677859694
8227,2023-07-31,734.0,80.0,68.84092,50.0,3.396,-3.2373333,27,12.600582,3.7,-0.20833325,4.744168,0,0,P,S,1,TX,0,296731.38,0.010293294179869551,616.2071864582764,0.011544160534793114
8250,2021-01-31,768.0,80.0,72.40667,28.0,3.957,1.0403333,27,11.5255,6.0333333,2.7102563,0.38700014,0,0,P,O,2,TX,0,101265.45,0.00399022719892126,642.0262333119811,0.003642357538645606
8291,2021-07-31,762.0,93.01928,56.074665,25.0,3.497,0.48033333,83,12.375509,5.5333333,-3.5000005,3.4743047,0,0,N,O,2,FL,0,236927.44,0.00333153032012476,646.9269505023059,0.0019004987501294117
8291,2023-01-31,762.0,93.01928,49.131077,25.0,3.497,-2.9363334,101,12.33114,4.2,-0.4583335,6.0296116,0,0,N,O,2,FL,0,226644.77,0.0017611819237598717,664.22153711023,0.0012170903143215869
8309,2023-07-31,799.0,80.0,68.63951,47.0,3.023,-3.6103332,27,12.003032,4.1,-0.20833349,4.744168,0,0,P,O,2,GA,0,163248.98,0.0017072041595671945,665.0654572087981,0.001867402314438169
8334,2022-07-31,757.0,80.0,73.09532,40.0,3.238,-2.4953332,21,11.935429,4.508333,-1.125,3.4743087,0,0,P,O,2,OH,0,152577.64,0.0072166676440554595,625.9016649161638,0.007755987305787423
8452,2022-07-31,794.0,94.699394,82.53016,42.0,3.663,-2.070333,35,12.3745575,4.2083335,-1.125,4.2343626,0,0,P,O,2,PA,0,236702.16,0.002426440559240257,655.5310378225757,0.0013854399301070006
8482,2021-01-31,721.0,65.77617,64.18735,38.0,3.978,1.0613332,13,11.994956,7.133333,2.710256,0.509528,0,0,C,O,1,CA,0,161935.86,0.031065474570572117,585.737885097717,0.020183296817738238
8483,2020-07-31,830.0,89.24401,81.66986,41.0,4.117,0.88366675,25,12.369904,9.133333,5.0717945,1.4332186,0,0,P,O,2,OH,0,235603.03,0.004638729856275216,637.9329438782394,0.0016958144591808922
8491,2022-01-31,796.0,77.535065,69.76642,37.0,3.806,0.28933334,25,11.82047,5.258333,-1.875,6.288583,0,0,P,O,1,CA,0,136008.11,0.0016779962454634041,665.533286803257,0.0018048996629251668
8493,2023-07-31,694.0,80.0,42.96538,29.0,4.242,-2.391333,116,11.889762,3.7,-0.20833325,4.744168,0,0,P,O,1,TX,0,145766.62,0.01511947665866293,605.6689467492947,0.008847470316153702
8526,2020-01-31,757.0,66.3062,59.134327,50.0,4.282,0.39866662,25,13.116015,4.123077,-0.27692318,3.6427193,0,0,N,I,2,IL,0,496836.12,0.0075434542752993656,624.6941657017085,0.005035863909375794
8594,2020-07-31,783.0,80.0,74.43426,41.0,3.47,0.23666668,18,11.461181,8.933333,5.071795,1.950057,0,0,C,O,1,GA,0,94957.086,0.009505510517903713,618.3835969907374,0.005708845139355522
8640,2020-07-31,812.0,89.2572,63.86257,27.0,3.735,0.50166655,76,11.958731,9.133333,5.0717945,1.4332186,0,0,C,S,1,OH,0,156174.75,0.0023633577409799406,656.2456745247719,0.0011488085826691493
8688,2020-01-31,768.0,74.69598,52.691948,17.0,3.746,-0.1373334,65,12.038655,4.023077,-0.27692318,4.1072965,0,0,P,O,2,NY,0,169169.25,0.000924715861902074,681.6804170813109,0.0007787435385762545
8730,2022-07-31,692.0,71.859276,59.2803,21.0,4.646,-1.0873332,45,12.299594,3.9083333,-1.125,4.7441654,0,0,C,O,1,TX,0,219606.83,0.01001487669972505,616.9569254427845,0.017331344700840013
8730,2023-01-31,692.0,71.859276,57.350876,21.0,4.646,-1.7873335,51,12.2896805,3.7,-0.45833325,4.7441583,0,0,C,O,1,TX,0,217440.48,0.00935501928059585,618.8196170445073,0.01538877061842069
8760,2021-07-31,739.0,80.0,68.03558,47.0,4.404,1.3873332,39,12.477008,5.0333333,-3.5000005,2.7406642,1,0,C,O,2,TX,0,262237.9,0.013325635133590839,609.1362445241132,0.010796855933249716
8787,2021-07-31,762.0,89.731445,64.12378,40.0,3.913,0.89633346,60,12.15432,5.5333333,-3.5000005,3.4743047,0,0,C,O,2,FL,0,189912.78,0.00607827363670932,630.5788606913575,0.004296449929062135
8807,2022-01-31,784.0,67.50892,61.969025,39.0,3.772,0.25533342,24,12.979708,4.858333,-1.875,4.4889507,0,0,N,I,1,NY,0,433526.38,0.0043876143573298235,639.4460268673239,0.0029357506360292757
8867,2021-01-31,755.0,81.433304,61.32244,10.0,3.903,0.9863334,50,12.5763445,6.733333,2.710256,0.5299534,0,0,P,O,1,AZ,0,289625.72,0.004152497212029022,640.9429984088071,0.0017044813455384935
8899,2021-01-31,753.0,80.0,57.895676,29.0,3.838,0.9213333,77,11.880776,6.633333,2.7102563,0.2850178,0,0,C,O,2,OH,0,144462.72,0.007016430666765363,626.6686732345096,0.003560707422803791
8932,2021-01-31,755.0,80.0,78.25925,37.0,3.838,0.9213333,11,13.532941,6.733333,2.710256,0.5299534,0,0,N,O,1,AZ,0,753844.25,0.012070356373106033,611.8483065427462,0.007714025019562397
8987,2020-07-31,752.0,60.11898,52.517117,18.0,4.742,1.5086668,33,11.659223,8.833333,5.0717945,1.7430038,0,0,C,S,2,PA,0,115753.984,0.004359744037950197,639.6192457299792,0.003780678685832996
9000,2022-07-31,754.0,80.28008,67.87515,22.0,3.918,-1.8153331,35,11.699782,4.4083333,-1.125,6.0296097,0,0,P,O,2,FL,0,120545.484,0.002684055567401781,652.793175319586,0.00244847191300042
9002,2022-07-31,773.0,80.0,69.47072,27.0,3.339,-2.3943331,26,12.756663,5.008333,-1.125,6.28858,0,0,N,O,1,CA,0,346855.53,0.0032257095722982225,647.8034236724245,0.0038497505819049048
9063,2021-01-31,804.0,72.22627,51.50794,33.0,4.399,1.4823334,60,12.52744,7.133333,2.710256,0.509528,0,0,P,O,2,CA,0,275802.5,0.001813109672047753,663.4336900476699,0.001869154613595832
9119,2020-01-31,680.0,80.0,69.586426,31.0,4.493,0.6096666,23,12.434848,3.823077,-0.27692294,5.5135503,0,0,N,O,2,FL,0,251411.86,0.02487178097136555,591.9284164008773,0.03156592885309382
9148,2020-07-31,771.0,68.74477,45.28682,41.0,4.681,1.4476669,90,12.440891,9.333333,5.0717945,1.6396334,0,0,C,O,2,IL,0,252935.77,0.00580800162793301,631.8172110693404,0.005518842595459635
9170,2023-01-31,674.0,80.75043,52.19243,40.0,4.371,-2.0623336,74,12.146536,4.8,-0.45833302,6.2885814,1,0,P,O,1,CA,0,188440.25,0.06426486420395904,565.1209095032369,0.02772568380217735
9178,2021-07-31,761.0,61.988873,60.4658,37.0,3.032,0.015333414,5,13.08827,5.8333335,-3.4999995,2.302998,0,0,P,O,1,IL,0,483240.62,0.006998545945963538,626.7382347623308,0.007488751183013322
9231,2023-07-31,734.0,80.0,55.759567,44.0,3.963,-2.6703331,85,12.543912,4.3,-0.20833302,3.4742944,0,0,C,O,1,OH,0,280383.1,0.007156026894132502,626.1316958537458,0.004652074229742418
9259,2022-01-31,830.0,92.63068,86.198364,20.0,2.622,-0.8946667,13,11.823491,4.858333,-1.875,4.4889507,0,0,N,S,2,NY,0,136419.6,0.0010724158297539769,677.6659719012921,0.001190368157502182
9270,2021-01-31,806.0,81.53137,52.992794,34.0,3.888,0.97133327,84,11.898881,6.4333334,2.7102566,0.38700014,0,0,C,O,2,GA,0,147101.98,0.0013246064164751281,671.9431408608891,0.0008356166880400455
9296,2022-01-31,716.0,74.62183,71.405235,50.0,3.339,-0.17766666,8,13.155877,4.5583334,-1.875,4.744165,0,0,P,O,2,GA,0,517040.97,0.02046379578780623,597.330072731171,0.029198025662532913
9323,2022-07-31,830.0,80.0,69.99527,27.0,2.792,-2.941333,20,12.955413,5.008333,-1.125,6.28858,0,0,P,O,2,CA,0,423120.9,0.0012427645219950652,673.6714322132741,0.0012236480951875598
9325,2022-01-31,830.0,75.7497,64.61129,44.0,3.434,-0.082666636,33,12.007802,4.6583333,-1.875,6.029608,0,0,C,O,1,FL,0,164029.58,0.0015824630447160766,667.1223212629811,0.0015914830850934003
9367,2020-01-31,779.0,80.0,73.152626,28.0,4.277,0.3936665,19,12.191505,3.623077,-0.27692318,3.8747516,0,0,C,O,1,PA,0,197107.67,0.0027341804894230456,652.2910508800237,0.0030668289632582897
9393,2023-07-31,724.0,80.0,66.86225,24.0,3.684,-2.9493332,36,12.261046,4.1,-0.20833349,4.744168,0,0,P,O,1,GA,0,211302.62,0.0073051960712873865,625.5692689966418,0.004148455986812121
9442,2022-07-31,808.0,88.568825,80.19571,48.0,3.719,-2.014333,28,11.929832,4.508333,-1.125,3.4743087,0,0,P,O,1,OH,0,151726.2,0.0026910556527136205,652.7224931374701,0.0017834259651707267
9458,2023-07-31,716.0,83.38637,70.58714,21.0,4.053,-2.5803332,38,12.557017,4.0,-0.20833349,4.2343664,0,0,P,O,2,PA,0,284081.62,0.004742407795336321,637.3318872489176,0.004512283726617226
9499,2022-01-31,684.0,80.0,72.577866,48.0,4.09,0.5733335,21,12.567976,5.258333,-1.875,6.288583,0,0,P,O,2,CA,0,287212.1,0.06839930636100137,563.3136218470088,0.10351527010203622
9528,2021-01-31,796.0,80.0,78.67774,37.0,3.292,0.3753333,7,12.463053,7.133333,2.710256,0.509528,0,0,N,O,1,CA,0,258603.92,0.0029749877614524,650.0000759690669,0.001840516292675254
9558,2020-07-31,749.0,61.17014,39.354458,32.0,4.019,0.7856667,83,12.129892,8.533334,5.0717955,1.950057,0,0,N,O,1,TX,0,185329.84,0.008544155685868018,621.2955495641362,0.004323385718000293
9565,2022-07-31,774.0,80.0,71.71583,40.0,3.08,-2.6533332,16,11.859562,5.008333,-1.125,6.28858,0,0,P,O,2,CA,0,141430.25,0.004860538393391746,636.6627810552666,0.005064432455120728
9568,2022-07-31,768.0,80.0,64.09119,31.0,3.804,-1.9293332,42,12.5362625,5.008333,-1.125,6.28858,0,0,P,O,1,CA,0,278246.44,0.002826208366818283,651.392613198394,0.002665936496242654
9574,2020-01-31,728.0,74.497314,44.248547,35.0,4.195,0.31166673,93,11.988957,3.7230768,-0.27692318,4.340364,0,0,P,O,2,GA,0,160967.38,0.007503901540740233,624.8375237984083,0.0048785085945125
9582,2022-07-31,764.0,80.0,75.87341,50.0,3.395,-2.3383331,10,12.800635,4.608333,-1.125,4.48896,0,0,P,O,1,NY,0,362447.78,0.005836679705459856,631.6831247827351,0.00636741897762167
9608,2022-07-31,812.0,76.67419,68.42926,20.0,3.382,-2.3513331,26,11.719173,4.608333,-1.125,4.48896,0,0,P,O,1,NY,0,122905.766,0.0005427371038723504,696.1122277366217,0.000668350677548365
9612,2020-07-31,707.0,80.0,79.22767,29.0,4.304,1.0706666,7,12.328942,8.533334,5.0717955,1.950057,0,0,P,O,1,TX,0,226147.45,0.04228982992555866,577.0745989069317,0.02182120016969429
9620,2020-07-31,695.0,80.0,74.713425,34.0,4.253,1.0196664,18,12.882105,8.933333,5.071795,1.950057,0,0,P,O,2,GA,0,393212.34,0.07283614603353385,561.4834427903395,0.07395899298535666
9647,2021-07-31,754.0,86.74495,64.8075,43.0,3.692,0.67533326,53,12.07867,5.5333333,-3.5000005,3.4743047,0,0,P,O,2,FL,0,176075.83,0.009554080880105401,618.2443318777243,0.008289952426758566
9650,2020-01-31,738.0,80.0,62.059483,26.0,4.094,0.21066642,39,12.022042,4.423077,-0.2769227,5.7497625,0,0,P,O,2,CA,0,166382.11,0.0049207554851095885,636.3279057017817,0.0023765089689317138
9658,2020-07-31,792.0,92.602875,74.21768,39.0,3.822,0.5886667,45,11.948991,8.533334,5.0717955,1.950057,0,0,N,O,2,TX,0,154660.92,0.003747222792529948,643.7333652200408,0.0013752650933614881
9660,2020-07-31,727.0,80.0,78.781906,40.0,3.828,0.5946667,8,11.695061,9.333333,5.0717945,1.6396334,0,0,N,O,2,IL,0,119977.6,0.03564613497716295,581.8871269278478,0.037592011294851936
9669,2023-07-31,726.0,80.0,69.99272,44.0,3.34,-3.2933333,24,12.768263,3.7,-0.20833325,4.744168,0,0,C,O,1,TX,0,350902.12,0.016545900330013425,603.1897592841839,0.01459819576389244
9764,2020-01-31,794.0,64.74468,57.664394,43.0,3.947,0.06366658,23,12.153868,4.023077,-0.27692318,4.1072965,0,0,P,O,2,NY,0,189826.89,0.0014165066715140023,670.1252281022201,0.0014072133256506452
9767,2021-01-31,709.0,80.0,77.905754,49.0,4.342,1.4253333,14,12.131363,6.3333335,2.7102566,0.34619996,0,0,N,O,1,PA,0,185602.5,0.05654769411023912,568.8054820046531,0.0365798796111741
9768,2023-01-31,760.0,95.728615,55.29187,25.0,4.389,-2.0443335,92,12.230565,4.2,-0.4583335,6.0296116,0,0,C,O,2,FL,0,204959.05,0.003374982817219101,646.5750597704998,0.0022441286444700253
9771,2022-07-31,739.0,80.0,72.469406,46.0,3.18,-2.553333,13,11.627707,5.4083333,-1.125,7.330828,0,0,C,O,2,NV,0,112162.74,0.016371688949122026,603.4810220664793,0.023324691455269296
9954,2021-01-31,688.0,81.51868,76.482994,39.0,4.384,1.4673331,19,13.522891,6.733333,2.710256,0.5299534,1,0,P,O,2,AZ,0,746305.75,0.0724511524003329,561.6381124948626,0.08066453968852409
10010,2020-07-31,753.0,80.0,60.774,41.0,3.801,0.56766677,46,12.488895,9.633333,5.0717945,2.5737188,0,0,C,O,1,CA,0,265373.9,0.011719969781730238,612.6551701962169,0.010288634017895128
10024,2022-01-31,729.0,80.0,68.83417,27.0,4.475,0.95833325,39,12.1987,4.4583335,-1.875,4.23435,0,0,C,O,2,PA,0,198530.83,0.009935631599559675,617.1740953915335,0.010803776858784277
10038,2023-07-31,759.0,82.53414,73.20298,37.0,3.137,-3.4963331,23,12.08914,4.0,-0.20833349,4.2343664,0,0,P,O,2,PA,0,177929.08,0.005343352902477856,634.0865563431613,0.006725286016529892
10050,2020-07-31,764.0,80.0,54.443287,27.0,4.362,1.1286666,63,12.128999,9.633333,5.0717945,2.5737188,0,0,C,O,1,CA,0,185164.33,0.004308279484571948,639.9420242308607,0.0024284326388262644
10114,2022-01-31,704.0,82.03306,73.73608,18.0,4.227,0.7103336,26,11.443544,4.6583333,-1.875,6.029608,0,0,P,O,1,FL,0,93297.09,0.015837919004380484,604.3927893859521,0.013990550535290445
10175,2023-07-31,804.0,80.0,47.628887,32.0,3.579,-3.0543332,83,11.644121,4.8,-0.20833302,6.2885866,0,0,P,O,2,CA,0,114019.07,0.0006707610164658547,690.3768932795863,0.0008306192991373602
10181,2023-07-31,744.0,83.97362,47.778698,41.0,4.036,-2.5973334,106,12.211276,3.7,-0.20833325,4.744168,0,0,P,O,2,TX,0,201043.42,0.0051621850144291295,635.0250213492893,0.0026404488713658515
10221,2020-01-31,813.0,68.68586,66.391365,35.0,3.696,-0.18733335,7,13.23427,3.7230768,-0.27692318,4.340364,0,0,P,O,2,GA,0,559204.3,0.0010795594591821093,677.4860948157512,0.0007311624507407208
10222,2021-01-31,795.0,78.72934,77.97092,26.0,3.068,0.15133333,4,11.436816,6.633333,2.7102563,0.2850178,0,0,N,O,1,OH,0,92671.52,0.0020918288384046426,659.5560796047032,0.0014027447900570914
10307,2022-07-31,710.0,85.28365,44.57252,23.0,4.202,-1.531333,120,11.695832,3.9083333,-1.125,4.7441654,0,0,C,O,2,TX,0,120070.28,0.00889818238961128,620.1870904397322,0.006680424646654854
10333,2020-07-31,665.0,65.518555,62.94626,48.0,4.755,1.5216668,13,11.667478,8.533334,5.0717955,1.950057,0,0,P,O,2,TX,0,116713.55,0.23946317408227244,523.910412277714,0.30328399820975843
10385,2021-07-31,754.0,80.0,61.3102,26.0,4.124,1.1073334,49,12.27122,6.133333,-3.5,3.6216621,0,0,N,O,2,CA,0,213463.23,0.005507565201712762,633.2628737273354,0.005808439706493743
10619,2021-01-31,726.0,73.27553,65.11878,45.0,4.613,1.6963332,32,12.153121,6.733333,2.710256,0.366599,2,0,C,O,2,NY,0,189685.22,0.030859526378361563,585.9236561299963,0.019409263272509636
10624,2023-01-31,724.0,85.09802,70.8937,25.0,4.18,-2.2533336,49,12.48656,4.3,-0.45833302,3.4743032,0,0,P,O,2,OH,0,264754.88,0.006200981669433279,630.0345899075462,0.005197534586702818
10637,2022-01-31,830.0,73.033226,61.06712,10.0,3.466,-0.05066657,36,11.830654,4.6583333,-1.875,6.029608,0,0,P,O,2,FL,0,137400.28,0.0005196152787832998,697.2911302152576,0.00040974975267489046
10656,2022-01-31,728.0,80.0,73.6851,12.0,3.959,0.44233346,21,11.797284,4.5583334,-1.875,4.744165,0,0,P,O,1,GA,0,132890.95,0.006869341752575607,627.2460733517692,0.004637689442977935
10706,2021-01-31,731.0,88.47882,87.21939,26.0,3.685,0.7683332,6,12.720733,7.133333,2.710256,0.509528,0,0,P,O,1,CA,0,334614.03,0.046172727989400884,574.5872565330413,0.02020324444967629
10743,2021-01-31,774.0,80.0,53.153084,37.0,4.337,1.4203331,70,11.097784,7.133333,2.710256,0.509528,0,0,P,O,2,CA,0,66024.71,0.0052463255419200145,634.5851585845445,0.004628110152410037
10757,2021-01-31,721.0,80.0,79.44267,26.0,3.041,0.12433314,1,11.215667,6.733333,2.710256,0.5299534,0,0,P,O,1,AZ,0,74285.2,0.021587825679146768,595.8518147720375,0.010875544359958163
10761,2021-07-31,714.0,80.0,59.835857,25.0,4.431,1.4143336,62,12.427142,5.0333333,-3.5000005,2.7406642,0,0,P,O,1,TX,0,249481.9,0.008199862710518587,622.4180989635536,0.009931265556460922
10768,2020-07-31,737.0,80.0,67.84799,39.0,4.415,1.1816666,36,12.388801,8.533334,5.0717955,1.950057,0,0,N,O,1,TX,0,240097.67,0.019493347122206028,598.6717601308816,0.018444693410830434
10769,2023-07-31,760.0,80.0,69.51301,47.0,3.187,-3.4463332,28,11.873602,4.5,-0.20833349,3.9803836,0,0,C,O,2,IL,0,143429.94,0.008527810144225588,621.3478209508928,0.011213926212629097
10844,2020-01-31,746.0,80.0,63.0586,35.0,4.073,0.18966651,46,11.837292,4.023077,-0.27692318,4.1072965,0,0,P,O,2,NY,0,138315.34,0.005246370882350429,634.5849234545399,0.0028564798590571747
10918,2020-07-31,676.0,73.50273,54.496693,38.0,4.592,1.3586667,51,12.787218,9.633333,5.0717945,2.5737188,2,0,P,I,2,CA,0,357617.0,0.13762268791737267,542.301943776761,0.12789547765547662
10929,2021-01-31,814.0,80.0,58.699615,15.0,3.517,0.6003332,54,12.79074,7.133333,2.710256,0.509528,0,0,C,O,1,CA,0,358878.8,0.001009517216997212,679.3034810746274,0.0006487935468190482
10934,2023-07-31,773.0,73.69042,65.95625,36.0,3.37,-3.2633333,20,12.869983,3.7,-0.20833325,4.744168,0,0,N,O,2,TX,0,388474.4,0.002707448432173955,652.5576847112222,0.00396586406241218
11016,2022-01-31,712.0,63.66944,60.358948,34.0,3.529,0.012333393,8,12.823351,5.258333,-1.875,6.288583,0,0,P,O,2,CA,0,370775.22,0.025140750625326967,591.629842551514,0.030852957483858988
11017,2021-07-31,715.0,89.541336,80.5388,23.0,3.861,0.8443334,28,12.204991,5.0333333,-3.5000005,2.7406642,0,0,C,O,2,TX,0,199783.77,0.014329210371470204,607.1435581192618,0.012839891800992643
11017,2022-01-31,715.0,89.541336,77.88991,23.0,3.861,0.3443334,34,12.194723,4.1583333,-1.875,4.744165,0,0,C,O,2,TX,0,197743.02,0.011146101819072456,614.0296221252286,0.009815120328833886
11140,2022-07-31,744.0,80.0,73.26382,21.0,3.202,-2.5313332,17,13.056759,4.2083335,-1.125,4.2343626,0,0,P,O,2,PA,0,468250.5,0.0035532492778128453,645.1771637327382,0.0037417734549806867
11152,2023-01-31,746.0,80.0,68.39828,21.0,3.242,-3.1913333,23,12.221565,4.8,-0.45833302,6.2885814,0,0,P,O,2,CA,0,203122.67,0.003406810557117703,646.3201628207213,0.003846861373338674
11224,2021-07-31,644.0,80.0,72.869736,21.0,4.439,1.4223335,27,12.617826,5.733333,-3.5000005,2.594572,1,1,N,O,2,NY,0,301892.7,0.06300768249404436,565.6919370155838,0.6301901317668106
11232,2022-01-31,763.0,80.22258,59.34754,44.0,4.069,0.5523331,54,12.56567,5.258333,-1.875,6.288583,0,0,C,O,2,CA,0,286550.38,0.00499187584692549,635.9376085924,0.004434165145021909
11265,2022-01-31,830.0,64.07726,58.8401,44.0,3.563,0.046333313,23,12.24468,4.858333,-1.875,4.4889507,0,0,C,O,1,NY,0,207872.56,0.0019286458106625485,661.7586754255615,0.0013947094788622336
11271,2022-01-31,752.0,81.8072,81.44566,50.0,3.471,-0.045666695,1,12.196548,4.758333,-1.875,3.474294,0,0,N,O,2,OH,0,198104.14,0.010321808600012378,616.1315372962694,0.008233791770058868
11293,2020-07-31,707.0,74.43879,70.54623,26.0,3.889,0.6556666,15,11.756174,8.933333,5.071795,1.950057,0,0,P,O,2,GA,0,127538.6,0.03837335947668741,579.8152339381987,0.03229713514283157
11404,2020-07-31,801.0,80.0,57.7962,23.0,3.853,0.6196666,52,12.844433,9.233334,5.071795,2.6780384,0,0,C,O,1,AZ,0,378674.78,0.0013914354846930788,670.6092148724927,0.0011923551287356892
11431,2022-07-31,713.0,95.08677,85.408585,42.0,3.313,-2.4203331,20,12.4516535,4.3083334,-1.125,4.7441654,0,0,C,O,2,GA,0,255672.62,0.043241128880682156,576.4456468585392,0.034537446673418
11438,2023-01-31,830.0,80.0,67.73086,41.0,3.423,-3.0103333,38,12.297719,3.7,-0.45833325,4.7441583,0,0,P,O,2,TX,0,219195.36,0.0011160792195144596,676.5847122390306,0.0009073255468355425
11443,2020-01-31,781.0,87.69846,87.10596,40.0,3.95,0.0666666,2,11.773219,3.7230768,-0.27692318,4.340364,0,0,N,O,2,GA,0,129731.09,0.007080611591352047,626.4204868318328,0.009349177022150027
11498,2022-07-31,697.0,80.0,74.89824,41.0,3.52,-2.2133331,13,12.217968,4.2083335,-1.125,4.2343626,0,0,P,O,2,PA,0,202393.27,0.035809207065577234,581.7590204716573,0.03813464000683978
11534,2021-01-31,762.0,80.0,49.59238,23.0,4.0,1.0833333,72,11.606885,7.5333333,2.7102566,0.59129256,0,0,C,O,2,NV,0,109851.55,0.003461748504947023,645.885717478859,0.002895020843612623
11584,2021-07-31,748.0,80.0,76.60099,38.0,3.391,0.37433338,10,12.678458,5.0333333,-3.5000005,2.7406642,0,0,N,O,2,TX,0,320763.03,0.011513954494726327,613.1407805172814,0.005689782241329348
11599,2020-07-31,707.0,78.41555,48.766926,32.0,4.021,0.78766656,73,11.630253,9.233334,5.071795,2.6780384,0,0,C,O,2,AZ,0,112448.8,0.02784380923824861,588.7908842759695,0.01978156267820301
11640,2020-01-31,670.0,80.0,71.62243,36.0,4.629,0.74566674,18,12.565543,4.423077,-0.2769227,5.7497625,0,0,P,O,1,CA,0,286514.16,0.08711840596238399,556.2172933107959,0.053142985827914394
11695,2020-07-31,749.0,80.0,76.72865,38.0,3.853,0.6196666,13,12.465199,9.233334,5.071795,1.8464669,0,0,N,O,2,NY,0,259159.58,0.020910634778127293,596.7331210099917,0.015192859237518305
11744,2022-07-31,760.0,82.54605,74.09904,49.0,3.51,-2.2233331,21,12.957079,4.3083334,-1.125,4.7441654,0,0,P,O,1,GA,0,423826.2,0.009248549639596471,619.1323098600694,0.010151188882849153
11780,2020-01-31,699.0,96.67769,90.23685,27.0,4.48,0.5966666,15,12.60161,3.623077,-0.27692318,3.8747516,0,0,C,O,2,PA,0,297036.38,0.044846014719266976,575.4139204856797,0.06211079525292231
11785,2023-07-31,730.0,92.564766,83.82988,34.0,3.476,-3.1573331,22,12.168707,4.3,-0.20833302,3.4742944,0,0,N,I,2,OH,0,192664.8,0.017299849237817317,601.963038034426,0.012239117795875398
11818,2022-01-31,729.0,86.27629,79.93407,37.0,3.037,-0.4796667,10,12.841333,5.6583333,-1.875,7.3308287,1,0,P,S,2,NV,0,377502.78,0.019637751833007956,598.4680241426646,0.0214592542031881
11831,2022-07-31,740.0,80.0,73.43289,28.0,3.272,-2.461333,16,12.537807,4.608333,-1.125,4.48896,0,0,P,O,2,NY,0,278676.75,0.006571955312569985,628.4519532108365,0.008427634301167053
11856,2020-07-31,694.0,80.0,75.94988,46.0,4.305,1.0716665,16,13.165526,9.333333,5.0717945,1.6396334,0,0,P,O,2,IL,0,522054.12,0.11234629956210392,548.5759250641445,0.16461577525709148
11872,2022-01-31,752.0,80.0,72.38102,40.0,3.605,0.08833337,21,12.34284,5.258333,-1.875,6.288583,0,0,P,S,1,CA,0,229312.36,0.00955430240404225,618.243698312892,0.009429252894937607
11875,2021-01-31,773.0,94.20739,69.75226,18.0,3.55,0.6333332,54,13.1703415,6.5333333,2.7102563,0.48909307,0,0,P,O,2,FL,0,524573.94,0.002811374923707206,651.5354371276263,0.0015769552553132969
11919,2020-07-31,830.0,84.44043,69.84708,21.0,3.501,0.26766658,40,12.444552,9.233334,5.071795,1.8464669,0,0,P,O,2,NY,0,253863.72,0.0011600113029772818,675.5386302098883,0.0007504930641925916
11922,2023-07-31,678.0,80.0,53.677082,20.0,4.492,-2.141333,86,11.765587,4.0,-0.20833349,4.2343664,0,0,P,O,2,PA,0,128744.73,0.025297977167448103,591.4567488436725,0.016334631564886386
11944,2022-07-31,734.0,83.59013,63.962666,40.0,4.452,-1.281333,51,11.971197,4.4083333,-1.125,6.0296097,0,0,C,O,1,FL,0,158133.83,0.006746361154913759,627.7383395880285,0.0062391272268556945
11949,2021-01-31,712.0,80.0,48.944836,38.0,4.439,1.5223334,99,11.843084,6.733333,2.710256,0.366599,1,0,P,O,1,NY,0,139118.95,0.032499387598375985,584.4765538630438,0.020483889047229913
11949,2023-01-31,712.0,80.0,42.26773,38.0,4.439,-1.9943333,123,11.784237,4.4,-0.45833302,4.488958,0,0,P,O,1,NY,0,131168.38,0.014780140920336781,606.292608401037,0.009780698041964797
11950,2022-07-31,772.0,74.703186,64.839516,20.0,3.744,-1.9893332,28,12.170767,5.008333,-1.125,6.28858,0,0,P,O,1,CA,0,193061.95,0.001644108724580809,666.0863675440468,0.0015768350390270032
11958,2021-07-31,780.0,80.0,74.02883,31.0,3.992,0.97533345,21,12.827623,6.133333,-3.5,3.6216621,2,0,P,O,2,CA,0,372362.6,0.004689138122218305,637.6390578780062,0.011181742009881953
12069,2022-07-31,734.0,80.0,73.1552,25.0,3.156,-2.5773332,16,12.526513,4.3083334,-1.125,4.7441654,1,1,C,O,2,GA,0,275546.9,0.004929422010990217,636.2800459567177,0.29869383434332625
12071,2021-01-31,825.0,80.0,78.80201,28.0,3.117,0.20033336,6,12.168148,6.5333333,2.7102563,0.48909307,0,0,P,O,2,FL,0,192557.1,0.0017001179862755505,665.1782197315567,0.0011397082921819522
12081,2023-01-31,780.0,64.972626,53.67825,44.0,3.792,-2.6413333,43,12.28706,3.7,-0.45833325,4.7441583,0,0,P,O,2,TX,0,216871.34,0.002734384821024389,652.2890228409887,0.00396326769257295
12095,2020-07-31,757.0,80.0,71.93043,37.0,4.461,1.2276666,26,13.322856,9.233334,5.071795,1.8464669,0,0,P,I,2,NY,0,611002.44,0.012935771864364428,609.9505572935984,0.010519595571475863
12134,2021-01-31,724.0,84.030556,82.18181,13.0,4.151,1.2343333,13,11.837356,6.3333335,2.7102566,0.34619996,0,0,C,O,2,PA,0,138324.25,0.01044880926029039,615.7970952672915,0.005094498199287284
12137,2021-01-31,727.0,80.0,49.776318,39.0,3.908,0.99133325,78,11.864345,7.133333,2.710256,0.509528,0,0,P,O,1,CA,0,142108.27,0.023089811274535396,593.9898463857733,0.014802764572708361
12172,2020-01-31,790.0,80.0,58.289387,10.0,4.006,0.1226666,48,12.224567,4.423077,-0.2769227,5.7497625,0,0,P,I,1,CA,0,203733.28,0.00043473944333516904,702.1201056533492,0.0006963229191031064
12239,2022-07-31,734.0,80.0,73.81394,43.0,3.466,-2.267333,12,12.561058,5.008333,-1.125,6.28858,0,0,C,O,1,CA,0,285231.9,0.013636058574705729,608.5044937055258,0.018955728377947446
12263,2020-07-31,800.0,80.0,79.874405,33.0,3.514,0.2806666,1,11.59275,9.233334,5.071795,2.6780384,0,0,P,O,2,AZ,0,108309.695,0.0030084531662772068,649.6964241484658,0.0018259400094376855
12293,2023-07-31,739.0,80.0,71.56724,47.0,3.281,-3.3523333,20,12.606418,3.7,-0.20833325,4.744168,0,0,P,O,2,TX,0,298467.94,0.010871411613167714,614.712479193014,0.010174142765251559
12327,2020-07-31,796.0,78.03728,65.5631,30.0,4.324,1.0906665,32,11.154218,9.633333,5.0717945,2.5737188,0,0,P,O,2,CA,0,69857.82,0.002226457798741359,657.8643487496515,0.0016607276208205984
12342,2021-07-31,729.0,76.96613,74.91173,37.0,3.161,0.14433336,4,12.3671255,6.133333,-3.5,3.6216621,0,0,P,O,2,CA,0,234949.45,0.0202240543627701,597.6556354682687,0.02478727958446763
12476,2023-07-31,754.0,75.84593,63.17695,31.0,3.351,-3.2823331,36,12.10657,4.1,-0.20833349,4.744168,0,0,N,O,1,GA,0,181057.5,0.0037509844063649805,643.7061085280146,0.004420869457381058
12490,2020-01-31,793.0,85.158516,83.94278,41.0,3.653,-0.23033333,3,12.43963,3.823077,-0.27692294,5.5135503,0,0,P,O,2,FL,0,252616.95,0.0015048613051497754,668.4852606132812,0.0011576013244805662
12496,2020-07-31,688.0,93.85074,71.64021,39.0,4.271,1.0376666,45,12.384065,9.233334,5.071795,2.6780384,1,0,N,O,1,AZ,0,238963.12,0.0868258127736365,556.3170163732565,0.062090295604742836
12497,2023-01-31,781.0,90.688545,52.354164,31.0,3.662,-2.7713335,102,11.668691,3.7,-0.45833325,4.7441583,0,0,P,O,2,TX,0,116855.14,0.0022947175857639724,657.045215721356,0.0016162294509518803
12506,2023-07-31,773.0,86.06183,68.42944,23.0,3.306,-3.3273332,37,12.466031,4.4,-0.20833302,6.548197,0,0,P,O,2,AZ,0,259375.33,0.001725509109643542,664.7763184994507,0.0020697130847008934
12524,2020-07-31,740.0,80.0,78.33013,23.0,3.94,0.7066667,9,12.046938,8.533334,5.0717955,1.950057,0,0,C,O,2,TX,0,170576.23,0.011977367452423785,612.0601611818288,0.007434234577985571
12530,2022-07-31,770.0,80.0,56.401756,25.0,4.289,-1.4443331,60,12.096349,4.608333,-1.125,6.5481853,0,0,C,S,1,AZ,0,179216.33,0.001689086430390574,665.3547024486917,0.001336405511719026
12533,2021-07-31,750.0,80.0,64.364944,32.0,4.186,1.1693332,42,12.232282,6.133333,-3.5,3.6216621,0,0,P,O,2,CA,0,205311.1,0.007908447916791388,623.4053911613112,0.009945890353805538
12636,2022-01-31,674.0,79.5573,57.13026,43.0,4.4,0.88333344,59,11.853588,5.258333,-1.875,6.288583,1,0,C,O,1,CA,0,140587.88,0.12062554073214567,546.3979109790117,0.0360774556768307
12720,2023-07-31,716.0,77.51385,49.372707,34.0,4.658,-1.9753332,96,12.137288,4.0,-0.20833349,4.2343664,0,0,C,O,1,PA,0,186705.56,0.007616101360640259,624.4327904393631,0.00635904106348804
12761,2022-07-31,751.0,94.035355,59.12722,34.0,3.911,-1.8223331,70,12.322213,5.4083333,-1.125,7.330828,0,0,P,O,2,NV,0,224630.66,0.0075084879658186355,624.8208620047338,0.004014562119233857
12765,2020-07-31,830.0,80.0,74.382866,30.0,3.79,0.5566666,21,12.489678,9.133333,5.0717945,1.4332186,0,0,P,O,2,OH,0,265581.75,0.002566855508177563,654.0046989715333,0.0012414219531222941
12771,2021-07-31,802.0,74.259384,70.42303,50.0,2.88,-0.13666654,9,11.661013,5.733333,-3.5000005,3.7692225,0,0,P,O,2,AZ,0,115961.44,0.002829479521375986,651.3612174674328,0.0024844037438079467
12776,2021-07-31,771.0,88.214195,83.01475,42.0,3.469,0.45233345,12,12.423172,6.5333333,-3.5000005,4.213172,0,0,P,O,1,NV,0,248493.56,0.012458473941471346,610.9811317800414,0.007016699317523422
12776,2023-01-31,771.0,88.214195,72.356026,42.0,3.469,-2.9643333,30,12.391871,5.2,-0.4583335,7.330827,0,0,P,O,1,NV,0,240835.95,0.007367820240421243,625.3365412263954,0.003989588240938817
12839,2020-01-31,762.0,67.058716,59.319622,35.0,4.5,0.61666656,27,11.787156,4.123077,-0.27692318,3.6427193,0,0,N,S,1,IL,0,131551.8,0.0026460641493979294,653.180022918016,0.001891726605502261
12842,2020-01-31,795.0,80.0,69.19774,28.0,3.717,-0.16633344,33,12.746777,3.9230769,-0.27692294,3.1802256,0,0,C,O,2,OH,0,343443.2,0.0008844258856332466,682.8871586036781,0.0010093788364392655
12849,2022-01-31,755.0,68.44173,64.12678,50.0,2.969,-0.54766655,12,12.885894,4.858333,-1.875,4.4889507,0,0,P,I,2,NY,0,394705.1,0.010006193527864183,616.9806383949823,0.015230611747046057
12861,2022-01-31,772.0,68.1182,61.567387,42.0,3.429,-0.08766675,21,12.854733,5.258333,-1.875,6.288583,0,0,N,I,2,CA,0,382595.38,0.005863492598647672,631.5583504197609,0.005054255415238832
12895,2021-07-31,645.0,78.52539,74.76284,30.0,3.874,0.8573334,9,12.295069,6.133333,-3.5,3.6216621,0,0,P,O,1,CA,0,218615.19,0.11300380224934115,548.3979401307117,0.15519421111870244
12963,2023-01-31,694.0,69.77049,62.272617,24.0,3.602,-2.8313334,17,12.903906,4.8,-0.45833302,6.2885814,0,0,C,O,1,CA,0,401878.66,0.01760827958119071,601.4762792113538,0.01667418935472408
13075,2022-07-31,734.0,66.70204,58.460453,22.0,4.202,-1.531333,34,12.102756,4.608333,-1.125,4.48896,1,0,P,O,2,NY,0,180368.23,0.003022061621581293,649.5739084525255,0.00495717602727952
13102,2023-01-31,783.0,76.84934,69.63172,35.0,3.252,-3.1813333,15,12.541587,4.2,-0.4583335,6.0296116,0,0,N,I,1,FL,0,279731.9,0.003077520005098342,649.080245330257,0.0034910695551163867
13112,2020-07-31,747.0,80.0,53.276432,38.0,3.943,0.7096667,77,11.722083,8.533334,5.0717955,1.950057,0,0,P,O,1,TX,0,123263.96,0.013321238283833579,609.1452965465637,0.007441811701474748
13125,2022-01-31,826.0,92.70711,90.11797,16.0,2.765,-0.75166655,5,12.467274,4.1583333,-1.875,4.744165,0,0,C,O,1,TX,0,259697.84,0.0010849071064899076,677.3522171646148,0.0008850300438486007
13158,2023-07-31,702.0,84.86329,43.292698,39.0,3.966,-2.6673331,105,12.252905,4.8,-0.20833302,6.2885866,0,0,N,O,1,CA,0,209589.2,0.022936892882454308,594.173918432878,0.009329398641482942
13212,2022-01-31,736.0,80.0,65.35876,27.0,4.438,0.92133355,41,12.344088,4.6583333,-1.875,6.029608,0,0,P,O,2,FL,0,229598.44,0.005365027439375424,633.9764066642675,0.005473922577902607
13256,2023-01-31,813.0,80.0,41.609142,47.0,3.237,-3.1963334,102,12.461834,4.2,-0.4583335,6.0296116,0,0,P,O,2,FL,0,258288.92,0.0011733197789158436,675.2295375458338,0.0009811584097980579
13260,2022-07-31,715.0,80.0,72.70201,50.0,3.632,-2.1013331,21,12.396399,4.7083335,-1.125,3.9803867,1,0,C,O,1,IL,0,241928.86,0.021961607145912908,595.3768822895431,0.03645014258101888
13262,2020-01-31,728.0,80.0,63.66441,39.0,4.509,0.6256664,32,11.662547,4.8230767,-0.27692318,6.6999164,0,0,N,O,1,NV,0,116139.43,0.016063330040200236,604.0041178167651,0.011601418891659443
13359,2022-01-31,682.0,80.0,77.423904,40.0,3.501,-0.015666723,6,12.0387745,4.1583333,-1.875,4.744165,0,0,P,O,2,TX,0,169189.53,0.037214233313761724,580.6779539391019,0.028156171738956227
13378,2020-07-31,746.0,80.0,63.881233,36.0,3.89,0.65666676,38,12.064723,9.233334,5.071795,2.6780384,0,0,P,O,1,AZ,0,173637.22,0.013860350206017913,608.0567970485909,0.008904653844560526
13392,2022-01-31,671.0,80.0,79.62029,38.0,3.759,0.24233341,1,12.438865,4.9583335,-1.875,3.9803884,0,0,N,O,2,IL,0,252423.84,0.1269586172280611,544.8174163485108,0.05351022950144927
13441,2021-07-31,777.0,80.12507,74.1347,28.0,3.962,0.94533324,23,11.834774,5.0333333,-3.5000005,2.7406642,0,0,P,O,1,TX,0,137967.62,0.0037136975535724034,643.9775005329697,0.003727620980429341
13450,2020-07-31,747.0,96.855064,91.337105,32.0,3.935,0.7016666,18,12.008194,9.133333,5.0717945,1.4332186,0,0,N,O,2,OH,0,164093.84,0.028131902989080578,588.5042742949108,0.06043887512535489
13465,2022-07-31,746.0,95.022255,72.42952,43.0,4.664,-1.0693331,52,12.325311,4.4083333,-1.125,6.0296097,0,0,P,O,2,FL,0,225327.7,0.012329668532765629,611.2659287421062,0.009100832865138495
13508,2021-07-31,776.0,92.975174,54.989143,31.0,4.525,1.5083334,102,12.21659,5.0333333,-3.5000005,2.7406642,0,0,N,O,2,TX,0,202114.55,0.0037198111920510677,643.9328169251181,0.002923001838230857
13556,2022-07-31,736.0,80.0,67.710266,40.0,3.801,-1.932333,34,12.031066,5.008333,-1.125,6.28858,0,0,P,O,2,CA,0,167890.27,0.010110457411835288,616.6972399094809,0.014042608973416505
13564,2023-07-31,684.0,80.0,63.482376,44.0,4.201,-2.432333,51,11.100792,4.1,-0.20833349,4.744168,0,0,P,O,2,GA,0,66223.6,0.030122445256535933,586.598506585496,0.03474949031959515
13579,2023-07-31,741.0,80.0,65.11655,34.0,3.943,-2.6903331,50,12.28098,4.5,-0.20833349,3.9803836,0,0,P,O,2,IL,0,215556.81,0.005429382805445853,633.6519427880828,0.0033819017445186387
13616,2020-07-31,750.0,81.28205,65.58218,38.0,3.675,0.4416666,38,12.908318,9.033334,5.0717955,2.4695024,0,0,C,O,2,FL,0,403655.7,0.016048037782412632,604.0303157710682,0.008149237065916942
13662,2022-01-31,703.0,74.77176,69.92575,27.0,3.698,0.1813333,9,11.933212,5.6583333,-1.875,7.3308287,0,0,C,O,2,NV,0,152239.84,0.03597849664923907,581.6266225514221,0.021819194412773697
13683,2021-07-31,779.0,80.0,67.79148,36.0,4.06,1.0433333,45,12.139725,5.633333,-3.5,2.012241,0,0,C,O,2,OH,0,187161.0,0.004233145963834941,640.4202118443396,0.0063283973886970254
13698,2022-07-31,761.0,85.1738,75.288795,34.0,3.034,-2.6993332,18,12.481353,5.008333,-1.125,6.28858,0,0,P,O,1,CA,0,263379.9,0.007323602787086104,625.5006599779665,0.007081126823365402
13718,2020-07-31,818.0,80.0,79.74888,50.0,3.524,0.29066658,2,11.432122,9.633333,5.0717945,2.5737188,0,0,N,O,1,CA,0,92237.555,0.0048380491962148504,636.7889064222709,0.0016887943945723175
13718,2021-07-31,818.0,80.0,75.47731,50.0,3.524,0.5073333,14,11.412648,6.133333,-3.5,3.6216621,0,0,N,O,1,CA,0,90458.664,0.003147311413867062,648.4714498924625,0.0018787674647779244
13725,2020-01-31,752.0,80.0,63.955177,34.0,4.141,0.25766635,42,12.046657,3.7230768,-0.27692318,4.340364,0,0,P,O,1,GA,0,170528.23,0.004318046374231241,639.8804735438478,0.001940814338793793
13750,2023-01-31,790.0,80.0,67.11802,43.0,3.067,-3.3663335,27,12.067588,4.8,-0.45833302,6.2885814,0,0,N,O,2,CA,0,174135.28,0.001642225110018079,666.1174431551688,0.0033617979629169017
13774,2021-07-31,830.0,75.56006,71.6221,26.0,2.978,-0.038666725,11,11.912311,5.5333333,-3.5000005,3.4743047,0,0,P,O,2,FL,0,149090.81,0.001442861335789723,669.6256008399439,0.0011609599412905436
13781,2023-07-31,680.0,91.24672,75.61795,31.0,3.498,-3.1353333,27,12.047473,4.4,-0.20833302,6.548197,0,0,C,O,1,AZ,0,170667.58,0.0313608553638693,585.4735137257751,0.04430810235626874
13844,2020-07-31,767.0,70.27603,69.08853,20.0,3.89,0.65666676,8,12.507715,9.633333,5.0717945,2.5737188,0,0,N,O,1,CA,0,270415.47,0.003591807170571042,644.8840128548798,0.0024666031005539883
13868,2023-01-31,802.0,60.11957,44.723915,28.0,3.972,-2.4613335,53,11.423841,4.8,-0.45833302,6.2885814,0,0,P,O,1,CA,0,91476.89,0.0005575765946704701,695.3817737603763,0.0004998010573120192
13878,2023-07-31,714.0,63.734135,48.25093,26.0,4.864,-1.7693334,67,12.127364,4.5,-0.20833349,3.9803836,0,0,P,O,2,IL,0,184861.84,0.006349244762954761,629.3910722448097,0.005665865106880925
13904,2021-07-31,759.0,80.0,48.409946,39.0,3.656,0.63933325,83,11.326648,5.5333333,-3.5000005,3.4743047,0,0,P,O,1,FL,0,83004.31,0.006754833142753025,627.7041432229894,0.006519326487035303
13905,2021-07-31,723.0,94.11687,59.061314,30.0,4.314,1.2973335,78,12.104631,6.133333,-3.5,3.6216621,0,0,P,O,1,CA,0,180706.9,0.0168616324282444,602.669490539651,0.0068355256847558695
13958,2021-07-31,802.0,80.0,75.526306,29.0,3.157,0.14033341,12,12.4592905,5.733333,-3.5000005,3.7692225,0,0,P,I,1,AZ,0,257632.81,0.0015884231655816038,667.0204177678517,0.0012551740039494963
13967,2020-07-31,657.0,80.0,76.35852,33.0,4.361,1.1276667,14,12.593088,8.933333,5.071795,1.950057,0,0,C,O,2,GA,0,294515.84,0.18687684039540498,532.4304338606984,0.10326535773303988
13987,2023-07-31,756.0,86.63208,67.610085,46.0,3.507,-3.1263332,38,12.626411,5.2,-0.20833349,7.330832,0,0,P,O,1,NV,0,304495.6,0.009093585216035222,619.5938598500949,0.006337059597644529
14020,2023-07-31,686.0,96.06879,49.81296,31.0,4.956,-1.6773334,97,12.192094,5.2,-0.20833349,7.330832,0,0,P,O,2,NV,0,197223.7,0.026583942623505368,590.0790962834819,0.04148051638511476
14067,2020-07-31,821.0,92.79151,61.57979,38.0,4.117,0.88366675,66,11.764253,9.633333,5.0717945,2.5737188,0,0,P,O,2,CA,0,128573.055,0.0033958386540766205,646.4077638115432,0.001509246342357102
14068,2023-01-31,734.0,80.0,67.50451,25.0,4.092,-2.3413334,46,11.252289,4.3,-0.45833302,3.4743032,0,0,P,O,1,OH,0,77056.1,0.0035922606242805243,644.8805839896902,0.00428631642861799
14074,2020-01-31,673.0,81.614395,78.662506,23.0,4.249,0.36566663,8,12.73095,4.023077,-0.27692318,4.1072965,0,0,P,O,2,NY,0,338050.28,0.05648147847780424,568.8390913384168,0.02784869629039205
14116,2022-07-31,786.0,86.18226,73.8007,41.0,3.54,-2.1933331,26,12.328594,5.4083333,-1.125,7.330828,0,0,P,O,1,NV,0,226068.64,0.0051365701814708115,635.1603453634906,0.003302968378263079
14150,2020-01-31,806.0,73.416214,44.637367,45.0,3.899,0.015666485,88,11.799439,3.323077,-0.27692294,4.340364,0,0,P,O,1,TX,0,133177.73,0.001025636183867331,678.8743239351464,0.0008957306216677084
14186,2021-01-31,699.0,70.74226,69.246315,30.0,4.275,1.3583333,11,12.284604,7.5333333,2.7102566,0.59129256,0,0,N,O,2,NV,0,216339.5,0.05807801294882585,568.0388592484005,0.022190977052110605
14228,2020-07-31,760.0,80.0,76.91185,48.0,4.164,0.9306667,11,12.024836,10.033334,5.0717955,2.9916089,0,0,P,O,2,NV,0,166847.45,0.02261310194983368,594.5676624731723,0.02363668434220993
14300,2020-01-31,743.0,91.02921,80.93905,39.0,4.548,0.6646664,19,12.462373,4.423077,-0.2769227,5.7497625,0,0,P,O,2,CA,0,258428.1,0.012350430586237299,611.2198244745013,0.004529229472130396
14321,2021-01-31,764.0,80.0,77.24278,44.0,3.72,0.8033333,15,11.977682,6.0333333,2.7102563,0.38700014,0,0,P,O,1,TX,0,159162.75,0.007329778866540859,625.4776776637459,0.007089973569847746
14367,2020-07-31,737.0,80.0,79.33636,18.0,4.28,1.0466669,6,12.040434,9.233334,5.071795,1.8464669,0,0,C,O,1,NY,0,169470.39,0.008847142495740395,620.3441710586017,0.005276065327183133
14385,2022-07-31,830.0,69.29176,51.43539,35.0,3.452,-2.2813332,66,11.433055,4.7083335,-1.125,3.9803867,0,0,P,O,2,IL,0,92323.6,0.000786124175608492,686.0786314033223,0.0008803727199577534
14418,2022-07-31,759.0,80.0,65.4065,50.0,3.77,-1.9633331,39,12.587956,5.008333,-1.125,6.28858,0,0,P,O,1,CA,0,293008.34,0.008995403549511222,619.8903370128481,0.007162279477181534
14428,2020-07-31,811.0,80.04997,47.457886,36.0,3.706,0.47266674,101,12.926097,8.833333,5.0717945,1.7430038,0,0,P,O,1,PA,0,410896.56,0.0018776976404692918,662.4846123639979,0.001054338788498237
14431,2020-01-31,798.0,80.0,38.370983,29.0,3.799,-0.08433342,95,12.173908,4.8230767,-0.27692318,6.6999164,0,0,P,I,2,NV,0,193669.42,0.0007822441846673723,686.2126451314547,0.000728471765511531
14473,2021-07-31,758.0,80.0,73.00097,33.0,3.891,0.8743334,23,11.370004,6.133333,-3.5,3.6216621,0,0,P,O,2,CA,0,86682.17,0.009044843958902257,619.740644226362,0.0058770881468667826
14486,2020-01-31,745.0,95.453964,59.631893,50.0,4.03,0.14666677,70,12.421516,4.423077,-0.2769227,5.7497625,0,0,P,O,2,CA,0,248082.42,0.01187152795016126,612.3032792562964,0.0062896397029266644
14506,2022-01-31,736.0,80.0,74.295975,26.0,3.236,-0.2806666,14,11.953676,4.1583333,-1.875,4.744165,0,0,P,O,2,TX,0,155387.31,0.006233151674106899,629.8936707310883,0.005609159073814464
14565,2022-07-31,789.0,80.0,71.32274,39.0,3.269,-2.464333,24,12.590813,3.9083333,-1.125,4.7441654,0,0,P,O,1,TX,0,293846.4,0.0013739699219078476,670.9515531987365,0.002416431936953076
14604,2020-01-31,768.0,79.17696,49.714397,50.0,3.913,0.029666662,62,11.448061,4.8230767,-0.27692318,6.6999164,0,0,C,S,2,NV,0,93719.43,0.004207473140802244,640.5855459528316,0.004922487612043717
14624,2020-07-31,705.0,85.57375,78.75447,41.0,4.533,1.2996666,21,12.986881,8.933333,5.071795,1.950057,2,0,N,O,1,GA,0,436647.3,0.059178331507418025,567.4992766217597,0.054537047614746245
14636,2023-01-31,792.0,80.0,69.16721,27.0,2.823,-3.6103334,21,12.642277,4.8,-0.45833302,6.2885814,0,0,P,O,1,CA,0,309364.97,0.0009856840670222824,679.9507338181639,0.0010827886292556238
14646,2021-07-31,823.0,69.7767,66.55859,25.0,3.263,0.24633336,12,12.253986,5.0333333,-3.5000005,2.7406642,0,0,P,O,2,TX,0,209815.97,0.0009844543716373392,679.9845522869558,0.000897350684879568
14677,2022-07-31,762.0,80.0,42.59377,35.0,3.607,-2.126333,98,12.111252,5.008333,-1.125,6.28858,0,0,N,I,2,CA,0,181907.12,0.0027021705326831717,652.610638363144,0.0026960376677153974
14685,2021-01-31,704.0,80.0,62.621643,42.0,5.097,2.1803334,61,11.767172,6.8333335,2.7102566,0.32579577,0,0,N,O,2,IL,0,128948.97,0.06502100536514681,564.7824520475028,0.025243599909137868
14709,2021-01-31,753.0,80.0,79.33967,34.0,3.056,0.13933325,2,11.926132,6.5333333,2.7102563,0.48909307,0,0,N,O,2,FL,0,151165.73,0.009644081660870552,617.9881173252181,0.0066338505771918205
14760,2020-07-31,732.0,80.0,47.991467,30.0,4.158,0.92466664,95,12.085601,8.533334,5.0717955,1.950057,0,0,C,O,2,TX,0,177300.39,0.017047392993496092,602.3678470634313,0.008311647841567673
14760,2021-01-31,732.0,80.0,47.13848,30.0,4.158,1.2413332,101,12.071529,6.0333333,2.7102563,0.38700014,0,0,C,O,2,TX,0,174823.06,0.010539201042656378,615.5614997771945,0.004897929786130159
14791,2022-07-31,694.0,85.18469,60.944485,23.0,4.568,-1.1653333,77,12.091419,4.7083335,-1.125,3.9803867,0,0,P,O,1,IL,0,178335.1,0.015876455119418098,604.3259582360321,0.013964619875590212
14791,2023-01-31,694.0,85.18469,59.052826,23.0,4.568,-1.8653336,83,12.079405,4.5,-0.4583335,3.9803917,0,0,P,O,1,IL,0,176205.23,0.014749598240149191,606.3494325397045,0.009345507429407277
14807,2022-01-31,807.0,80.0,73.16584,13.0,3.153,-0.36366653,15,12.266567,4.6583333,-1.875,6.029608,0,0,C,O,1,FL,0,212472.45,0.0006385811452345288,691.7083530077459,0.0006210496248538231
14859,2023-01-31,763.0,74.90272,63.19543,34.0,2.89,-3.5433333,22,12.655961,5.2,-0.4583335,7.330827,0,0,P,O,2,NV,0,313627.5,0.003440386635243817,646.0538236362862,0.0036067140974248256
14861,2020-07-31,754.0,80.0,60.19219,45.0,4.006,0.7726667,49,12.209179,9.033334,5.0717955,2.4695024,0,0,P,O,2,FL,0,200622.2,0.014365475452966353,607.0741534676337,0.019819299704886637
14884,2021-07-31,729.0,96.211365,57.961864,19.0,4.226,1.2093332,107,12.033705,5.8333335,-3.4999995,2.302998,0,0,P,S,1,IL,0,168333.9,0.009311915939210026,618.9457812784314,0.005700427742365442
14885,2022-01-31,764.0,79.710045,70.31033,39.0,3.917,0.4003334,34,12.075716,4.9583335,-1.875,3.9803884,0,0,P,O,2,IL,0,175556.52,0.004808274468434127,636.9567915195867,0.0038765281136747573
14914,2023-01-31,739.0,64.80469,58.95659,30.0,3.319,-3.1143334,14,11.828855,4.8,-0.45833302,6.2885814,0,0,P,O,2,CA,0,137153.36,0.00543370362359209,633.6302955168437,0.008552064161292958
14970,2020-07-31,757.0,80.0,39.573627,20.0,3.94,0.7066667,96,13.0006075,10.033334,5.0717955,2.9916089,0,0,P,O,2,NV,0,442682.12,0.004201869006927334,640.6217703796157,0.003841643047339065
15001,2022-01-31,727.0,62.86786,45.04877,19.0,3.66,0.14333344,59,12.051766,4.6583333,-1.875,6.029608,0,0,N,O,2,FL,0,171401.92,0.003723339675181157,643.9070610924668,0.0031960489207134425
15006,2020-01-31,708.0,80.0,72.02941,39.0,4.786,0.90266633,21,12.448517,3.7230768,-0.27692318,4.340364,0,0,P,O,1,GA,0,254872.1,0.02488316461045476,591.9157161954863,0.016771160564783217
15140,2022-07-31,701.0,80.0,72.830894,28.0,3.072,-2.661333,18,12.667409,4.2083335,-1.125,4.2343626,0,0,P,O,1,PA,0,317238.3,0.025377454289659058,591.369649290191,0.02108125140347111
15143,2023-01-31,745.0,87.71339,81.60996,20.0,3.263,-3.1703334,13,12.406074,3.7,-0.45833325,4.7441583,0,0,N,O,1,TX,0,244280.73,0.00446288214544831,638.9836425105739,0.0035833752789099452
15256,2020-01-31,766.0,92.66126,85.47041,40.0,3.854,-0.029333353,13,11.865621,4.423077,-0.2769227,5.7497625,0,0,P,I,2,CA,0,142289.67,0.005907734825332075,631.3537031455633,0.008636597384469145
15320,2022-01-31,740.0,80.0,74.44926,36.0,4.274,0.7573335,24,12.754538,4.758333,-1.875,3.474294,1,0,N,O,2,OH,0,346118.72,0.00830999999536912,622.0539975979433,0.012517873427440812
15325,2022-07-31,700.0,92.50335,71.51972,43.0,4.276,-1.4573331,61,11.782022,4.7083335,-1.125,3.9803867,0,0,P,O,2,IL,0,130878.234,0.04840747012900883,573.244588619185,0.020775983875071537
15341,2020-07-31,740.0,84.74922,62.63257,25.0,4.536,1.3026664,61,12.504055,8.533334,5.0717955,1.950057,0,0,P,O,1,TX,0,269427.66,0.008749331569347533,620.6477202989081,0.008275687306994824
15389,2021-07-31,763.0,80.0,60.847565,41.0,4.036,1.0193331,58,12.412309,5.0333333,-3.5000005,2.7406642,0,0,C,O,2,TX,0,245808.67,0.0038722513697503173,642.8416916477397,0.0037776908034240064
15432,2020-01-31,805.0,80.0,74.06891,34.0,4.112,0.22866654,17,12.199882,4.123077,-0.27692318,3.6427193,0,0,C,O,2,IL,0,198765.67,0.0012090583973863977,674.4165155427936,0.0008939349030112413
15446,2023-07-31,725.0,80.0,65.85818,34.0,3.972,-2.6613333,44,12.0844,3.7,-0.20833325,4.744168,0,0,P,O,1,TX,0,177087.66,0.00873568192636989,620.6903482038219,0.003914660471454498
15529,2020-01-31,768.0,80.0,52.79544,25.0,3.924,0.04066658,62,12.670785,4.423077,-0.2769227,5.7497625,0,0,C,O,1,CA,0,318311.12,0.0014542192027123526,669.4130841503941,0.000841362567906157
15575,2020-07-31,773.0,80.0,68.536156,30.0,4.318,1.0846665,34,12.493079,8.533334,5.0717955,1.950057,0,0,P,O,2,TX,0,266486.56,0.00654947151970051,628.5453157529494,0.005472224836832744
15607,2023-07-31,660.0,80.0,59.81179,35.0,5.145,-1.4883332,66,12.680136,4.4,-0.20833302,4.4889503,1,0,P,I,1,NY,0,321301.53,0.05839941310464999,567.8802642136318,0.06291930864652627
15665,2023-07-31,787.0,94.89315,79.87048,39.0,2.991,-3.6423333,25,12.842019,4.8,-0.20833302,6.2885866,0,0,P,O,2,CA,0,377761.84,0.001916621115228772,661.9282691830821,0.0032360233086126404
15762,2022-01-31,812.0,80.0,41.044415,50.0,4.268,0.7513335,108,11.301553,4.6583333,-1.875,6.029608,0,0,P,O,2,FL,0,80947.23,0.0014114572633145404,670.222012791115,0.0015495375874789406
15782,2022-07-31,732.0,67.77479,64.847984,35.0,3.327,-2.4063332,9,12.655728,4.7083335,-1.125,3.9803867,0,0,P,O,2,IL,0,313554.5,0.01172792434029157,612.636589625587,0.01605335045228481
15784,2020-07-31,748.0,80.0,77.8374,36.0,4.08,0.8466666,11,12.961565,9.133333,5.0717945,1.4332186,0,0,P,O,2,OH,0,425731.75,0.0180722472284125,600.7596022875143,0.016592675255320412
15803,2021-01-31,753.0,80.0,68.42808,37.0,4.07,1.1533334,43,11.965424,6.633333,2.7102563,0.2850178,0,0,C,O,2,OH,0,157223.48,0.009365507637420514,618.7890045478819,0.005924453152868424
15883,2021-07-31,696.0,83.33154,81.468704,49.0,3.291,0.27433324,3,12.130374,6.5333333,-3.5000005,4.213172,0,0,N,O,2,NV,0,185419.16,0.08399077669063447,557.2993586956164,0.057787012253507755
15912,2023-01-31,744.0,80.0,60.245518,31.0,4.443,-1.9903336,51,10.893854,4.4,-0.45833302,6.5481954,0,0,N,O,2,AZ,0,53844.42,0.004295271853537921,640.0242140672418,0.004544947318849685
15922,2020-01-31,775.0,91.580055,67.55837,31.0,3.892,0.008666515,46,13.197188,4.423077,-0.2769227,5.7497625,0,0,P,O,1,CA,0,538847.56,0.003122693670036764,648.6846420853877,0.0022720748055368306
16059,2023-01-31,737.0,85.222435,71.13531,47.0,3.757,-2.6763334,33,11.6903105,4.8,-0.45833302,6.2885814,0,0,P,O,1,CA,0,119409.11,0.011027340766211719,614.3227869603934,0.015999134417552387
16082,2020-01-31,714.0,80.40795,79.77426,26.0,4.119,0.23566651,2,12.975139,4.423077,-0.2769227,5.7497625,0,0,P,O,1,CA,0,431550.03,0.011206764176060757,613.8810650379601,0.012230428659774289
16147,2020-07-31,823.0,89.45943,86.332016,30.0,3.517,0.2836666,12,12.895218,9.333333,5.0717945,1.6396334,0,0,C,O,1,IL,0,398402.5,0.0036754511196589266,644.2587119674755,0.001618661469780791
16150,2023-07-31,718.0,82.91975,55.094315,24.0,4.44,-2.1933331,72,12.411534,4.2,-0.20833349,6.029608,0,0,P,O,1,FL,0,245618.33,0.005652195987088776,632.5573929478578,0.0034677159437391694
16151,2022-07-31,736.0,67.29026,64.726,17.0,3.177,-2.556333,7,12.789492,4.3083334,-1.125,4.7441654,0,0,N,O,2,GA,0,358431.12,0.0030230913968342355,649.5646598759489,0.003444884810802961
16166,2020-01-31,770.0,72.14673,56.377808,37.0,4.113,0.22966647,46,12.462011,3.323077,-0.27692294,4.340364,0,0,N,O,2,TX,0,258334.61,0.002215096400830503,658.0031164391422,0.0016784581767313627
16180,2021-01-31,735.0,80.0,79.59455,43.0,3.321,0.40433335,1,12.442247,6.3333335,2.7102566,0.34619996,0,0,P,O,2,PA,0,253279.1,0.018106529403678802,600.7073665498992,0.01800687689181559
16183,2021-07-31,794.0,80.0,76.032524,15.0,4.052,1.0353334,17,12.3208275,5.733333,-3.5000005,2.594572,0,0,C,O,1,NY,0,224319.67,0.0009468405669156338,681.0399063156509,0.0010270474758222326
16194,2023-01-31,710.0,95.72976,79.94277,21.0,4.083,-2.3503332,44,12.609875,4.0,-0.4583335,4.2343664,0,0,P,S,1,PA,0,299501.44,0.01027848237365882,616.24656427185,0.0065555799182748405
16242,2020-01-31,722.0,60.734627,39.281105,40.0,3.985,0.10166645,65,12.491652,4.423077,-0.2769227,5.7497625,1,0,P,O,2,CA,0,266106.34,0.008600708455478034,621.115461277751,0.004853826977187359
16282,2022-01-31,807.0,69.95578,64.669395,29.0,3.003,-0.5136666,16,12.062036,4.5583334,-1.875,4.744165,0,0,N,O,2,GA,0,173171.19,0.0009393510582592642,681.2550381269377,0.0009525330885156275
16349,2022-01-31,656.0,80.0,69.52596,24.0,4.553,1.0363333,31,12.410022,5.258333,-1.875,6.288583,0,0,P,O,2,CA,0,245247.06,0.07565849504014453,560.3720221254051,0.08261994778001239
16349,2022-07-31,656.0,80.0,66.81193,24.0,4.553,-1.1803331,37,12.400697,5.008333,-1.125,6.28858,1,0,P,O,2,CA,0,242970.83,0.060010605025847784,567.0973501040986,0.057770715368685104
16430,2020-01-31,830.0,64.33613,59.647495,33.0,3.385,-0.49833345,12,12.233068,4.423077,-0.2769227,5.7497625,0,0,P,O,1,CA,0,205472.69,0.0010623431546087625,677.9216467842939,0.0009664521586189185
16512,2022-07-31,752.0,80.0,38.20902,29.0,4.548,-1.1853333,116,12.288343,5.008333,-1.125,6.28858,0,0,C,O,1,CA,0,217149.98,0.003779970612440027,643.4969830555497,0.0025704889487279275
16525,2020-07-31,771.0,80.0,76.818985,42.0,4.049,0.81566644,14,12.609711,9.133333,5.0717945,1.4332186,0,0,C,O,1,OH,0,299452.34,0.011879876358171596,612.2840249499827,0.009209757182230983
16531,2023-07-31,768.0,87.137375,73.22829,38.0,3.292,-3.3413332,31,12.134975,4.1,-0.20833349,4.744168,0,0,C,O,2,GA,0,186274.22,0.004703176637561387,637.5577714110552,0.006881913108004805
16546,2020-07-31,738.0,80.0,51.216686,46.0,4.362,1.1286666,65,12.764557,10.033334,5.0717955,2.9916089,0,0,P,I,2,NV,0,349604.1,0.01845483719167044,600.1820859139399,0.03212020033847125
16569,2023-07-31,718.0,66.35296,59.861572,39.0,3.496,-3.1373332,21,12.648225,4.5,-0.20833349,3.9803836,0,0,C,O,1,IL,0,311210.4,0.012706138235967883,610.4416072904036,0.013461015228085474
16573,2020-01-31,778.0,80.0,73.439995,31.0,4.4,0.51666665,17,12.457007,3.7230768,-0.27692318,4.340364,0,0,C,O,1,GA,0,257045.23,0.002864946795571514,651.0231162057863,0.002749541819140697
16573,2022-07-31,778.0,80.0,65.08693,31.0,4.4,-1.333333,47,12.409651,4.3083334,-1.125,4.7441654,0,0,C,O,1,GA,0,245156.22,0.002096445105171035,659.4962947079792,0.0018799098367192728
16579,2020-01-31,752.0,80.0,73.563484,33.0,4.105,0.22166657,14,12.7733555,3.823077,-0.27692294,5.5135503,0,0,P,O,2,FL,1,352693.9,0.00564682298127388,632.5832787827712,0.005696728969072966
16586,2020-01-31,710.0,80.0,71.97061,37.0,4.961,1.0776665,18,12.703961,3.823077,-0.27692294,5.5135503,0,0,C,O,1,FL,0,329048.9,0.02065018117638761,597.0795361299494,0.012143454807793221
16627,2022-01-31,812.0,80.0,76.89946,46.0,2.85,-0.66666675,7,12.553496,4.1583333,-1.875,4.744165,0,0,P,O,1,TX,0,283083.16,0.0019884753168124252,660.93024008673,0.0013158454428762597
16642,2020-01-31,745.0,94.679985,71.59394,38.0,4.617,0.73366666,53,12.524134,3.323077,-0.27692294,4.340364,0,0,P,O,1,TX,0,274891.97,0.008956200154203502,620.009615444158,0.00399742039599247
16660,2023-01-31,660.0,80.0,73.60933,28.0,3.814,-2.6193335,16,12.338088,4.4,-0.45833302,4.488958,0,0,P,O,1,NY,0,228225.1,0.06685505120056418,563.9764803883868,0.08274827017037198
16692,2022-01-31,813.0,68.11354,62.39388,35.0,3.317,-0.19966674,22,12.691544,4.5583334,-1.875,4.744165,0,0,P,O,1,GA,0,324988.03,0.001143229562017683,675.9334790139833,0.0008850069150668134
16719,2022-07-31,657.0,80.0,57.508545,33.0,4.937,-0.7963333,60,12.283413,5.008333,-1.125,6.28858,0,0,P,O,1,CA,0,216081.97,0.07683637090518751,559.9194146847449,0.0818839724882679
16747,2021-01-31,778.0,66.85232,65.86761,33.0,3.261,0.34433317,6,12.179444,6.5333333,2.7102563,0.48909307,0,0,N,O,2,FL,0,194744.62,0.004850952351213305,636.7164709557969,0.003419110584984612
16776,2022-01-31,730.0,80.0,73.97696,28.0,3.439,-0.07766676,17,12.269972,4.1583333,-1.875,4.744165,0,0,P,O,1,TX,0,213197.03,0.01087122697016968,614.7129439146213,0.007779845522096354
16816,2021-01-31,720.0,80.0,54.35382,46.0,4.411,1.494333,67,12.461962,7.133333,2.710256,0.509528,0,0,P,O,1,CA,0,258321.98,0.031515467830661156,585.3360918317959,0.030699066640329543
16832,2020-01-31,721.0,80.0,62.08391,42.0,4.59,0.7066667,52,11.7077875,3.623077,-0.27692318,3.8747516,0,0,P,O,2,PA,1,121514.305,0.013267615329412685,609.2559306928815,0.01300831253225806
16835,2020-07-31,759.0,92.9383,84.113754,26.0,4.06,0.8266666,21,11.538895,9.033334,5.0717955,2.4695024,0,0,P,I,2,FL,0,102630.95,0.016473039063018884,603.3112069506598,0.013813283505766615
16857,2023-07-31,737.0,80.0,55.40492,32.0,4.482,-2.1513333,66,12.39058,4.2,-0.20833349,6.029608,0,0,C,O,2,FL,0,240525.31,0.0042633350150000195,640.2270656411278,0.0029649311766268317
16907,2020-01-31,754.0,60.66462,57.528717,30.0,3.658,-0.22533345,9,12.833142,3.823077,-0.27692294,5.5135503,0,0,C,O,1,FL,0,374423.38,0.0036313870689864895,644.5863352843819,0.0033439754174553883
16922,2020-07-31,748.0,85.57304,85.30405,38.0,3.516,0.28266668,2,12.618102,9.233334,5.071795,1.8464669,0,0,N,O,1,NY,0,301975.78,0.02260943756364676,594.5721499686956,0.015929374070809424
16935,2021-07-31,779.0,76.016106,71.87696,46.0,3.933,0.91633344,19,12.102096,5.0333333,-3.5000005,2.7406642,0,0,P,O,2,TX,0,180249.2,0.00674164178234963,627.7574073840188,0.006977833035359788
16962,2020-01-31,757.0,80.0,74.36977,48.0,4.162,0.27866673,15,11.750214,4.023077,-0.27692318,4.1072965,0,0,C,O,1,NY,0,126780.63,0.009066357075496332,619.6757610565763,0.007136677877488124
17089,2020-01-31,730.0,80.0,72.59573,26.0,4.097,0.21366668,14,11.93152,4.8230767,-0.27692318,6.6999164,0,0,P,O,1,NV,0,151982.4,0.013118817142423935,609.5652552815081,0.008344595259157785
17096,2021-01-31,718.0,80.0,73.05273,50.0,4.008,1.0913332,23,13.234895,7.133333,2.710256,0.509528,0,0,C,O,1,CA,0,559553.8,0.04862196591722646,573.1188296629509,0.0541157891307479
17108,2021-01-31,692.0,94.908325,88.62324,28.0,4.138,1.2213333,20,12.30851,6.5333333,2.7102563,0.48909307,0,0,C,O,2,FL,0,221573.6,0.07535081397991154,560.4913159422058,0.17567072733379935
17109,2020-01-31,728.0,72.951225,50.66003,48.0,4.522,0.6386664,56,12.132553,4.423077,-0.2769227,5.7497625,0,0,P,O,2,CA,0,185823.61,0.013071948657852986,609.6634036432996,0.0119364458459617
17120,2022-07-31,801.0,74.31806,64.426445,39.0,3.585,-2.148333,28,12.454195,5.008333,-1.125,6.28858,0,0,P,O,1,CA,0,256323.34,0.001476680742070395,668.9976435076061,0.0010743444025995733
17130,2020-07-31,697.0,61.545254,61.28309,30.0,4.101,0.8676665,3,12.154576,9.033334,5.0717955,2.4695024,0,0,P,O,2,FL,0,189961.36,0.05006287502372523,572.287417379937,0.022480750907082
17234,2021-07-31,734.0,80.34488,71.137215,44.0,4.273,1.2563331,33,11.75743,5.3333335,-3.4999995,2.448673,0,0,C,O,2,PA,0,127698.83,0.014341487139358533,607.1200432973187,0.013392540408310241
17282,2022-07-31,830.0,83.54761,70.032196,36.0,3.508,-2.2253332,35,11.940991,5.008333,-1.125,6.28858,0,0,P,I,1,CA,0,153428.8,0.0014331163965276754,669.8092738322202,0.0007420856994861711
17290,2022-01-31,757.0,80.0,66.87183,34.0,4.336,0.8193333,42,11.932399,4.5583334,-1.875,4.744165,0,0,P,O,1,GA,0,152116.08,0.005360827930221632,633.9977138965071,0.003163990236694057
17293,2023-07-31,691.0,78.84043,64.12747,50.0,3.211,-3.4223332,27,12.523289,5.2,-0.20833349,7.330832,0,0,P,O,2,NV,0,274659.78,0.049355086331196535,572.6929391554021,0.09276991034721131
17297,2020-01-31,786.0,80.0,76.91492,37.0,3.735,-0.14833355,8,12.535411,3.323077,-0.27692294,4.340364,0,0,P,O,1,TX,0,278009.5,0.0032791265246315897,647.3574673226956,0.0021588967395858856
17302,2022-07-31,805.0,75.56119,71.535484,49.0,2.939,-2.7943332,8,11.950045,5.008333,-1.125,6.28858,0,0,P,O,2,CA,0,154823.98,0.0023106471010150226,656.8575579644146,0.0016893952724622338
17357,2020-01-31,629.0,81.24938,80.60598,22.0,4.453,0.5696666,2,12.855089,4.023077,-0.27692318,5.986506,0,0,P,O,1,AZ,0,382731.75,0.04198702693251946,577.2776362575004,0.12373794414765157
17374,2022-07-31,692.0,80.0,59.471123,29.0,4.406,-1.327333,63,11.815239,3.9083333,-1.125,4.7441654,0,0,P,O,2,TX,0,135298.48,0.01815722537901161,600.6302987617523,0.01413950568622891
17412,2021-07-31,795.0,82.878395,80.22222,36.0,2.886,-0.13066673,6,12.045491,5.733333,-3.5000005,2.594572,0,0,P,O,2,NY,0,170329.75,0.0019446988393749334,661.533904420406,0.0015895267578538714
17454,2020-07-31,785.0,83.81838,72.98384,32.0,4.278,1.0446665,26,12.675815,9.233334,5.071795,2.6780384,0,0,C,I,1,AZ,0,319916.28,0.006780711110414438,627.5999524573422,0.003411660405885929
17525,2020-07-31,684.0,80.0,75.661545,19.0,4.527,1.2936666,17,12.590063,9.333333,5.0717945,1.6396334,0,0,N,O,2,IL,0,293626.25,0.03590872149701575,581.6811194606745,0.03278272259586774
17643,2023-01-31,767.0,75.84077,54.20193,38.0,4.342,-2.0913334,61,12.004153,4.2,-0.4583335,6.0296116,0,0,N,O,1,FL,0,163432.19,0.002214828923201011,658.0063919507124,0.0017172341430466095
17653,2023-07-31,747.0,68.28384,61.42717,50.0,3.156,-3.4773333,23,13.026619,4.3,-0.20833302,3.4742944,0,0,P,O,2,OH,0,454348.1,0.009450735482076459,618.5415007696777,0.012214109644539591
17676,2023-01-31,724.0,73.62046,63.870358,26.0,3.453,-2.9803333,27,12.453589,3.7,-0.45833325,4.7441583,0,0,P,O,2,TX,0,256168.1,0.008006945515828439,623.067708596247,0.0043057438775091555
17699,2023-01-31,796.0,96.19611,62.772423,26.0,4.594,-1.8393335,86,11.748172,3.7,-0.45833325,4.7441583,0,0,P,O,2,TX,0,126522.02,0.0009173142165455823,681.8981174328026,0.0007989918797524332
17725,2023-01-31,718.0,85.967476,71.10325,21.0,4.236,-2.1973333,38,11.977375,4.8,-0.45833302,6.2885814,0,0,C,O,1,CA,0,159113.77,0.005082636427477856,635.4474877510347,0.002990055495042364
17741,2021-07-31,699.0,80.0,60.996365,46.0,4.195,1.1783335,58,11.40518,5.4333334,-3.5,2.7406642,0,0,C,O,2,GA,0,89785.62,0.051215351393453644,571.6385925360313,0.06051798041818858
17754,2021-07-31,718.0,95.56983,70.41102,32.0,4.557,1.5403335,65,11.47127,5.4333334,-3.5,2.7406642,0,0,P,O,1,GA,0,95920.01,0.01667165502781087,602.9813786634601,0.019559428793714084
17762,2023-07-31,715.0,80.0,66.53179,21.0,3.243,-3.3903332,27,12.191009,4.8,-0.20833302,6.2885866,0,0,C,O,1,CA,0,197009.8,0.005647090933342393,632.5819872747795,0.0065965044327671845
17849,2022-01-31,697.0,90.097595,87.7918,36.0,3.44,-0.07666659,4,12.894843,4.6583333,-1.875,6.029608,0,0,P,O,2,FL,1,398253.28,0.06091228565031451,566.6677521153924,0.04946408306206813
17853,2020-01-31,755.0,96.12003,67.453804,28.0,3.853,-0.030333519,64,12.180404,3.323077,-0.27692294,4.340364,0,0,P,O,2,TX,0,194931.58,0.004742536585637338,637.3311487702359,0.002028939930079323
17859,2023-07-31,729.0,87.53651,73.043945,37.0,3.524,-3.1093333,36,12.309098,4.1,-0.20833349,4.744168,0,0,P,O,2,GA,0,221703.86,0.015229337392103906,605.469985556719,0.014680973712794197
17864,2023-01-31,690.0,80.0,74.14129,42.0,3.521,-2.9123335,17,12.603169,4.3,-0.45833302,3.4743032,0,0,C,O,2,OH,0,297500.1,0.04136157201937597,577.7014913897702,0.034272222628348864
17870,2020-01-31,797.0,66.94839,40.26558,28.0,4.274,0.39066672,76,12.386332,4.423077,-0.2769227,5.7497625,0,0,C,O,1,CA,0,239505.4,0.0006350309203516809,691.8593337431713,0.0006824986052687723
17881,2023-07-31,794.0,77.86682,33.97946,31.0,4.148,-2.4853334,126,12.265478,4.8,-0.20833302,6.2885866,0,0,P,O,1,CA,0,212241.14,0.0006707610164658547,690.3768932795863,0.0007193694415227221
17882,2022-01-31,750.0,63.96214,43.334633,31.0,3.851,0.33433342,90,11.727853,4.758333,-1.875,3.474294,0,0,P,O,2,OH,0,123977.21,0.004257621424575631,640.263515860273,0.0033828937369248533
17888,2022-07-31,717.0,80.0,70.1191,21.0,3.391,-2.342333,21,12.363155,5.008333,-1.125,6.28858,0,0,P,O,2,CA,0,234018.48,0.00751203628991212,624.8079784046273,0.006634842073525964
17969,2020-07-31,731.0,96.753006,86.66462,40.0,4.505,1.2716668,23,11.972572,9.033334,5.0717955,2.4695024,1,1,N,O,2,FL,0,158351.4,0.05073560992143032,571.9069827098964,0.40726273740482105
18033,2023-01-31,675.0,80.0,73.37934,40.0,3.704,-2.7293334,13,12.006273,4.8,-0.45833302,6.2885814,2,1,C,I,1,CA,0,163778.94,0.09874017444536669,552.48145207197,0.6564868037656506
18083,2023-07-31,758.0,80.892235,65.355286,26.0,3.262,-3.3713331,35,12.069384,4.2,-0.20833349,6.029608,0,0,C,O,2,FL,0,174448.31,0.0037861063130755503,643.4529210118769,0.004359267111124472
18097,2023-07-31,754.0,78.29514,61.40859,25.0,3.598,-3.0353332,53,12.452769,4.4,-0.20833302,4.4889503,0,0,N,O,2,NY,0,255958.25,0.0025803964325308514,653.8619351707796,0.0024480021266037005
18106,2021-07-31,737.0,64.34842,60.4407,35.0,3.994,0.9773333,18,12.200614,6.133333,-3.5,3.6216621,0,0,C,O,2,CA,0,198911.23,0.010096470429969948,616.7350893138403,0.014683666810679417
18117,2023-07-31,683.0,73.22177,61.943466,42.0,3.397,-3.2363331,30,12.04522,3.7,-0.20833325,4.744168,0,0,C,O,2,TX,0,170283.64,0.03351058655092745,583.619001331605,0.028753270059622197
18141,2020-07-31,726.0,80.0,78.838,19.0,4.172,0.9386666,8,13.161587,9.333333,5.0717945,1.6396334,1,0,C,O,2,IL,0,520001.2,0.015046537964777697,605.801828797059,0.012675437408448599
18172,2020-01-31,740.0,80.0,71.52291,38.0,4.446,0.56266665,22,12.612232,3.323077,-0.27692294,4.340364,0,0,P,O,2,TX,0,300208.28,0.008286819511772356,622.1302304126873,0.005330737131203617
18199,2022-01-31,690.0,80.0,55.83634,37.0,4.353,0.8363335,63,11.684166,5.258333,-1.875,6.288583,0,0,P,O,1,CA,0,118677.57,0.03141866824668904,585.4220521905942,0.030302762479833253
18200,2020-01-31,689.0,80.0,72.64405,10.0,4.655,0.77166677,20,11.617411,4.023077,-0.27692318,4.1072965,0,0,P,O,1,NY,0,111013.87,0.014699804654268315,606.4423216464095,0.015412262544755069
18222,2023-01-31,764.0,62.343624,53.841465,27.0,3.112,-3.3213334,28,12.771115,4.1,-0.4583335,4.7441583,0,0,P,O,2,GA,0,351904.6,0.001683896050162157,665.4381365412429,0.004691641185307922
18227,2022-01-31,791.0,80.0,72.151535,46.0,3.643,0.12633324,23,11.946884,5.258333,-1.875,6.288583,0,0,N,O,1,CA,0,154335.52,0.0027830699309986814,651.8100692479973,0.005077906243543697
18292,2020-07-31,816.0,77.80744,61.71625,22.0,3.325,0.0916667,39,12.2448435,9.633333,5.0717945,2.5737188,0,0,N,S,2,CA,0,207906.5,0.0010740542478279566,677.6246108670207,0.0010450323054017143
18318,2020-01-31,724.0,80.097755,77.547806,19.0,3.913,0.029666662,7,12.387967,4.023077,-0.27692318,4.1072965,0,0,P,O,2,NY,0,239897.6,0.005938215699836669,631.213594966477,0.0034544532262239477
18335,2021-07-31,742.0,83.683495,78.30906,38.0,3.848,0.8313334,19,12.633431,5.733333,-3.5000005,3.7692225,0,0,P,O,1,AZ,0,306640.5,0.013851181195218769,608.0749583345848,0.013645323300233415
18345,2020-01-31,772.0,80.0,78.189156,45.0,3.872,-0.011333466,5,13.238908,3.323077,-0.27692294,4.340364,0,0,C,O,1,TX,0,561803.56,0.004786067051836099,637.0826832201531,0.004068426376241656
18367,2022-01-31,703.0,80.0,58.283916,25.0,4.234,0.71733356,66,11.415792,4.5583334,-1.875,4.744165,0,0,C,O,2,GA,0,90743.52,0.01652394047229935,603.2263072828687,0.013989058588393227
18393,2022-01-31,746.0,80.0,61.025448,50.0,4.35,0.83333325,49,11.66451,4.858333,-1.875,6.5481935,0,0,P,O,2,AZ,0,116367.664,0.011572531068462014,613.0018382279991,0.014881574062742532
18443,2020-01-31,695.0,66.78151,62.61176,45.0,4.362,0.47866654,14,12.542592,3.623077,-0.27692318,3.8747516,0,0,P,O,2,PA,0,280013.16,0.03698320914278632,580.8529841986768,0.05178692784452819
18500,2022-07-31,829.0,94.73742,82.580444,33.0,3.095,-2.638333,23,12.589119,5.008333,-1.125,6.28858,0,0,C,O,2,CA,0,293349.3,0.002224313046451236,657.890490493379,0.0009381693755566092
18534,2020-07-31,754.0,95.80277,90.52202,36.0,3.92,0.6866667,14,12.260874,9.633333,5.0717945,2.5737188,0,0,P,O,1,CA,0,211266.1,0.025345103379204172,591.4050707799696,0.03536896086400695
18553,2020-01-31,679.0,80.0,71.3432,39.0,4.781,0.8976667,28,12.408519,3.9230769,-0.27692294,3.1802256,0,0,P,O,1,OH,0,244878.9,0.0325524091704189,584.4309523647264,0.042032649154622195
18664,2021-01-31,733.0,83.58891,82.01789,31.0,3.856,0.9393332,10,12.219559,6.4333334,2.7102566,0.38700014,0,0,C,O,2,GA,0,202715.52,0.01876418337238443,599.723656102397,0.010168429755200463
18715,2022-07-31,777.0,80.0,67.49487,42.0,3.63,-2.103333,39,12.622226,4.3083334,-1.125,4.7441654,0,0,N,O,1,GA,0,303223.72,0.00401696086797003,641.844787295358,0.0024390018884839436
18734,2020-07-31,775.0,80.0,64.25682,30.0,3.847,0.61366653,38,11.525388,9.633333,5.0717945,2.5737188,0,0,C,O,2,CA,0,101254.016,0.0053793481873193015,633.9038713931361,0.00535031517168429
18783,2023-01-31,802.0,80.0,71.97939,43.0,3.05,-3.3833334,21,11.841658,4.5,-0.4583335,3.9803917,0,0,P,O,2,IL,0,138920.56,0.0017353117434531224,664.6227358899064,0.0016079361187765272
18786,2022-01-31,736.0,80.0,75.71039,31.0,2.99,-0.52666664,11,12.690303,4.9583335,-1.875,3.9803884,0,0,P,O,2,IL,0,324585.12,0.008278639709716333,622.1571815152766,0.018202185635859312
18794,2022-07-31,751.0,68.84278,65.526985,38.0,3.23,-2.503333,10,12.367106,4.7083335,-1.125,3.9803867,0,0,C,O,2,IL,0,234944.88,0.006151254221940307,630.2538545260127,0.00830107524876153
18816,2020-01-31,752.0,80.0,63.68967,31.0,3.964,0.08066654,35,11.458329,4.423077,-0.2769227,5.7497625,0,0,C,O,1,CA,0,94686.766,0.004369501122188354,639.5584786611641,0.004117043052285719
18824,2023-07-31,740.0,70.9468,62.009754,38.0,3.195,-3.4383333,24,12.346866,4.1,-0.20833349,4.744168,0,0,P,S,2,GA,0,230237.17,0.006882163477161805,627.195255323655,0.008138578021207193
18829,2020-01-31,727.0,80.0,64.530464,37.0,3.921,0.03766656,34,12.09014,3.823077,-0.27692294,5.5135503,2,0,N,S,2,FL,0,178107.05,0.010583173516425235,615.4476125809633,0.0073264221573581005
18874,2020-01-31,720.0,61.592712,59.84245,30.0,4.532,0.6486666,7,11.622489,4.123077,-0.27692318,3.6427193,0,0,P,O,1,IL,0,111579.09,0.008482930973068537,621.4918523864849,0.005035959074598934
18878,2020-01-31,739.0,80.0,76.29837,50.0,3.967,0.08366656,8,12.06306,4.423077,-0.2769227,5.7497625,0,0,C,O,2,CA,0,173348.56,0.012418141650648022,611.069995154208,0.011280524461853984
18952,2020-01-31,688.0,80.0,66.18306,50.0,4.556,0.6726668,30,12.440432,4.423077,-0.2769227,5.7497625,0,0,P,O,1,CA,0,252819.69,0.04731605187761191,573.8927983128661,0.04641719626521248
19010,2020-07-31,730.0,80.0,68.591034,43.0,4.634,1.4006665,30,12.043855,9.033334,5.0717955,2.4695024,0,0,P,O,2,FL,0,170051.25,0.04076952272450468,578.1083969390138,0.04047095111019873
19040,2022-07-31,771.0,61.219658,35.47247,35.0,4.321,-1.412333,87,11.359174,4.608333,-1.125,6.5481853,0,0,P,O,1,AZ,0,85748.52,0.0019831945956245234,661.0023522801114,0.0025662923918997648
19084,2022-07-31,730.0,80.0,70.16105,23.0,3.189,-2.5443332,20,13.057861,5.008333,-1.125,6.28858,0,0,C,O,2,CA,0,468767.1,0.010405435545671374,615.9108606286067,0.007696590426941485
19126,2020-01-31,781.0,88.91351,84.78951,17.0,4.068,0.1846664,10,12.195406,4.023077,-0.27692318,4.1072965,0,0,N,O,1,NY,0,197878.03,0.002255273546960008,657.515538366527,0.001712841658269321
19171,2022-07-31,795.0,84.514984,68.46037,19.0,4.341,-1.392333,49,12.522712,4.608333,-1.125,4.48896,0,0,P,O,1,NY,0,274501.53,0.0004861860258180276,699.0917329905128,0.0007750553302221733
19177,2022-07-31,714.0,80.0,35.389713,33.0,4.316,-1.4173331,125,12.100112,5.008333,-1.125,6.28858,0,0,C,O,2,CA,0,179891.94,0.010270019146736751,616.2690893365902,0.008399347885432269
19180,2021-01-31,816.0,79.81439,61.709747,37.0,3.589,0.67233324,54,11.83479,6.4333334,2.7102566,0.38700014,0,0,P,O,2,GA,0,137969.83,0.0015034798254422465,668.5101547039944,0.0013678632804501256
19183,2020-01-31,704.0,92.61904,68.22882,35.0,4.339,0.45566678,47,12.257324,4.423077,-0.2769227,5.7497625,1,0,C,O,1,CA,0,210517.58,0.03348599565465191,583.6395575946592,0.012278463218215609
19197,2023-01-31,703.0,80.0,72.49138,37.0,3.392,-3.0413334,20,12.758625,4.5,-0.4583335,3.9803917,0,0,N,O,1,IL,0,347536.38,0.030970361960526688,585.8235307071905,0.02362507370801435
19197,2023-07-31,703.0,80.0,70.3366,37.0,3.392,-3.2413332,26,12.747966,4.5,-0.20833349,3.9803836,0,0,N,O,1,IL,0,343851.56,0.02837605602107832,588.26360126806,0.023492183796115857
19209,2021-01-31,754.0,75.286606,74.50118,33.0,3.249,0.33233333,4,12.035946,6.0333333,2.7102563,0.38700014,0,0,C,I,2,TX,0,168711.62,0.008162518741988591,622.5426557592198,0.0039901065639281605
19239,2021-07-31,716.0,64.79126,41.7735,20.0,4.523,1.5063331,73,11.804973,5.733333,-3.5000005,3.7692225,0,0,C,O,2,AZ,0,133916.58,0.005884515803662395,631.4609145712656,0.008500485534217577
19313,2021-01-31,721.0,78.14046,76.93764,39.0,3.561,0.64433336,8,11.634151,6.633333,2.7102563,0.2850178,0,0,P,O,2,OH,0,112888.0,0.030738956479068314,586.0329713765319,0.03170207701057679
19321,2022-07-31,761.0,80.0,74.42627,21.0,3.234,-2.4993331,11,12.567155,4.4083333,-1.125,6.0296097,0,0,P,S,1,FL,0,286976.38,0.0029403689492824158,650.3177982253546,0.0031800120116444058
19332,2022-07-31,740.0,93.46691,41.64684,26.0,4.266,-1.4673333,121,11.3950205,4.608333,-1.125,6.5481853,0,0,P,O,2,AZ,0,88878.01,0.005512591412365561,633.2380493921023,0.0033882864165160754
19353,2021-01-31,804.0,80.0,71.95257,40.0,4.341,1.4243333,30,13.101635,6.3333335,2.7102566,0.34619996,0,0,P,O,1,PA,0,489742.44,0.002254462305180652,657.5252973516358,0.0012504039918256214
19423,2020-01-31,722.0,90.91818,75.62537,29.0,4.393,0.5096667,29,10.971851,4.423077,-0.2769227,5.7497625,0,0,P,O,2,CA,0,58212.29,0.014038404987977824,607.7064483708483,0.009037510557548655
19461,2022-07-31,811.0,76.86286,72.166306,33.0,3.092,-2.641333,9,12.160155,4.608333,-1.125,6.5481853,0,0,P,O,1,AZ,0,191024.1,0.0013241070986456376,671.953358315042,0.0010895054499707568
19483,2020-07-31,736.0,80.0,68.11278,49.0,4.196,0.96266675,36,12.018798,9.233334,5.071795,1.8464669,0,0,P,O,2,NY,0,165843.11,0.02664241653363091,590.0180055769042,0.03256229949584505
19510,2021-07-31,788.0,73.954926,65.901886,33.0,3.935,0.9183333,25,12.165664,6.5333333,-3.5000005,4.213172,0,0,P,O,2,NV,0,192079.28,0.0018798509658171632,662.4535348074179,0.0028019280159957477
19517,2023-01-31,751.0,75.816696,62.79251,42.0,3.843,-2.5903335,38,12.18279,4.2,-0.4583335,6.0296116,0,0,N,O,2,FL,0,195397.2,0.005669073672008376,632.4762392168877,0.003251029544008591
19537,2022-07-31,750.0,80.0,69.52735,40.0,3.917,-1.816333,28,12.075366,5.008333,-1.125,6.28858,0,0,P,O,1,CA,0,175495.03,0.010110457411835288,616.6972399094809,0.006722785899448561
19547,2022-07-31,733.0,74.66407,63.43423,36.0,3.694,-2.039333,41,11.812699,4.7083335,-1.125,3.9803867,0,0,C,O,1,IL,0,134955.34,0.00998737360052253,617.0321039004663,0.007847404658362625
19704,2021-01-31,763.0,90.9672,89.16689,31.0,3.971,1.0543332,11,12.188016,6.733333,2.710256,0.366599,0,0,P,O,1,NY,0,196421.12,0.011132313728114943,614.0634995040531,0.01159557665139437
19736,2021-07-31,818.0,80.0,78.92035,25.0,3.033,0.016333342,2,12.608818,6.133333,-3.5,3.6216621,0,0,P,O,2,CA,0,299185.16,0.001281747834559052,672.8344633147204,0.000975140987639018
20079,2020-01-31,821.0,79.54825,67.02569,48.0,3.694,-0.18933344,33,13.495463,4.023077,-0.27692318,4.1072965,0,0,P,O,1,NY,0,726115.06,0.0017353092253349638,664.622775231167,0.0010826310777070707
20087,2020-07-31,830.0,80.0,66.012764,30.0,3.288,0.054666758,40,12.623803,9.233334,5.071795,1.8464669,0,0,P,O,2,NY,0,303702.28,0.0019310299215180135,661.7251758215979,0.0015240506405117605
20134,2020-01-31,820.0,86.764946,79.59489,41.0,4.236,0.35266662,17,12.549128,3.323077,-0.27692294,4.340364,0,0,P,O,1,TX,0,281849.28,0.0014145468343613613,670.1627523705761,0.000814638497541808
20157,2020-01-31,762.0,91.29151,77.23,38.0,3.807,-0.07633352,35,11.620201,4.123077,-0.27692318,3.6427193,0,0,P,O,2,IL,0,111324.055,0.0048395704054857835,636.780356699101,0.0064684572651199585
20176,2023-07-31,772.0,80.0,68.89398,20.0,3.293,-3.3403332,22,12.004052,4.8,-0.20833302,6.2885866,0,0,P,O,2,CA,0,163415.62,0.0015646702969063981,667.4288290360709,0.001960223927089239
20178,2020-07-31,830.0,80.0,60.71955,21.0,3.73,0.49666667,46,12.044814,9.633333,5.0717945,2.5737188,0,0,C,O,2,CA,0,170214.39,0.001023158642327431,678.9398467987919,0.0008657781011597507
20189,2022-07-31,792.0,83.20915,69.84506,26.0,3.685,-2.0483332,40,11.529779,4.3083334,-1.125,4.7441654,0,0,P,O,1,GA,0,101699.68,0.0008322110367554067,684.5355010297276,0.000924141466709945
20207,2020-07-31,637.0,94.28932,83.965454,27.0,5.339,2.1056669,29,11.903003,9.233334,5.071795,1.8464669,0,0,P,O,2,NY,1,147709.45,0.20417994282786192,529.4517117986068,0.36702411057099354
20228,2022-01-31,748.0,89.24064,83.425156,38.0,3.117,-0.39966655,13,12.4441805,4.4583335,-1.875,4.23435,0,0,P,O,1,PA,0,253769.1,0.013621878721192597,608.5330409076398,0.01277728573341598
20242,2022-07-31,819.0,86.1945,56.87018,50.0,3.591,-2.142333,69,12.275911,5.008333,-1.125,6.28858,0,0,P,O,2,CA,0,214466.94,0.0017828583235002687,663.8898800572413,0.001209532851055781
20262,2023-01-31,751.0,80.0,66.90373,28.0,3.775,-2.6583333,32,12.655825,4.8,-0.45833302,6.2885814,0,0,P,O,2,CA,0,313584.6,0.004360873531611469,639.612204323404,0.006102032314652848
20287,2022-07-31,785.0,80.0,76.03898,41.0,2.89,-2.843333,9,13.414581,3.9083333,-1.125,4.7441654,0,0,N,O,2,TX,0,669697.7,0.003961687420691125,642.2212788345954,0.0031392596082682376
20329,2020-07-31,647.0,90.79581,73.15321,22.0,4.521,1.2876666,47,12.7569065,9.233334,5.071795,1.8464669,0,0,N,O,1,NY,0,346939.62,0.10451189689817994,550.7700839905607,0.10766585307514
20411,2020-07-31,745.0,80.0,45.369576,39.0,3.714,0.48066664,102,12.373462,8.533334,5.0717955,1.950057,0,0,P,O,1,TX,0,236442.94,0.013211308282606703,609.3725784412586,0.006780544213901638
20432,2020-01-31,754.0,80.0,71.948105,31.0,4.56,0.6766665,21,13.048509,3.7230768,-0.27692318,4.340364,0,0,C,O,2,GA,0,464403.2,0.004746927531602741,637.3059831861499,0.002782866630550312
20434,2020-01-31,697.0,80.0,65.63464,47.0,4.333,0.44966674,31,12.44958,4.423077,-0.2769227,5.7497625,2,0,N,O,1,CA,0,255143.2,0.043809108087490084,576.0763973981511,0.041796307155993466
20462,2022-01-31,655.0,80.0,76.202965,35.0,3.491,-0.025666714,10,12.819813,4.9583335,-1.875,3.9803884,0,0,C,O,2,IL,0,369465.66,0.10834730559970134,549.6784989273435,0.10316465026678277
20501,2022-07-31,777.0,91.849754,87.406975,21.0,3.322,-2.411333,11,12.411724,4.508333,-1.125,3.4743087,0,0,P,O,2,OH,0,245664.97,0.0031545878193870013,648.408753681221,0.0041770560583279225
20514,2021-01-31,691.0,80.0,70.75689,33.0,4.666,1.7493331,33,12.008591,6.733333,2.710256,0.366599,0,0,C,I,2,NY,0,164158.97,0.05748842246743243,568.3319462279497,0.03546235958076209
20589,2022-07-31,761.0,88.0289,80.64118,27.0,3.06,-2.6733332,19,12.094932,4.508333,-1.125,3.4743087,0,0,P,O,1,OH,0,178962.42,0.006766050111431504,627.6589324846964,0.007520336480617103
20606,2022-07-31,830.0,80.0,71.07621,43.0,3.045,-2.688333,25,11.386298,3.9083333,-1.125,4.7441654,0,0,P,O,2,TX,0,88106.21,0.0016966120088729038,665.2341840890127,0.001443596989203246
20615,2022-01-31,633.0,82.017715,43.907825,30.0,4.751,1.2343333,99,11.253982,4.858333,-1.875,6.5481935,0,0,P,O,2,AZ,0,77186.66,0.06354439672782605,565.4468672683597,0.11832899945078236
20625,2020-07-31,676.0,95.49804,58.979702,40.0,4.409,1.1756666,79,12.027886,9.033334,5.0717955,2.4695024,0,0,C,O,2,FL,1,167357.25,0.203387093063071,529.583958910041,0.0603453124999227
20683,2021-07-31,740.0,80.0,59.751858,26.0,3.987,0.97033334,61,12.230333,5.4333334,-3.5,2.7406642,0,0,P,O,2,GA,0,204911.52,0.006386125890063331,629.2333136029064,0.006763713412150047
20689,2022-01-31,734.0,80.0,72.90073,36.0,3.123,-0.39366674,14,13.062221,4.858333,-1.875,6.5481935,0,0,P,O,1,AZ,0,470814.94,0.009628274966732457,618.0329440098361,0.019751847495571958
20695,2020-01-31,758.0,60.10528,51.58095,36.0,3.86,-0.02333355,35,11.899309,3.9230769,-0.27692294,3.1802256,0,0,P,I,2,OH,0,147164.92,0.0035985148954662633,644.8333352290621,0.0020476368064448643
20712,2022-01-31,774.0,80.0,68.54998,35.0,3.649,0.13233328,32,12.017917,5.258333,-1.875,6.288583,0,0,C,O,1,CA,0,165697.08,0.004393747888001976,639.4080529998895,0.005058647162833198
20719,2022-01-31,798.0,67.3276,61.312748,35.0,3.184,-0.33266664,16,12.9811735,5.258333,-1.875,6.288583,0,0,N,O,1,CA,0,434162.3,0.0014661500111263878,669.1916247087756,0.0012699788259448253
20762,2020-07-31,750.0,80.0,61.723206,30.0,3.938,0.7046666,44,12.278826,9.633333,5.0717945,2.5737188,0,0,C,O,1,CA,0,215093.0,0.011247868560433466,613.7808549886806,0.009024492686661932
20768,2020-07-31,731.0,79.22237,65.90475,34.0,4.743,1.5096667,34,11.887963,9.633333,5.0717945,2.5737188,1,1,C,O,2,CA,0,145504.58,0.02662532698396025,590.0358464115452,0.2633343972070039
20797,2021-07-31,663.0,80.0,75.29351,34.0,4.757,1.7403333,19,12.126513,6.133333,-3.5,3.6216621,1,0,P,O,2,CA,0,184704.48,0.13034606701079648,543.9995530799864,0.11270111356467506
20818,2022-01-31,653.0,80.0,78.37443,31.0,3.92,0.40333343,4,11.923267,4.858333,-1.875,4.4889507,0,0,C,O,1,NY,0,150733.27,0.09691714103641602,553.0404959898331,0.09353874783613125
20851,2021-07-31,731.0,73.22127,54.559708,29.0,5.119,2.1023333,71,11.4115925,5.8333335,-3.4999995,2.302998,0,0,C,S,1,IL,0,90363.234,0.01013902201121041,616.6201035472467,0.010882251445663786
20866,2020-01-31,698.0,71.92244,71.82023,37.0,4.077,0.1936667,1,12.847501,3.623077,-0.27692318,3.8747516,0,0,P,O,1,PA,0,379838.44,0.027786010619143035,588.8487319723051,0.016434209593879406
20902,2023-01-31,719.0,96.81724,88.217094,27.0,3.492,-2.9413333,19,12.843822,4.5,-0.4583335,3.9803917,0,0,P,O,1,IL,0,378443.3,0.01931772675021857,598.9215401918469,0.021289845921517944
20918,2022-07-31,736.0,79.460785,70.56883,42.0,3.934,-1.7993331,29,12.44574,3.9083333,-1.125,4.7441654,0,0,P,I,1,TX,0,254165.11,0.009823717943498806,617.483731874693,0.008626693872649673
20926,2021-07-31,757.0,85.60564,69.97871,34.0,4.413,1.3963335,40,12.764904,6.133333,-3.5,3.6216621,0,0,P,O,2,CA,0,349725.56,0.007639293023313622,624.3498704557799,0.007114546360988302
20952,2023-01-31,743.0,80.0,74.025894,31.0,3.291,-3.1423335,14,12.120145,3.7,-0.45833325,4.7441583,0,0,N,S,1,TX,0,183532.16,0.0060371822989442655,630.7635645956805,0.006379379795690391
20963,2021-07-31,830.0,75.262,72.312195,23.0,2.836,-0.18066669,6,12.389413,5.5333333,-3.5000005,3.4743047,0,0,P,O,2,FL,0,240244.52,0.00119846340474051,674.6550117060569,0.0009810488945999904
20985,2021-01-31,830.0,80.0,78.81739,41.0,3.063,0.14633322,7,12.876248,6.633333,2.7102563,0.2850178,0,0,C,O,1,OH,0,390916.22,0.0029478197847907697,650.2491026067705,0.0010829059369870963
21105,2023-07-31,726.0,80.0,64.21398,17.0,3.502,-3.131333,33,12.386646,4.4,-0.20833302,6.548197,2,0,P,O,1,AZ,0,239580.86,0.004903633983691977,636.4227039632525,0.002580757373319171
21199,2020-01-31,716.0,77.77012,70.473465,21.0,4.404,0.52066636,16,12.642185,4.423077,-0.2769227,5.7497625,0,0,C,O,2,CA,0,309336.6,0.0062509605797896415,629.8159701418514,0.009802424250885502
21208,2022-07-31,732.0,80.0,72.54163,25.0,3.729,-2.004333,18,11.932484,4.3083334,-1.125,4.7441654,0,0,C,O,2,GA,0,152128.98,0.008500913002665462,621.4340518745737,0.00892816236068098
21212,2020-07-31,800.0,81.47465,70.19223,36.0,4.11,0.8766668,28,13.001503,9.633333,5.0717945,2.5737188,0,0,P,O,2,CA,0,443078.8,0.002754181423050228,652.0932501322674,0.0016529582615859763
21241,2021-01-31,751.0,80.0,61.363373,28.0,3.67,0.75333333,47,11.86527,6.733333,2.710256,0.5299534,0,0,P,O,2,AZ,0,142239.75,0.007082909206906703,626.4116434634348,0.007994588147248715
21247,2020-07-31,789.0,68.29144,41.394253,22.0,3.812,0.5786667,101,12.150735,9.333333,5.0717945,1.6396334,0,0,P,O,1,IL,0,189233.16,0.0008435757326585592,684.1681046913463,0.002078421267052334
21248,2023-01-31,720.0,80.0,60.556488,41.0,4.469,-1.9643335,60,12.148262,3.7,-0.45833325,4.7441583,1,0,P,O,1,TX,0,188765.73,0.010207302780865814,616.4365850316043,0.005285901046300432
21256,2022-01-31,740.0,87.27548,76.5315,36.0,3.82,0.30333328,35,12.205755,4.9583335,-1.875,3.9803884,0,0,P,O,1,IL,0,199936.6,0.012417597400447625,611.071196238122,0.007239073848995745
21276,2022-07-31,786.0,80.0,70.12496,39.0,2.779,-2.954333,19,12.7306185,5.008333,-1.125,6.28858,0,0,P,O,1,CA,0,337938.34,0.004854232482357406,636.6980875886284,0.0031915123555957135
21305,2020-01-31,775.0,63.392456,61.66393,33.0,3.82,-0.06333351,7,13.291091,3.9230769,-0.27692294,3.1802256,0,0,P,O,1,OH,0,591899.0,0.0027897542600119193,651.7449634659063,0.0024302434875397216
21340,2023-07-31,824.0,85.16781,62.155846,41.0,4.312,-2.3213334,70,11.472276,4.0,-0.20833349,4.2343664,0,0,N,O,2,PA,0,96016.5,0.0009787910133035986,680.14084986427,0.0006140413386940194
21378,2023-07-31,712.0,84.46486,71.74937,50.0,3.208,-3.4253333,29,12.01335,3.7,-0.20833325,4.744168,0,0,C,O,1,TX,0,164942.03,0.029190793135014027,587.4747735100241,0.021593842629098352
21387,2021-07-31,776.0,80.0,69.08607,30.0,3.759,0.7423334,31,12.360201,6.133333,-3.5,3.6216621,0,0,P,O,1,CA,0,233328.11,0.00423807474983018,640.3885845175223,0.004550537204185391
21387,2022-01-31,776.0,80.0,66.30525,30.0,3.759,0.24233341,37,12.34961,5.258333,-1.875,6.288583,0,0,P,O,1,CA,0,230870.17,0.003413344625291421,646.2681275150428,0.003145643159672
21431,2020-01-31,830.0,82.08089,66.20395,41.0,3.624,-0.25933337,44,12.242049,4.123077,-0.27692318,3.6427193,0,0,P,O,1,IL,0,207326.23,0.0010694165621504923,677.7418506960488,0.0005827004867231635
21433,2022-01-31,744.0,92.89764,81.942955,37.0,3.838,0.3213334,33,12.288766,4.4583335,-1.875,4.23435,0,0,P,O,2,PA,0,217241.64,0.01048955112095449,615.6906578151751,0.007851234668191613
21559,2023-07-31,822.0,74.889496,63.21645,35.0,2.967,-3.6663332,22,12.373923,5.2,-0.20833349,7.330832,0,0,P,S,1,NV,0,236552.03,0.0012545095171960002,673.4165394423982,0.0009610303049325801
21625,2020-07-31,734.0,92.031,61.06983,14.0,4.208,0.97466683,68,12.008817,9.033334,5.0717955,2.4695024,0,0,P,O,1,FL,0,164196.11,0.00842111635979201,621.6914768249276,0.003847814979914019
21650,2023-01-31,811.0,80.0,69.571785,35.0,3.459,-2.9743333,38,12.581438,4.3,-0.45833302,3.4743032,0,0,C,O,2,OH,0,291104.72,0.0009539071681159513,680.8384754112482,0.000770535779981656
21679,2020-01-31,731.0,96.53738,84.070816,30.0,4.443,0.5596664,29,11.651942,3.623077,-0.27692318,3.8747516,0,0,P,O,1,PA,0,114914.29,0.014751452471300237,606.3459794708249,0.013410887850308742
21695,2020-01-31,753.0,80.0,42.664467,33.0,4.081,0.1976664,92,12.715865,4.423077,-0.2769227,5.7497625,0,0,P,O,2,CA,0,332989.22,0.0037840054017283745,643.4680001826974,0.0021678165941163754
21705,2023-07-31,767.0,80.0,56.508137,42.0,4.107,-2.5263333,73,11.761,4.4,-0.20833302,4.4889503,0,0,P,O,1,NY,0,128155.49,0.003246707246278281,647.6272507981555,0.0015668297644828386
21717,2022-07-31,687.0,80.0,47.939457,47.0,4.691,-1.0423331,78,11.793081,5.4083333,-1.125,7.330828,0,0,C,O,2,NV,0,132333.66,0.042171500298350345,577.153776079218,0.062848790844371
21782,2021-01-31,754.0,76.02748,62.59673,35.0,3.897,0.9803333,45,11.872075,6.733333,2.710256,0.366599,0,0,P,I,2,NY,0,143211.05,0.008256234817471717,622.2311373954853,0.007680059493629102
21854,2020-07-31,696.0,80.0,76.430954,40.0,4.225,0.99166656,14,12.755962,9.233334,5.071795,1.8464669,0,0,P,I,1,NY,0,346612.47,0.08418906811328433,557.229679618122,0.06821359470596598
21858,2021-07-31,791.0,80.0,49.941105,13.0,4.063,1.0463336,78,12.342881,6.133333,-3.5,3.6216621,0,0,P,I,2,CA,0,229321.7,0.0005937547509109655,693.6793637469178,0.0014031970153050204
21867,2020-07-31,761.0,80.0,65.466194,39.0,4.507,1.2736666,33,12.639061,10.033334,5.0717955,2.9916089,0,0,P,O,1,NV,0,308371.56,0.01406570908069663,607.653111311971,0.008376904244281958
21971,2021-07-31,781.0,63.42412,58.893127,42.0,3.693,0.6763334,20,12.9551115,5.733333,-3.5000005,3.7692225,0,0,C,O,1,AZ,0,422993.34,0.006535312292343679,628.6042745883169,0.0055002914291618545
21971,2022-07-31,781.0,63.42412,54.146984,42.0,3.693,-2.040333,32,12.934517,4.608333,-1.125,6.5481853,0,0,C,O,1,AZ,0,414370.9,0.0036726445333399847,644.2794624043645,0.002866913490978199
21972,2021-07-31,732.0,80.0,74.424286,41.0,4.046,1.0293334,20,11.311228,5.733333,-3.5000005,3.7692225,0,0,C,O,1,AZ,0,81734.234,0.023998913489690483,592.9195081737944,0.030818948352372196
22014,2022-07-31,713.0,80.0,72.49657,46.0,3.156,-2.5773332,21,11.583586,4.7083335,-1.125,3.9803867,1,0,N,O,1,IL,0,107321.63,0.03615339895902801,581.4904634234347,0.03096133741051017
22030,2020-07-31,788.0,88.22872,85.536095,29.0,3.619,0.3856666,10,12.490874,9.633333,5.0717945,2.5737188,1,0,C,I,2,CA,0,265899.7,0.003512383693741332,645.4913401083512,0.006632942634976054
22077,2020-07-31,779.0,82.4251,81.55778,24.0,3.815,0.5816667,7,12.640936,9.633333,5.0717945,2.5737188,0,0,N,I,1,CA,0,308950.47,0.005403296913539351,633.7829980209335,0.0036357927851279398
22078,2022-07-31,777.0,80.0,73.596725,36.0,2.975,-2.7583332,18,12.18034,4.508333,-1.125,3.4743087,0,0,N,O,1,OH,0,194919.17,0.003630811283493281,644.59064250893,0.00442738502615284
22081,2020-07-31,774.0,71.81307,51.69835,32.0,4.427,1.1936667,55,12.546464,9.633333,5.0717945,2.5737188,2,0,C,I,1,CA,0,281099.56,0.004268334380001437,640.1952117469984,0.00587683261730269
22137,2022-01-31,688.0,77.00819,71.8866,34.0,3.765,0.24833345,17,11.793395,4.9583335,-1.875,3.9803884,0,0,P,O,2,IL,0,132375.12,0.0389806135449468,579.3732035665779,0.03763024020131546
22221,2022-01-31,730.0,80.0,76.856285,35.0,3.477,-0.039666653,6,11.594468,5.258333,-1.875,6.288583,0,0,C,O,2,CA,0,108495.914,0.018268763946920764,600.4614791779751,0.01721540491388898
22229,2022-07-31,746.0,80.0,71.56845,28.0,3.362,-2.3713331,17,12.371734,4.4083333,-1.125,6.0296097,0,0,P,O,2,FL,0,236034.48,0.006347789329355821,629.3973165064436,0.007253903220203156
22305,2021-01-31,712.0,87.73749,63.27233,28.0,4.314,1.3973334,68,12.799,6.0333333,2.7102563,0.38700014,0,0,C,O,2,TX,0,361855.5,0.025430278628677402,591.3119055664195,0.009285053971472253
22322,2021-07-31,746.0,80.0,65.89526,31.0,4.027,1.0103333,51,12.386627,5.633333,-3.5,2.012241,0,0,P,O,1,OH,0,239576.4,0.007457897315262077,625.0052115959604,0.008644518710604404
22334,2022-01-31,717.0,76.28153,40.36034,34.0,4.296,0.77933335,99,11.900515,4.858333,-1.875,6.5481935,0,0,C,S,1,AZ,0,147342.36,0.010261560803469967,616.2916197646047,0.009623893251276702
22354,2023-01-31,687.0,80.0,61.17693,37.0,4.491,-1.9423332,50,12.76984,4.8,-0.45833302,6.2885814,0,0,P,O,2,CA,0,351456.3,0.022517282620825908,594.6852393695544,0.02636609432330246
22412,2020-07-31,830.0,80.0,77.61004,47.0,3.639,0.4056666,10,11.80651,9.033334,5.0717955,2.4695024,0,0,P,O,2,FL,0,134122.64,0.00481166228379712,636.9376372065361,0.001491091526165361
22439,2023-07-31,729.0,67.589355,43.92143,27.0,4.793,-1.840333,93,12.024437,4.0,-0.20833349,4.2343664,0,0,P,O,2,PA,0,166781.03,0.005924735029806204,631.2754717426926,0.004865304973939085
22449,2020-07-31,802.0,88.64409,71.31486,17.0,3.664,0.4306667,44,12.27642,8.533334,5.0717955,1.950057,0,0,N,O,2,TX,0,214576.08,0.001469478174480591,669.1301683582006,0.0007303947655337703
22471,2021-07-31,745.0,80.0,78.31244,22.0,3.198,0.1813333,4,12.183956,5.733333,-3.5000005,2.594572,0,0,C,O,1,NY,0,195625.23,0.005622802021218435,632.6993062207475,0.0032119876466536828
22486,2023-01-31,718.0,80.0,67.332306,26.0,3.513,-2.9203334,30,11.767629,4.2,-0.4583335,6.0296116,0,0,C,O,1,FL,0,129007.86,0.00908303163345296,619.6255757486435,0.006996473784411307
22500,2023-01-31,830.0,80.0,62.061687,29.0,3.455,-2.9783335,46,11.890143,4.8,-0.45833302,6.2885814,0,0,C,O,2,CA,0,145822.16,0.0007358919760792099,687.8670791849208,0.000757661617790649
22514,2022-07-31,721.0,79.67366,38.725967,39.0,4.883,-0.8503332,115,11.892049,5.008333,-1.125,6.28858,0,0,C,I,2,CA,0,146100.28,0.011996987574110352,612.0153261643727,0.009359733314798824
22519,2021-07-31,745.0,80.0,75.31014,34.0,4.487,1.4703333,18,12.492494,6.133333,-3.5,3.6216621,0,0,C,O,2,CA,0,266330.7,0.012010732986707705,611.9839588947941,0.009218454735559992
22531,2022-07-31,766.0,78.253716,69.446304,34.0,3.84,-1.8933332,29,12.225724,3.9083333,-1.125,4.7441654,0,0,P,O,1,TX,0,203969.28,0.0030922724937114078,648.9504191010443,0.0035744144067251854
22540,2022-07-31,716.0,84.89197,77.5891,36.0,3.124,-2.609333,18,12.942527,4.7083335,-1.125,3.9803867,0,0,C,O,1,IL,0,417703.2,0.013763569352962171,608.2490934823763,0.01885361483174808
22559,2023-07-31,756.0,80.0,55.574417,28.0,4.491,-2.142333,64,11.752619,4.8,-0.20833302,6.2885866,0,0,P,O,1,CA,0,127085.945,0.003371843852322658,646.6003282746199,0.0021602036678143714
22615,2022-07-31,751.0,61.331184,55.48655,29.0,3.274,-2.4593332,18,12.045809,4.3083334,-1.125,4.7441654,0,0,C,O,2,GA,0,170383.83,0.003629319465976054,644.6018053750518,0.004896682655345785
22641,2022-01-31,789.0,62.791313,36.700855,39.0,3.71,0.19333339,88,12.488242,4.6583333,-1.875,6.029608,0,0,P,O,2,FL,0,265200.7,0.0008755659924400793,683.1598860825799,0.0021655711146747387
22690,2023-07-31,738.0,83.51064,74.12392,18.0,3.123,-3.5103333,22,12.418178,4.4,-0.20833302,4.4889503,0,0,P,O,1,NY,0,247255.42,0.003338240703280566,646.8723102939368,0.0032631995246803344
22694,2020-01-31,789.0,80.0,63.520935,32.0,3.666,-0.21733356,34,12.480288,4.023077,-0.27692318,5.986506,0,0,N,O,1,AZ,0,263099.47,0.0008611100640884992,683.6108476533925,0.0018358749369935179
22707,2020-01-31,747.0,80.0,67.12211,22.0,3.95,0.0666666,33,12.4483595,3.323077,-0.27692294,4.340364,0,0,N,O,2,TX,0,254831.97,0.003139956896607177,648.5349661428521,0.00192750005100868
22802,2022-07-31,775.0,82.61189,71.08773,35.0,3.202,-2.5313332,22,12.99595,5.4083333,-1.125,7.330828,0,0,P,O,2,NV,1,440625.12,0.004482440157897411,638.864764566053,0.0042006453795379595
22820,2021-07-31,830.0,78.94644,75.18003,30.0,3.358,0.3413334,14,12.076376,5.733333,-3.5000005,2.594572,0,0,P,I,2,NY,0,175672.31,0.001670286852478297,665.6581261604338,0.0012550335480391952
22827,2020-07-31,716.0,76.797966,67.96879,46.0,4.426,1.1926668,29,13.157549,9.233334,5.071795,1.8464669,0,0,P,O,1,NY,0,517905.8,0.04523044867370562,575.1720114947602,0.06560829028153646
22830,2022-07-31,774.0,81.42734,71.68699,44.0,2.963,-2.770333,18,12.280767,4.608333,-1.125,6.5481853,0,0,C,O,1,AZ,0,215511.05,0.005060750522735137,635.5648735225958,0.006380984619445522
22844,2023-01-31,785.0,80.0,66.838104,36.0,3.246,-3.1873333,30,12.2647705,4.8,-0.45833302,6.2885814,0,0,P,I,2,CA,0,212091.02,0.0031179563846176752,648.7258596309982,0.0031823362001445173
22904,2021-01-31,808.0,96.31255,69.71792,48.0,3.306,0.38933325,51,12.764008,7.5333333,2.7102566,0.59129256,0,0,P,O,1,NV,0,349412.22,0.00497586770751654,636.0249739616706,0.001655514976859182
22945,2020-07-31,774.0,64.03729,63.66625,47.0,3.998,0.76466656,4,11.902038,9.633333,5.0717945,2.5737188,0,0,N,O,2,CA,0,147566.98,0.011392343443436306,613.4314838283387,0.007146817263144354
22953,2023-01-31,707.0,80.0,69.75916,49.0,3.454,-2.9793334,27,12.766748,4.4,-0.45833302,4.488958,0,0,P,O,2,NY,0,350371.25,0.029190793135014027,587.4747735100241,0.034383778259703415
22983,2020-01-31,757.0,80.0,53.858425,36.0,4.406,0.5226667,54,12.526091,4.8230767,-0.27692318,6.6999164,0,0,C,O,2,NV,0,275430.62,0.0045323119874718055,638.5639541027663,0.0021366485540250456
22983,2021-07-31,757.0,80.0,49.977924,36.0,4.406,1.3893335,72,12.492582,6.5333333,-3.5000005,4.213172,0,0,C,O,2,NV,0,266354.12,0.006572411049840611,628.4500640730298,0.004873537438154327
22998,2020-01-31,732.0,63.294365,63.20534,45.0,4.135,0.25166678,1,12.119978,3.9230769,-0.27692294,3.1802256,0,0,C,O,1,OH,0,183501.55,0.014346002587598085,607.1113994336971,0.005866469330990726
23032,2020-01-31,731.0,87.75392,83.17502,16.0,4.129,0.24566674,9,12.711653,4.423077,-0.2769227,5.7497625,0,0,P,O,1,CA,0,331589.38,0.0092392043083991,619.1599263755481,0.003637884503916553
23099,2020-01-31,620.0,80.0,71.75902,37.0,5.083,1.1996667,22,11.757641,3.323077,-0.27692294,4.340364,0,0,C,O,1,TX,0,127725.75,0.08250142698908881,557.827543263394,0.1759286820698676
23102,2023-07-31,729.0,80.0,68.774414,28.0,3.271,-3.3623333,27,11.960417,3.7,-0.20833325,4.744168,0,0,P,O,2,TX,0,156438.31,0.00908303163345296,619.6255757486435,0.006288638395608984
23171,2022-07-31,718.0,68.76912,64.004326,48.0,3.366,-2.3673332,11,12.318686,4.4083333,-1.125,6.0296097,0,0,P,O,2,FL,0,223839.66,0.018760499296668308,599.7290718993921,0.017202716940111985
23188,2020-01-31,774.0,96.05607,79.02408,38.0,3.915,0.031666517,31,12.637038,3.823077,-0.27692294,5.5135503,0,0,C,O,1,FL,0,307748.5,0.0048395704054857835,636.780356699101,0.00343825214942789
23234,2020-01-31,753.0,81.08409,71.11498,26.0,4.288,0.40466666,31,12.823602,3.9230769,-0.27692294,3.1802256,0,0,P,O,1,OH,0,370867.97,0.0042580781301664,640.2606004869829,0.004564483619485735
23299,2022-01-31,760.0,60.029686,56.273537,43.0,3.112,-0.40466666,12,13.528952,4.858333,-1.875,4.4889507,0,0,P,O,1,NY,0,750842.75,0.008227203048145308,622.3272643942271,0.00911407173733581
23332,2021-01-31,717.0,89.65822,81.02303,19.0,4.515,1.5983331,28,12.129305,6.4333334,2.7102566,0.38700014,0,0,P,O,1,GA,0,185221.03,0.013162663762271166,609.4737478159145,0.00979410705355048
23350,2021-01-31,711.0,94.19486,92.57113,27.0,3.727,0.81033325,8,12.173881,7.133333,2.710256,0.509528,0,0,C,O,1,CA,0,193664.05,0.07404031006633092,561.0044894875341,0.04672031657750778
23372,2023-01-31,729.0,80.0,70.048386,15.0,3.088,-3.3453333,20,12.134719,4.2,-0.4583335,6.0296116,0,0,N,O,2,FL,0,186226.5,0.005566811525278312,632.9716795074,0.0039158767879986355
23379,2022-07-31,787.0,88.23946,47.81634,41.0,3.789,-1.9443331,119,11.270887,4.2083335,-1.125,4.2343626,0,0,N,O,1,PA,0,78502.6,0.0012111316286135569,674.3700908219732,0.002327243092114506
23384,2022-01-31,772.0,96.63278,82.75524,40.0,3.875,0.35833335,33,12.315399,4.6583333,-1.875,6.029608,0,0,C,O,2,FL,0,223105.27,0.006002549780522007,630.9202093303365,0.005623276620491497
23399,2020-01-31,769.0,80.0,64.16283,29.0,3.881,-0.0023334026,44,12.457497,3.623077,-0.27692318,3.8747516,0,0,P,O,2,PA,0,257170.94,0.0019391528448938781,661.6113481647376,0.0016782793666010622
23469,2022-07-31,742.0,89.83148,57.211987,27.0,3.894,-1.839333,102,11.511006,4.508333,-1.125,3.4743087,0,0,N,O,1,OH,0,99808.305,0.006194722342213976,630.0620930062826,0.0037917605772729963
23484,2020-07-31,702.0,66.26882,53.469185,42.0,3.906,0.67266655,44,11.874773,8.533334,5.0717955,1.950057,0,0,N,S,1,TX,0,143598.02,0.06245348946423258,565.9470396753248,0.015989689435079394
23635,2022-01-31,758.0,80.0,77.2929,24.0,3.256,-0.2606666,7,11.556023,4.9583335,-1.875,3.9803884,0,0,P,O,1,IL,0,104403.97,0.004915216694232059,636.3585368946499,0.0036516504040394753
23698,2021-01-31,797.0,75.6144,68.799416,50.0,3.923,1.0063334,26,11.699263,6.4333334,2.7102566,0.38700014,0,0,P,O,1,GA,0,120482.87,0.002936086707461197,650.3573584546718,0.0019842260641686664
23705,2022-01-31,718.0,60.621334,51.680412,27.0,4.63,1.1133335,40,11.545164,4.858333,-1.875,4.4889507,0,0,P,O,1,NY,0,103276.35,0.008318637525458217,622.0256455805261,0.011359956883790132
23739,2020-07-31,776.0,96.54524,50.01405,42.0,3.805,0.5716667,99,11.63294,9.633333,5.0717945,2.5737188,1,1,C,O,1,CA,0,112751.36,0.009890913385414982,617.2974030259435,0.16060770315632358
23754,2022-01-31,735.0,80.0,50.359646,19.0,3.835,0.3183334,89,12.283642,4.1583333,-1.875,4.744165,0,0,N,O,2,TX,0,216131.48,0.0023210639542620604,656.735538866037,0.0015788035072613576
23760,2021-07-31,811.0,80.0,77.42055,41.0,3.193,0.17633343,5,13.523398,5.5333333,-3.5000005,3.4743047,0,0,C,O,1,FL,0,746685.0,0.0022895698065795653,657.1061371287167,0.0014991168662471716
23767,2023-07-31,775.0,80.0,67.04677,40.0,3.2,-3.4333332,32,12.280541,4.1,-0.20833349,4.744168,0,0,C,O,2,GA,0,215462.36,0.0034022556007993923,646.3564959566635,0.004479971100575476
23775,2020-01-31,766.0,67.06677,53.264854,30.0,3.709,-0.17433333,35,11.990518,4.423077,-0.2769227,5.7497625,0,0,P,O,2,CA,0,161218.83,0.0020890608907115473,659.5919902419522,0.0031801948529892343
23815,2023-01-31,706.0,90.412155,61.181976,36.0,4.355,-2.0783334,79,11.940241,4.1,-0.4583335,4.7441583,0,0,C,O,1,GA,0,153313.55,0.019297418105440237,598.9505680877123,0.00816867377639704
23876,2021-01-31,742.0,80.0,62.647633,28.0,4.065,1.1483333,53,11.824424,6.4333334,2.7102566,0.38700014,0,0,P,O,1,GA,0,136546.98,0.007542035940048294,624.6992935211424,0.005271325674114112
23886,2022-01-31,723.0,80.0,70.953575,31.0,4.186,0.6693332,31,11.368446,4.5583334,-1.875,4.744165,0,0,P,O,2,GA,0,86547.336,0.011411527316450655,613.3854228530492,0.011861124884309276
23896,2021-07-31,747.0,61.26329,47.549522,48.0,3.456,0.43933344,53,12.4425955,5.4333334,-3.5,2.7406642,0,0,N,O,1,GA,0,253367.34,0.009410961700394968,618.6567285033567,0.00769132822850417
23950,2020-07-31,764.0,80.0,54.167046,28.0,3.583,0.3496666,73,12.112612,8.933333,5.071795,1.950057,0,0,N,O,2,GA,0,182154.69,0.004200027641249017,640.6336832405381,0.0032603750635520276
23973,2020-07-31,738.0,85.79888,84.36602,33.0,4.085,0.8516667,8,12.462125,9.233334,5.071795,2.6780384,1,1,C,O,1,AZ,0,258364.11,0.019440026921817954,598.7473620304836,0.2557648118676903
23981,2022-07-31,721.0,70.779335,66.06355,16.0,3.493,-2.240333,10,12.7699995,4.608333,-1.125,6.5481853,0,0,P,O,2,AZ,0,351512.03,0.005594989270153053,632.8342662959221,0.004723669635124647
24023,2021-07-31,635.0,80.0,75.48146,26.0,4.334,1.3173335,16,12.5591545,6.133333,-3.5,3.6216621,0,0,P,S,2,CA,1,284689.44,0.10962964440532223,549.3211121929409,0.20785356925695234
24032,2023-01-31,708.0,81.939644,70.513954,37.0,4.138,-2.2953334,35,12.28451,3.7,-0.45833325,4.7441583,0,0,P,O,2,TX,0,216319.0,0.018321314588791226,600.382291236219,0.019792774788122858
24044,2021-07-31,728.0,80.0,77.402885,37.0,3.339,0.32233334,6,11.901646,5.0333333,-3.5000005,2.7406642,0,0,N,O,1,TX,0,147509.23,0.017123684220422233,602.244897786754,0.009712119762529914
24081,2020-01-31,737.0,63.669884,61.4706,42.0,4.02,0.13666654,6,12.175767,4.023077,-0.27692318,5.986506,0,0,P,O,1,AZ,0,194029.77,0.00902500286507566,619.8006202994823,0.005234257056546105
24087,2022-01-31,690.0,80.0,73.77351,32.0,3.304,-0.21266675,12,12.188326,5.258333,-1.875,6.288583,0,0,C,O,1,CA,0,196481.95,0.0366550900959789,581.1033919019554,0.03325649301614484
24147,2023-01-31,716.0,80.0,67.09229,45.0,3.904,-2.5293334,31,11.56871,4.8,-0.45833302,6.2885814,0,0,P,O,2,CA,0,105736.984,0.017019348861988273,602.4131783225031,0.022868121851247602
24149,2021-07-31,775.0,80.0,77.06864,41.0,2.744,-0.2726667,8,13.040796,5.8333335,-3.4999995,2.302998,0,0,P,O,2,IL,0,460835.53,0.0060834212283226025,630.5558099970008,0.006225077137255112
24151,2021-07-31,830.0,78.196205,76.071106,44.0,2.742,-0.27466655,4,12.741845,6.133333,-3.5,3.6216621,0,0,N,O,2,CA,0,341753.47,0.002774118145510396,651.8975048727877,0.0018009285398911021
24169,2020-01-31,765.0,80.0,76.48877,41.0,3.67,-0.21333337,10,11.981568,4.123077,-0.27692318,3.6427193,0,0,P,O,2,IL,0,159782.45,0.003788125413844545,643.4384368848011,0.005054388351065424
24193,2022-07-31,709.0,80.0,68.1689,31.0,4.042,-1.6913333,38,12.405493,3.9083333,-1.125,4.7441654,0,0,P,O,2,TX,0,244138.92,0.015095702836138255,605.7121891900778,0.011067697011312806
24197,2022-01-31,736.0,80.0,72.27959,33.0,3.392,-0.12466669,15,13.146131,5.6583333,-1.875,7.3308287,0,0,N,O,1,NV,0,512026.1,0.011582066802534388,612.9792854904854,0.01996273753979714
24217,2020-01-31,753.0,80.0,65.78196,46.0,4.531,0.6476667,30,11.830786,4.023077,-0.27692318,5.986506,0,0,C,O,1,AZ,0,137418.39,0.007816257437261005,623.7252524103669,0.005673330027324961
24258,2023-01-31,731.0,80.0,71.64159,23.0,3.464,-2.9693334,20,12.933797,3.7,-0.45833325,4.7441583,0,0,P,O,1,TX,0,414072.9,0.007716797092171888,624.0745617313795,0.004824858936503608
24300,2022-07-31,795.0,80.0,69.38731,29.0,3.548,-2.185333,34,12.056956,4.3083334,-1.125,4.7441654,1,0,C,O,1,GA,0,172293.77,0.0009250715078436605,681.6700005534724,0.0013198752925160473
24316,2023-01-31,761.0,80.0,68.98343,36.0,3.807,-2.6263335,35,13.174392,4.4,-0.45833302,4.488958,0,0,C,O,1,NY,0,526702.94,0.004954916815257276,636.1397381749707,0.005167616151329259
24323,2023-07-31,789.0,68.30404,60.79227,33.0,3.37,-3.2633333,21,12.112107,3.7,-0.20833325,4.744168,0,0,C,O,2,TX,0,182062.94,0.0009867883413390013,679.9204005173342,0.002183472010580255
24334,2021-01-31,718.0,80.0,75.56633,50.0,3.853,0.9363332,18,12.922373,6.5333333,2.7102563,0.48909307,3,0,C,O,1,FL,0,409369.38,0.034637949417998304,582.6919008707615,0.02406510057767012
24367,2023-07-31,799.0,78.41384,59.870113,37.0,4.395,-2.2383332,60,12.61105,4.4,-0.20833302,4.4889503,0,0,C,O,2,NY,0,299853.72,0.0008253954336082021,684.7582473123231,0.0008231177620386739
24381,2020-07-31,754.0,62.91291,61.937073,50.0,3.981,0.7476666,8,11.791697,8.533334,5.0717955,1.950057,0,0,C,O,2,TX,0,132150.42,0.017560552175950195,601.5510513779304,0.013101717729180904
24391,2023-07-31,772.0,90.93061,79.59148,38.0,3.207,-3.4263332,19,12.87057,4.4,-0.20833302,6.548197,0,0,C,O,1,AZ,0,388702.9,0.004968904362651371,636.0630641457929,0.004756601139818893
24425,2023-01-31,724.0,96.3118,78.88386,40.0,4.029,-2.4043336,49,12.379452,4.5,-0.4583335,3.9803917,0,0,C,O,2,IL,0,237863.33,0.016184649827069218,603.797143797523,0.008342088684304944
24474,2020-01-31,728.0,87.23942,85.71793,46.0,3.811,-0.072333336,4,13.543649,3.323077,-0.27692294,4.340364,0,0,C,O,2,TX,0,761959.56,0.028708459505642683,587.939147242314,0.01912790575237831
24479,2022-07-31,780.0,60.22583,33.492863,37.0,4.336,-1.3973331,111,12.054654,4.3083334,-1.125,4.7441654,0,0,P,O,2,GA,0,171897.6,0.0018500549389772474,662.8867517779943,0.0014857107482874386
24539,2020-07-31,705.0,69.59728,47.616364,37.0,3.719,0.48566675,74,12.433758,9.233334,5.071795,1.8464669,0,0,C,O,2,NY,0,251137.92,0.030359492394509587,586.3797443222372,0.024068659608926735
24572,2023-07-31,779.0,80.0,68.1394,25.0,2.842,-3.7913332,28,11.974327,3.7,-0.20833325,4.744168,0,0,P,O,2,TX,0,158629.62,0.0019178549920598554,661.9108180231955,0.0019113748206031653
24575,2020-07-31,780.0,80.0,79.60742,48.0,3.294,0.06066656,3,11.784736,8.833333,5.0717945,1.7430038,0,0,P,O,1,PA,0,131233.83,0.013040308664975603,609.7298582021729,0.010724822489266556
24606,2021-01-31,762.0,80.0,72.11597,36.0,4.162,1.2453334,28,12.78955,6.0333333,2.7102563,0.38700014,0,0,P,O,2,TX,0,358451.97,0.004859361375943551,636.6693676656648,0.006264171648481886
24607,2020-01-31,745.0,80.0,71.5126,40.0,4.577,0.6936667,23,13.234227,4.023077,-0.27692318,4.1072965,0,0,P,O,1,NY,0,559180.4,0.008238494543183537,622.2898372470527,0.004438016402820546
24628,2022-07-31,793.0,80.0,71.6836,49.0,2.985,-2.7483332,16,11.666325,5.008333,-1.125,6.28858,0,0,P,I,1,CA,0,116578.98,0.0024407293529787244,655.3717423074013,0.002111572679454593
24653,2021-07-31,746.0,80.0,75.16882,26.0,4.071,1.0543334,18,12.245399,6.133333,-3.5,3.6216621,0,0,C,O,1,CA,0,208022.05,0.009875213810465364,617.3408245411104,0.005891662556383985
24685,2020-07-31,781.0,78.85332,74.21134,40.0,3.421,0.18766665,17,13.013151,9.333333,5.0717945,1.6396334,0,0,C,O,1,IL,0,448269.9,0.0094605087191638,618.5132604572796,0.005878967244937495
24761,2020-07-31,763.0,84.217094,73.731346,36.0,4.523,1.2896664,26,12.158267,9.633333,5.0717945,2.5737188,0,0,P,O,2,CA,0,190663.78,0.007888087108622556,623.4757149519016,0.0033084902348387646
24809,2020-01-31,774.0,82.939156,72.0321,49.0,4.237,0.35366654,20,11.91138,4.8230767,-0.27692318,6.6999164,0,0,N,O,1,NV,0,148952.0,0.006761384754117168,627.6777274689125,0.005098327459577723
24841,2021-01-31,649.0,67.15119,53.193867,18.0,4.6,1.6833332,46,12.46979,6.5333333,2.7102563,0.48909307,0,0,P,O,1,FL,0,260352.19,0.04278030817314217,576.7486500895462,0.13167180735225428
24841,2022-07-31,649.0,67.15119,47.227276,18.0,4.6,-1.1333332,64,12.438642,4.4083333,-1.125,6.0296097,0,0,P,O,1,FL,0,252367.44,0.027242666855624185,589.398324974966,0.07214422661601377
24874,2020-01-31,708.0,80.0,72.83685,50.0,4.66,0.7766664,23,13.098043,3.9230769,-0.27692294,3.1802256,0,0,P,O,2,OH,0,487986.56,0.03310690743008207,583.9583064492158,0.03884610537095569
24911,2022-01-31,756.0,80.0,42.470917,18.0,3.825,0.3083334,119,12.184397,4.858333,-1.875,4.4889507,0,0,P,O,2,NY,0,195711.55,0.0022768958224775567,657.2567117816004,0.0013911403083208809
24943,2023-07-31,817.0,80.0,48.499832,27.0,3.405,-3.2283332,80,11.748374,4.8,-0.20833302,6.2885866,0,0,P,O,1,CA,0,126547.6,0.0006409158478299814,691.609521420462,0.0006900337357115373
24967,2023-07-31,767.0,90.15627,75.57766,39.0,3.132,-3.5013332,25,11.99396,4.4,-0.20833302,6.548197,0,0,P,O,2,AZ,0,161774.77,0.004898723539154365,636.4499528748531,0.004616514180820952
25016,2020-01-31,782.0,91.2668,78.39067,47.0,4.228,0.34466672,24,12.104584,4.423077,-0.2769227,5.7497625,0,0,P,O,1,CA,0,180698.19,0.007505775015550629,624.8307165250246,0.0028946975894594703
25043,2020-01-31,744.0,85.736664,72.28905,34.0,3.873,-0.010333538,32,11.756434,3.323077,-0.27692294,4.340364,0,0,C,I,2,TX,0,127571.72,0.006832673719712255,627.3919261769099,0.004610484337656123
25088,2022-01-31,777.0,81.037476,56.637886,50.0,4.436,0.9193332,76,12.165348,4.858333,-1.875,4.4889507,0,0,P,O,1,NY,0,192018.62,0.005213787000944477,634.7544229434839,0.003962327222367211
25132,2022-01-31,705.0,74.625114,71.83954,39.0,3.589,0.072333336,7,13.48752,4.1583333,-1.875,4.744165,0,0,P,O,2,TX,0,720370.1,0.02337722637994202,593.6470751825997,0.019773554174068616
25144,2022-07-31,749.0,80.0,50.84924,35.0,4.242,-1.491333,76,11.910376,5.008333,-1.125,6.28858,0,0,P,O,1,CA,0,148802.53,0.005959740674834907,631.1150834187341,0.003498949139551662
25159,2023-01-31,739.0,74.99696,63.27788,39.0,3.597,-2.8363335,29,12.426314,4.2,-0.4583335,6.0296116,0,0,P,O,1,FL,0,249275.6,0.006607967519831223,628.3030738598572,0.004986639827534246
25176,2023-07-31,711.0,80.0,68.373856,28.0,3.475,-3.1583333,33,12.14554,4.5,-0.20833349,3.9803836,1,0,P,S,1,IL,0,188252.64,0.016150788847236273,603.8547573846522,0.010066670952090438
25186,2023-07-31,756.0,80.0,67.54102,28.0,3.058,-3.575333,34,11.371282,4.0,-0.20833349,4.2343664,0,0,P,O,2,PA,0,86793.07,0.004068761690631822,641.4966038212868,0.0041878768664261245
25229,2021-07-31,748.0,85.16211,80.95306,30.0,3.336,0.3193333,10,12.453064,5.5333333,-3.5000005,3.4743047,0,0,P,O,1,FL,0,256033.53,0.010072580986038549,616.799855409912,0.008558688747015208
25252,2022-01-31,810.0,80.0,63.052402,19.0,4.118,0.6013334,52,12.808537,4.5583334,-1.875,4.744165,0,0,P,O,2,GA,0,365322.7,0.0004734229026494732,699.8120468467988,0.0006530637219718459
25253,2020-01-31,822.0,80.0,76.65995,27.0,3.626,-0.25733352,7,11.952571,4.023077,-0.27692318,5.986506,0,0,P,O,2,AZ,0,155215.62,0.0009690509540711029,680.4117815094469,0.0008663676622561466
25257,2022-01-31,680.0,85.89153,56.778404,26.0,4.499,0.9823334,98,11.53053,4.758333,-1.875,3.474294,0,0,P,O,1,OH,0,101776.06,0.02057821435404826,597.1760095301098,0.02526333436373748
25272,2022-01-31,780.0,68.2495,60.34679,43.0,3.75,0.23333335,28,11.474923,4.6583333,-1.875,6.029608,0,0,N,O,1,FL,0,96271.05,0.004327731931865663,639.8195721466907,0.006499194202658739
25326,2021-01-31,742.0,77.386665,76.14632,30.0,3.732,0.81533337,8,12.284143,6.4333334,2.7102566,0.38700014,0,0,N,O,1,GA,0,216239.86,0.010805405838692893,614.8791062631874,0.007514383436407029
25329,2020-01-31,746.0,80.0,73.841415,45.0,4.434,0.5506666,16,12.344197,3.7230768,-0.27692318,4.340364,0,0,P,O,2,GA,0,229623.73,0.010589141626244797,615.4321914739946,0.008081885743496857
25329,2023-07-31,746.0,80.0,61.215057,45.0,4.434,-2.1993332,58,12.27641,4.1,-0.20833349,4.744168,0,0,P,O,2,GA,0,214574.0,0.00730628375571333,625.5652100040244,0.00467590418163247
25341,2023-01-31,732.0,66.67115,61.25282,35.0,3.469,-2.9643333,16,12.18507,4.4,-0.45833302,4.488958,0,0,C,O,1,NY,0,195843.23,0.010303220173705987,616.1808291513067,0.010559728472750773
25395,2021-01-31,757.0,73.76101,73.42213,19.0,2.861,-0.055666685,1,11.340295,6.633333,2.7102563,0.2850178,0,0,P,O,2,OH,0,84144.875,0.005316532583360472,634.2234736451848,0.0020104992103396053
25404,2022-07-31,694.0,70.80474,36.668797,30.0,4.339,-1.3943329,107,11.306087,4.4083333,-1.125,6.0296097,0,0,P,I,2,FL,0,81315.05,0.017041173095652076,602.3778947397127,0.017427127175118667
25436,2021-07-31,830.0,80.0,75.93597,32.0,3.332,0.31533337,15,12.109516,5.0333333,-3.5000005,2.7406642,0,0,N,O,2,TX,0,181591.66,0.0014034060601419982,670.3770519454613,0.0011303571716735866
25458,2021-07-31,733.0,80.0,69.943726,31.0,3.991,0.9743333,30,11.71944,5.5333333,-3.5000005,3.4743047,0,0,P,O,1,FL,0,122938.65,0.016219730749799533,603.737579412322,0.011463684361279
25517,2022-01-31,723.0,80.0,78.7908,41.0,3.361,-0.15566659,3,13.002069,4.4583335,-1.875,4.23435,0,0,P,O,1,PA,0,443330.06,0.016712357584118105,602.9142637776035,0.013326169926749787
25526,2022-07-31,693.0,80.0,74.08744,41.0,3.369,-2.3643332,15,12.241276,4.2083335,-1.125,4.2343626,1,0,C,O,1,PA,0,207166.08,0.035809207065577234,581.7590204716573,0.04576952092305478
25537,2021-01-31,771.0,80.0,79.31175,34.0,3.15,0.23333335,2,12.232689,6.733333,2.710256,0.5299534,0,0,P,O,2,AZ,0,205394.8,0.007006613497965709,626.7068346857328,0.005271682967166489
25538,2021-01-31,704.0,80.0,79.22493,44.0,3.368,0.45133328,3,12.021904,6.5333333,2.7102563,0.48909307,0,0,C,O,1,FL,0,166359.1,0.07219692529617493,561.7406631313709,0.023543686127353393
25551,2020-01-31,788.0,80.16513,46.59659,15.0,4.015,0.13166642,80,11.719956,4.423077,-0.2769227,5.7497625,0,0,C,O,2,CA,0,123002.1,0.0003837355623203192,705.4989136130549,0.0006359494805700585
25571,2021-01-31,694.0,80.0,56.295483,42.0,4.874,1.9573333,63,11.96982,7.133333,2.710256,0.509528,0,0,P,O,2,CA,0,157916.28,0.07411298909649948,560.9758115538452,0.03139199797590041
25590,2020-07-31,782.0,93.65008,93.35724,18.0,3.546,0.31266665,2,11.5159645,8.833333,5.0717945,1.7430038,0,0,N,O,2,PA,0,100304.37,0.007150746020812859,626.1518195146448,0.0037189709893166415
25591,2021-01-31,716.0,71.91861,71.07919,39.0,3.911,0.99433327,6,12.888439,6.633333,2.7102563,0.2850178,0,0,P,I,2,OH,0,395710.75,0.02879937344962218,587.8510424299049,0.02059780496688888
25592,2020-07-31,762.0,80.0,79.88258,39.0,3.896,0.66266656,1,11.362156,8.533334,5.0717955,1.950057,0,0,C,O,2,TX,0,86004.586,0.009747097301881861,617.6977422391054,0.007686204905359974
25602,2020-01-31,726.0,80.0,67.25107,21.0,4.037,0.15366673,34,12.402872,4.023077,-0.27692318,4.1072965,5,0,C,O,1,NY,0,243499.94,0.005456780836184586,633.5149679412366,0.004772678401820834
25648,2020-07-31,737.0,80.0,79.87175,30.0,3.394,0.1606667,1,12.394353,9.033334,5.0717955,2.4695024,0,0,P,O,2,FL,0,241434.33,0.015440188847322216,605.0920543699267,0.014315238127234458
25663,2022-01-31,750.0,80.0,78.9346,28.0,3.347,-0.16966677,2,12.114158,5.258333,-1.875,6.288583,0,0,P,O,2,CA,0,182436.52,0.008637455308740116,620.9990716407583,0.005877182986355707
25711,2021-01-31,695.0,92.88802,91.439026,15.0,3.841,0.92433333,8,12.720217,6.733333,2.710256,0.366599,0,0,C,O,1,NY,0,334441.2,0.054858497268526527,569.6746803060093,0.03351325677651514
25739,2022-07-31,748.0,74.78613,61.02403,50.0,4.324,-1.4093332,49,12.109518,4.2083335,-1.125,4.2343626,0,0,C,O,1,PA,0,181592.14,0.008188841567662466,622.4548001889474,0.007442288487056693
25778,2023-07-31,767.0,64.506645,52.92466,41.0,3.283,-3.3503332,29,12.614743,4.8,-0.20833302,6.2885866,0,0,P,O,2,CA,0,300963.28,0.0027988446649599096,651.6566715419252,0.006750747154197357
25815,2021-07-31,725.0,80.0,43.29547,32.0,4.769,1.7523334,100,12.267146,6.133333,-3.5,3.6216621,0,0,P,O,2,CA,0,212595.36,0.011198335005634283,613.9016597493577,0.017269081072277596
25818,2022-07-31,671.0,80.0,60.16524,40.0,4.141,-1.5923333,62,11.5606,4.608333,-1.125,4.48896,0,0,C,O,2,NY,0,104882.94,0.07641065088816752,560.0822615156945,0.038492439296549136
25867,2021-07-31,792.0,66.012825,62.955933,22.0,3.206,0.18933344,12,11.808789,5.0333333,-3.5000005,2.7406642,0,0,N,O,2,TX,0,134428.75,0.0006562877832529856,690.9676507201087,0.0007687625548839916
25926,2020-07-31,743.0,88.99616,87.61611,42.0,3.983,0.7496667,8,12.390724,8.933333,5.071795,1.950057,2,1,P,O,1,GA,1,240559.94,0.0464638248113197,574.4089045075289,0.3446566574875085
25927,2020-07-31,705.0,75.88593,49.221443,27.0,4.662,1.4286668,84,11.957586,8.533334,5.0717955,1.950057,0,0,N,O,1,TX,0,155996.17,0.02553307328426376,591.199871995212,0.02009277813854579
26036,2022-01-31,723.0,80.0,59.378567,27.0,4.596,1.0793335,70,11.712177,4.9583335,-1.875,3.9803884,0,0,P,O,1,IL,0,122048.93,0.010193193907756137,616.4744057155553,0.011137559974303981
26062,2022-07-31,774.0,65.20406,61.702736,25.0,3.324,-2.4093332,10,11.948776,4.3083334,-1.125,4.7441654,0,0,C,O,2,GA,0,154627.78,0.0019000945699371365,662.163097044338,0.0027646542577911323
26098,2020-01-31,785.0,85.592865,73.85185,32.0,4.404,0.52066636,21,12.850883,4.8230767,-0.27692318,6.6999164,0,0,P,O,1,NV,0,381124.8,0.0036356373467937393,644.5545616642121,0.0035210925771577313
26146,2020-01-31,751.0,80.0,72.06375,36.0,4.112,0.22866654,15,11.763035,4.8230767,-0.27692318,6.6999164,0,0,N,O,1,NV,0,128416.555,0.0071697638841905125,626.0794177078352,0.007616011292874208
26146,2021-07-31,751.0,80.0,67.20274,36.0,4.112,1.0953333,33,11.734466,6.5333333,-3.5000005,4.213172,0,0,N,O,1,NV,0,124799.766,0.009539528593899515,618.2859837359943,0.014105662870218008
26167,2023-07-31,659.0,90.67076,53.675278,44.0,4.792,-1.8413334,103,11.8703575,3.7,-0.20833325,4.744168,0,0,P,O,1,TX,0,142965.39,0.09565015666314323,553.434578641395,0.08921735733849813
26181,2020-01-31,774.0,80.0,79.87915,42.0,3.733,-0.1503334,1,11.994123,3.7230768,-0.27692318,4.340364,0,0,C,O,2,GA,0,161801.2,0.004786067051836099,637.0826832201531,0.004930357768382649
26192,2023-07-31,758.0,80.0,69.891815,28.0,3.405,-3.2283332,20,12.850758,4.8,-0.20833302,6.2885866,0,0,P,O,1,CA,0,381077.5,0.004607350786157652,638.1174970581416,0.008403792982688556
26196,2022-01-31,753.0,80.0,79.398796,42.0,3.24,-0.27666664,1,11.703814,5.6583333,-1.875,7.3308287,0,0,P,O,2,NV,1,121032.38,0.012882234620951259,610.0642681127654,0.012472917990321767
26285,2020-01-31,666.0,80.0,78.87431,35.0,4.454,0.57066655,3,12.388633,4.423077,-0.2769227,5.7497625,0,0,P,O,2,CA,0,240057.28,0.09016796587437154,555.1955600892825,0.08131460670621042
26379,2020-01-31,724.0,63.39943,57.809597,32.0,4.321,0.43766665,15,11.940602,4.423077,-0.2769227,5.7497625,0,0,P,O,1,CA,0,153369.05,0.009728068651577259,617.7511496742818,0.008731684615106122
26415,2022-01-31,783.0,80.0,71.49629,26.0,3.312,-0.20466661,21,12.453532,5.6583333,-1.875,7.3308287,0,0,N,O,2,NV,0,256153.56,0.0041214266705472515,641.1471086445034,0.0035162138709885506
26466,2020-07-31,751.0,70.80325,65.75203,46.0,4.058,0.82466674,17,12.3521,9.033334,5.0717955,2.4695024,0,0,N,I,2,FL,0,231445.7,0.019079037045121233,599.2646146950294,0.033890394265371486
26498,2020-01-31,771.0,80.0,58.04718,50.0,4.219,0.33566642,49,12.223836,4.423077,-0.2769227,5.7497625,0,0,P,O,1,CA,0,203584.33,0.004034650673557161,641.725383558051,0.002614214350457454
26502,2021-07-31,755.0,80.0,76.15731,33.0,2.976,-0.04066658,7,11.746394,5.733333,-3.5000005,3.7692225,0,0,P,I,2,AZ,0,126297.375,0.00895793718796188,620.0043194809848,0.009410726420688815
26523,2021-07-31,738.0,87.122665,62.838123,23.0,3.779,0.7623334,57,12.774129,6.133333,-3.5,3.6216621,0,0,P,O,1,CA,0,352966.62,0.007559109998427001,624.6376278134798,0.0051413335765405745
26526,2023-07-31,661.0,87.40562,78.80967,27.0,3.7,-2.9333332,19,13.040695,3.7,-0.20833325,4.744168,0,0,N,O,2,TX,0,460788.66,0.08729154537862728,556.1584256717473,0.08409868199816972
26582,2023-07-31,793.0,62.737354,54.54264,41.0,3.022,-3.6113331,21,13.196832,4.2,-0.20833349,6.029608,0,0,P,O,1,FL,0,538655.56,0.0009242005810980347,681.6955162635587,0.0012875132838394004
26584,2023-07-31,800.0,82.63672,48.27936,32.0,3.487,-3.1463332,78,12.614172,5.2,-0.20833349,7.330832,0,0,P,O,2,NV,0,300791.34,0.0007955020683997988,685.7574317025333,0.0010158043310665367
26586,2021-07-31,646.0,80.0,76.04829,19.0,3.867,0.85033345,10,12.646211,6.133333,-3.5,3.6216621,0,0,N,O,1,CA,0,310584.28,0.06572325961535729,564.4713792956062,0.07980626849370437
26592,2021-01-31,600.0,80.0,78.438675,33.0,4.592,1.6753333,11,11.821902,7.133333,2.710256,0.509528,1,0,P,O,2,CA,0,136203.1,0.18687684039540498,532.4304338606984,0.6733512909264833
26615,2022-07-31,735.0,85.68879,82.68985,33.0,3.368,-2.365333,7,12.31371,4.2083335,-1.125,4.2343626,0,0,N,O,2,PA,0,222728.83,0.008036483082599584,622.9672468053725,0.008136499200855202
26683,2023-07-31,669.0,75.56579,68.54907,22.0,3.751,-2.8823333,22,12.665551,4.3,-0.20833302,3.4742944,0,0,N,O,1,OH,0,316649.56,0.03642046162821103,581.2837768983878,0.043009369217715344
26690,2022-01-31,736.0,86.668396,80.17343,40.0,3.663,0.14633346,19,12.698482,4.858333,-1.875,4.4889507,0,0,C,O,1,NY,0,327250.56,0.011444785351629924,613.3057505171855,0.01049445602658806
26709,2023-01-31,698.0,80.0,63.999313,26.0,4.392,-2.0413332,50,12.324752,3.7,-0.45833325,4.7441583,0,0,P,O,2,TX,0,225201.81,0.0173228129876498,601.9265045137536,0.01164461291790187
26710,2021-07-31,754.0,80.0,75.5869,38.0,3.465,0.44833326,13,12.1311455,6.133333,-3.5,3.6216621,1,0,C,O,1,CA,0,185562.25,0.01064356252696196,615.2919676864174,0.007994676749396053
26718,2022-07-31,756.0,80.0,67.49746,34.0,3.698,-2.0353332,35,12.115149,4.4083333,-1.125,6.0296097,0,0,C,O,1,FL,0,182617.33,0.00564428832369061,632.5954986492509,0.00566158278993897
26720,2023-01-31,727.0,80.0,69.24865,24.0,3.29,-3.1433334,19,13.294519,5.2,-0.4583335,7.330827,0,0,N,O,1,NV,0,593931.4,0.009792509449606211,617.5707006564435,0.007300603056544497
26721,2023-01-31,730.0,89.50169,78.43955,32.0,3.271,-3.1623335,29,13.008617,4.5,-0.4583335,3.9803917,0,0,P,O,2,IL,0,446242.3,0.014036678931332649,607.7098235642767,0.008195340833325975
26726,2023-07-31,761.0,95.76358,46.72629,32.0,4.006,-2.6273332,111,12.163879,4.8,-0.20833302,6.2885866,0,0,C,I,1,CA,0,191736.84,0.0041912881212673395,640.6902952695627,0.0019480102648975993
26739,2022-07-31,658.0,95.99894,90.6347,34.0,3.847,-1.8863332,9,11.96402,4.4083333,-1.125,6.0296097,0,0,P,S,2,FL,0,157002.94,0.15421292560956287,538.6958097183067,0.17304312001256503
26771,2023-07-31,783.0,80.0,67.609406,32.0,2.856,-3.7773333,25,11.990889,4.2,-0.20833349,6.029608,0,0,P,O,2,FL,0,161278.55,0.002602865813178899,653.6266780981194,0.0033326497929386926
26779,2021-01-31,735.0,63.890194,59.4852,33.0,3.75,0.83333325,22,12.586778,6.733333,2.710256,0.366599,0,0,C,O,2,NY,0,292663.16,0.01295059032337886,609.9191655833013,0.012030380637159114
26859,2023-01-31,830.0,93.380066,80.90748,41.0,3.12,-3.3133335,29,11.619389,4.4,-0.45833302,4.488958,0,0,P,O,1,NY,0,111233.7,0.0017163576374014488,664.9204872171672,0.001046455579229966
26869,2023-01-31,760.0,92.95283,53.52252,45.0,3.926,-2.5073333,81,11.989075,5.2,-0.4583335,7.330827,0,0,P,O,2,NV,0,160986.25,0.008333947357504845,621.9754639051278,0.004503063987162309
26880,2020-07-31,696.0,78.98492,71.47833,35.0,4.675,1.4416668,25,12.123622,9.233334,5.071795,1.8464669,0,0,C,O,1,NY,0,184171.3,0.06949658407028791,562.8510013483685,0.04084980149808869
26895,2020-01-31,634.0,62.320866,44.977097,23.0,4.871,0.98766637,62,12.408446,3.7230768,-0.27692318,4.340364,0,0,N,O,1,GA,0,244861.16,0.03240357335190369,584.5591420999208,0.06705571063027908
26896,2023-01-31,764.0,81.8783,70.74474,29.0,3.611,-2.8223333,30,11.5900545,3.7,-0.45833325,4.7441583,0,0,C,O,2,TX,0,108018.12,0.002387749087741901,655.9671247751972,0.003779307750932788
26913,2022-01-31,801.0,65.309135,56.99782,27.0,3.808,0.29133344,29,11.7097025,4.858333,-1.875,6.5481935,0,0,P,O,1,AZ,0,121747.21,0.001055619065886786,678.0936758778931,0.0011083175625011112
26967,2023-01-31,781.0,65.54373,56.582672,30.0,3.064,-3.3693335,28,11.903673,4.1,-0.4583335,4.7441583,0,0,P,O,1,GA,0,147808.6,0.0021554797300540546,658.7431153316464,0.0022960798167240034
27016,2021-07-31,753.0,80.0,74.80878,39.0,3.902,0.8853333,21,12.088475,5.0333333,-3.5000005,2.7406642,0,0,C,O,2,TX,0,177810.73,0.009018958231875065,619.8189181101118,0.007755295046802746
27053,2022-01-31,777.0,61.474667,61.13665,27.0,3.229,-0.28766656,1,13.230818,4.1583333,-1.875,4.744165,0,0,C,O,2,TX,0,557277.1,0.0022350801294150594,657.7595066810086,0.001983444711073811
27086,2021-07-31,749.0,63.512794,60.568165,39.0,3.137,0.12033343,7,12.238241,6.133333,-3.5,3.6216621,0,0,C,O,2,CA,0,206538.4,0.011599113540711936,612.9390143420068,0.007187881869846639
27119,2020-07-31,742.0,80.0,61.590683,25.0,4.23,0.99666667,53,11.627356,8.533334,5.0717955,1.950057,0,0,C,O,2,TX,0,112123.445,0.008749331569347533,620.6477202989081,0.008505380735571413
27202,2021-07-31,735.0,80.0,61.97704,30.0,4.016,0.99933314,58,12.776241,5.3333335,-3.4999995,2.448673,0,0,P,O,1,PA,0,353713.03,0.006771485592482506,627.6370511861951,0.01076149957551079
27229,2021-01-31,724.0,60.648243,51.600925,26.0,4.01,1.0933335,44,12.647581,6.633333,2.7102563,0.2850178,0,0,P,O,2,OH,0,311010.38,0.012115581173366936,611.7458538876004,0.010469387954133881
27229,2021-07-31,724.0,60.648243,50.178696,26.0,4.01,0.9933336,50,12.636709,5.633333,-3.5,2.012241,0,0,P,O,2,OH,0,307647.22,0.009325301313995895,618.9065402301477,0.012964651970485255
27230,2023-07-31,717.0,80.0,64.74677,37.0,3.214,-3.4193332,30,12.756025,4.4,-0.20833302,6.548197,0,0,C,O,2,AZ,0,346634.1,0.01028658080641841,616.2250272929175,0.011255029686638775
27247,2022-07-31,786.0,74.15918,58.72939,43.0,3.996,-1.737333,44,12.561168,5.008333,-1.125,6.28858,0,0,P,O,2,CA,0,285263.28,0.004182627271940042,640.7465137785102,0.002360794879786316
27263,2021-07-31,729.0,87.58317,63.80678,31.0,4.562,1.5453331,69,11.122756,5.733333,-3.5000005,2.594572,1,0,P,O,2,NY,0,67694.2,0.017085817050471862,602.3058562638154,0.010200987945269939
27265,2020-01-31,711.0,90.54808,89.111496,23.0,4.181,0.2976668,4,12.810901,3.623077,-0.27692318,3.8747516,0,0,N,O,2,PA,0,366187.5,0.0253103485834567,591.4431734196886,0.014972567071277887
27270,2022-01-31,806.0,80.0,76.25592,46.0,2.914,-0.6026666,7,12.145062,5.258333,-1.875,6.288583,0,0,C,O,1,CA,0,188162.75,0.00272932444232892,652.3392928170011,0.0013838668194946083
27293,2022-07-31,757.0,62.67103,56.32619,42.0,3.126,-2.6073332,14,12.206382,5.4083333,-1.125,7.330828,0,0,P,I,2,NV,0,200061.83,0.008738078096424245,620.6828601770653,0.005249616012163766
27307,2020-01-31,787.0,80.0,69.50226,49.0,4.013,0.12966657,30,12.182175,4.123077,-0.27692318,3.6427193,0,0,P,O,1,IL,0,195276.98,0.0017681788403767086,664.1140383773723,0.0031359476156919545
27347,2022-01-31,794.0,74.510124,58.905334,16.0,3.53,0.013333321,58,11.99446,4.758333,-1.875,3.474294,0,0,P,O,2,OH,0,161855.62,0.0004347397684968128,702.1200854019976,0.0006062027618733558
27402,2021-07-31,765.0,80.0,72.44109,40.0,4.024,1.0073335,27,11.949037,5.4333334,-3.5,2.7406642,0,0,P,O,1,GA,0,154668.11,0.005482379807772008,633.3876040558451,0.00576621252463888
27409,2022-07-31,774.0,61.172897,51.94028,25.0,3.693,-2.040333,38,12.253352,4.3083334,-1.125,4.7441654,0,0,C,O,2,GA,0,209683.06,0.0012934826994852368,672.5874902376594,0.0014364855966938238
27414,2020-07-31,740.0,73.81936,73.70365,46.0,3.523,0.28966665,1,12.465772,9.133333,5.0717945,1.4332186,0,0,P,I,1,OH,0,259307.9,0.027224923653030197,589.4164513287624,0.014795225106236154
27517,2023-01-31,753.0,60.7423,52.57886,46.0,3.441,-2.9923334,31,11.789298,4.4,-0.45833302,4.488958,0,0,P,O,1,NY,0,131833.94,0.005621991009040937,632.7032322148214,0.0052242385173384975
27532,2021-01-31,773.0,80.0,70.168175,47.0,4.379,1.4623334,36,11.957835,6.8333335,2.7102566,0.32579577,1,0,C,O,2,IL,0,156034.95,0.01041463700487607,615.886686864693,0.006258844562913964
27622,2023-01-31,747.0,80.0,66.46819,21.0,4.006,-2.4273334,37,11.646498,4.8,-0.45833302,6.2885814,0,0,P,O,2,CA,0,114290.42,0.0029430041942871002,650.2934818331785,0.0021021054275994484
27700,2023-07-31,769.0,80.0,69.71792,27.0,2.786,-3.8473332,24,11.762025,3.7,-0.20833325,4.744168,0,0,P,O,2,TX,0,128286.945,0.002487266597909091,654.8593062389951,0.0027651395462541424
27748,2022-07-31,830.0,63.68241,37.60535,25.0,3.115,-2.618333,96,11.528113,4.3083334,-1.125,4.7441654,0,0,P,O,1,GA,0,101530.41,0.00048311002727324267,699.2635897955197,0.0007391317828111257
27761,2020-07-31,712.0,61.201958,60.69822,30.0,4.324,1.0906665,6,12.368057,9.233334,5.071795,2.6780384,0,0,P,O,2,AZ,0,235168.33,0.03523547454362887,582.2122517715665,0.020461038523805576
27817,2021-01-31,828.0,79.529434,78.701614,32.0,2.921,0.0043332577,4,12.35767,6.3333335,2.7102566,0.34619996,0,0,N,O,2,PA,0,232738.36,0.0017678164434516272,664.1195957101528,0.0014807920865999706
27824,2021-01-31,705.0,60.683567,58.687733,28.0,4.134,1.2173331,15,11.998539,6.0333333,2.7102563,0.38700014,0,0,P,O,2,TX,0,162517.17,0.020481767182802483,597.305818722642,0.011922340562838151
27830,2020-07-31,779.0,80.0,53.35786,42.0,4.162,0.92866683,80,12.256742,9.233334,5.071795,1.8464669,0,0,N,I,2,NY,0,210394.88,0.007565654951942198,624.6140263026032,0.00443751586772022
27951,2021-07-31,757.0,80.0,76.157265,50.0,3.248,0.23133326,9,12.372729,5.5333333,-3.5000005,3.4743047,0,0,N,O,2,FL,0,236269.73,0.014513239426571355,606.7931341687759,0.009294975964094872
28006,2022-01-31,796.0,88.002335,66.331,30.0,3.473,-0.0436666,58,12.305837,4.1583333,-1.875,4.744165,0,0,P,O,2,TX,0,220981.98,0.0011290385054945728,676.2719173615458,0.0008034214421725871
28018,2022-01-31,744.0,80.0,53.74962,36.0,4.175,0.65833354,68,12.189805,5.258333,-1.875,6.288583,0,0,P,O,2,CA,0,196772.88,0.0067894860848421645,627.5647119949423,0.004997740363562578
28046,2022-07-31,785.0,69.987206,61.695248,39.0,3.848,-1.8853331,34,11.06109,4.7083335,-1.125,3.9803867,0,0,C,O,2,IL,0,63645.902,0.0034150718172429513,646.2543892785473,0.00481664302575557
28049,2021-07-31,751.0,89.41973,86.198906,36.0,3.013,-0.0036666393,8,12.665197,5.8333335,-3.4999995,2.302998,1,0,P,O,2,IL,0,316537.56,0.01284730071386915,610.1387179739529,0.02374348073458133
28098,2022-01-31,690.0,65.33351,63.755917,32.0,3.333,-0.1836667,5,12.410529,4.9583335,-1.875,3.9803884,0,0,P,O,1,IL,0,245371.7,0.029401417300840955,587.2743224193578,0.03695790973803285
28099,2020-07-31,755.0,94.45843,92.857025,43.0,3.863,0.62966657,8,12.647701,9.633333,5.0717945,2.5737188,0,0,N,O,1,CA,0,311047.72,0.036226247818945054,581.4339384980282,0.0545058736314826
28142,2022-07-31,742.0,80.0,71.38253,45.0,3.593,-2.1403332,27,11.847017,4.608333,-1.125,4.48896,0,0,P,O,1,NY,0,139667.12,0.010524633701866286,615.5993323768101,0.012673926682453651
28229,2021-07-31,754.0,80.0,78.57914,30.0,3.327,0.31033325,4,12.066942,5.633333,-3.5,2.012241,0,0,P,O,2,OH,0,174022.84,0.007874934703411256,623.5212375798102,0.005936806592558227
28260,2022-01-31,804.0,80.0,65.435326,47.0,4.252,0.7353332,47,12.202503,4.858333,-1.875,4.4889507,0,0,P,O,2,NY,0,199287.4,0.0019214448542368512,661.8601089785209,0.0013693632633138698
28277,2020-01-31,709.0,64.28317,61.736843,26.0,4.177,0.2936666,7,11.634276,4.423077,-0.2769227,5.7497625,0,0,P,I,2,CA,0,112902.08,0.015670050341416344,604.6857941356634,0.017177553379248426
28364,2021-01-31,830.0,80.0,69.453964,41.0,4.028,1.1113331,30,12.305154,6.733333,2.710256,0.5299534,0,0,N,O,1,AZ,0,220831.23,0.002773540438647505,651.9031572247823,0.001263994664182329
28387,2020-01-31,670.0,84.270226,79.325264,34.0,3.966,0.082666636,9,12.385634,4.8230767,-0.27692318,6.6999164,0,0,C,S,1,NV,0,239338.56,0.10256310055954777,551.3383389551803,0.04604135952890418
28395,2022-07-31,688.0,84.67683,76.31877,42.0,3.623,-2.1103332,19,12.238508,3.9083333,-1.125,4.7441654,0,0,C,O,1,TX,0,206593.45,0.043808240559997984,576.0769578952951,0.037431217413423326
28419,2022-07-31,740.0,64.25738,36.54679,41.0,4.46,-1.2733331,84,12.613512,5.4083333,-1.125,7.330828,0,0,P,O,2,NV,0,300592.94,0.007122410425330969,626.260049708737,0.009844171092238967
28464,2022-07-31,669.0,80.0,75.578835,33.0,3.837,-1.8963332,13,11.371742,4.508333,-1.125,3.4743087,0,0,C,O,2,OH,0,86833.05,0.09053293711006029,555.0753752163507,0.08751492454514309
28483,2020-01-31,830.0,69.66859,61.83844,30.0,4.249,0.36566663,24,11.752977,4.023077,-0.27692318,4.1072965,0,0,P,I,2,NY,0,127131.54,0.000869428145348386,683.3504444538667,0.0006971751193790776
28535,2020-01-31,762.0,80.0,57.714478,34.0,3.551,-0.33233333,65,12.393602,4.123077,-0.27692318,3.6427193,0,0,P,O,2,IL,0,241253.19,0.0022853902167927244,657.1557011024659,0.002265717872235645
28572,2022-07-31,673.0,88.15495,76.1784,29.0,4.162,-1.5713329,32,12.04927,4.4083333,-1.125,6.0296097,0,0,P,O,2,FL,0,170974.52,0.09351655129862357,554.10889341129,0.07662673055682424
28577,2022-01-31,746.0,80.0,72.83263,31.0,4.009,0.49233317,26,11.988062,4.1583333,-1.875,4.744165,0,0,C,O,2,TX,0,160823.36,0.006347691789821774,629.3977350321638,0.007009625546643332
28624,2022-07-31,723.0,80.0,75.56064,36.0,3.069,-2.664333,11,11.909655,4.2083335,-1.125,4.2343626,0,0,P,O,2,PA,0,148695.34,0.01284974936985526,610.1334929802592,0.01677126578131831
28627,2020-01-31,774.0,80.0,74.15639,32.0,3.776,-0.10733342,11,12.547767,4.8230767,-0.27692318,6.6999164,0,0,N,O,2,NV,0,281466.03,0.0035794205201542173,644.9778437532001,0.004628974864829965
28641,2021-01-31,703.0,86.5396,66.30224,21.0,4.038,1.1213334,50,11.586789,6.5333333,2.7102563,0.48909307,0,0,P,O,2,FL,0,107665.95,0.019531998218696743,598.6170839360427,0.009200211817437687
28681,2023-01-31,749.0,96.64224,89.41891,20.0,3.273,-3.1603334,14,12.5382805,4.1,-0.4583335,4.7441583,0,0,C,O,2,GA,0,278808.56,0.006105437966616219,630.4574382625309,0.005583791731195703
28723,2020-07-31,710.0,80.0,78.636734,26.0,3.821,0.58766675,8,11.934224,9.633333,5.0717945,2.5737188,0,0,C,O,2,CA,0,152394.0,0.04149385618786765,577.6113368802731,0.02569859822430576
28799,2020-07-31,674.0,71.002426,60.255413,50.0,4.416,1.1826665,37,12.053272,9.233334,5.071795,1.8464669,2,0,P,O,2,NY,0,171660.2,0.20891605308842773,528.6695608284289,0.11675757401758523
28822,2022-01-31,677.0,80.0,74.55453,33.0,3.713,0.19633341,13,12.057411,4.1583333,-1.875,4.744165,0,0,P,O,2,TX,0,172372.14,0.08773433389008956,556.0083558828078,0.03033411754488039
28836,2021-01-31,770.0,87.18323,86.59833,35.0,3.236,0.3193333,1,11.991719,7.133333,2.710256,0.509528,0,0,P,O,2,CA,0,161412.6,0.011800297721154802,612.4681068353219,0.01081774496829766
28836,2023-01-31,770.0,87.18323,73.51346,35.0,3.236,-3.1973333,25,11.9498825,4.8,-0.45833302,6.2885814,0,0,P,O,2,CA,0,154798.94,0.004489939872240013,638.8193165491878,0.005880619859080832
28887,2021-01-31,830.0,77.75932,41.608116,33.0,4.057,1.1403334,99,11.171143,7.133333,2.710256,0.509528,0,0,P,O,1,CA,0,71050.234,0.0019152358823860724,661.9478743906566,0.0015386203121390532
28891,2023-01-31,783.0,80.0,40.95172,47.0,4.191,-2.2423334,108,11.606309,4.2,-0.4583335,6.0296116,0,0,N,O,2,FL,0,109788.23,0.0032181864564588187,647.8668217397218,0.0023700497947262457
28922,2020-01-31,799.0,84.52829,76.242386,16.0,4.502,0.6186664,22,12.1986685,3.623077,-0.27692318,3.8747516,0,0,N,O,1,PA,0,198524.61,0.0005761467939555804,694.4945777101545,0.0006820405932768237
28960,2023-01-31,760.0,75.05039,60.72281,31.0,3.823,-2.6103334,48,11.865159,4.4,-0.45833302,4.488958,0,0,P,S,2,NY,0,142224.11,0.0031822834301614296,648.171429438919,0.0020472724571006067
29025,2022-07-31,723.0,60.508324,54.400074,35.0,3.477,-2.256333,20,12.226013,3.9083333,-1.125,4.7441654,0,0,P,O,1,TX,0,204028.06,0.00876939725743065,620.5851745752739,0.007960110690283741
29121,2022-01-31,697.0,64.65307,41.460285,27.0,4.727,1.2103336,78,12.141075,4.6583333,-1.875,6.029608,0,0,P,O,2,FL,0,187414.02,0.017378705998359365,601.837781572943,0.017366546946838726
29187,2023-01-31,694.0,80.0,69.76713,33.0,3.469,-2.9643333,27,11.995963,4.4,-0.45833302,4.488958,0,0,P,O,1,NY,0,162099.12,0.02651813943632854,590.1480007659429,0.02409173218210594
29276,2022-07-31,813.0,68.15827,60.959236,19.0,3.624,-2.109333,28,12.553036,4.2083335,-1.125,4.2343626,0,0,P,O,2,PA,0,282952.9,0.00047096580085658076,699.9529444250948,0.0006063909128740316
29276,2023-07-31,813.0,68.15827,57.230946,19.0,3.624,-3.0093331,40,12.531397,4.0,-0.20833349,4.2343664,0,0,P,O,2,PA,0,276895.88,0.0003902265205103518,705.0447707789081,0.0005273105988902164
29316,2023-01-31,709.0,80.0,50.073433,36.0,4.176,-2.2573333,100,12.282758,4.5,-0.4583335,3.9803917,0,0,C,O,1,IL,0,215940.4,0.013558017481219433,608.6619720753716,0.007867772952328008
29327,2022-07-31,680.0,80.0,69.90395,39.0,3.728,-2.0053332,24,12.772905,5.008333,-1.125,6.28858,1,0,P,O,2,CA,0,352535.16,0.042971258842036356,576.6227179547504,0.06966411520954836
29333,2021-07-31,752.0,70.66252,69.111565,23.0,3.146,0.12933326,4,12.466368,5.4333334,-3.5,2.7406642,0,0,P,O,2,GA,0,259462.5,0.005000576526072417,635.8902409780816,0.0037387260653447413
29340,2022-01-31,745.0,60.569405,55.118114,32.0,3.401,-0.11566663,17,12.613208,5.258333,-1.875,6.288583,0,0,P,O,2,CA,1,300501.44,0.0069378117493508985,626.9757812619937,0.011278048632221854
29344,2022-07-31,697.0,68.48878,53.65704,36.0,4.507,-1.2263331,54,12.269692,3.9083333,-1.125,4.7441654,0,0,P,O,2,TX,0,213137.5,0.018484329333568247,600.1380567321551,0.020561570947118964
29358,2020-01-31,710.0,80.0,77.24133,39.0,3.719,-0.16433334,8,12.037616,4.123077,-0.27692318,3.6427193,0,0,P,O,1,IL,0,168993.58,0.023748383119776846,593.2104689921391,0.015218084125068034
29428,2021-01-31,754.0,80.0,77.26552,29.0,3.793,0.87633324,15,12.765346,6.0333333,2.7102563,0.38700014,0,0,P,I,1,TX,0,349880.06,0.0071028128568212685,626.3351546380931,0.006466256699666404
29501,2020-07-31,720.0,80.0,78.04682,37.0,4.15,0.91666675,10,11.200345,8.833333,5.0717945,1.7430038,0,0,P,O,1,PA,0,73155.664,0.03121455562612251,585.6041521267239,0.034886497872694634
29504,2020-01-31,744.0,89.2987,60.010742,38.0,4.793,0.9096668,83,12.30447,4.123077,-0.27692318,3.6427193,0,0,N,O,2,IL,0,220680.33,0.008320324742103813,622.0201108319371,0.002904953334210937
29524,2023-07-31,700.0,80.0,61.351444,21.0,4.688,-1.945333,60,12.820196,4.4,-0.20833302,4.4889503,0,0,P,O,2,NY,0,369607.22,0.010084576551899701,616.7673155377724,0.01276703250925565
29529,2020-07-31,768.0,72.93871,71.67738,42.0,3.701,0.46766663,8,12.250554,9.633333,5.0717945,2.5737188,0,0,P,O,2,CA,0,209097.11,0.010780403574076829,614.9424857972982,0.00592197557673546
29542,2020-01-31,688.0,80.0,63.629566,38.0,3.863,-0.020333529,35,12.386472,4.423077,-0.2769227,5.7497625,0,0,C,O,1,CA,0,239539.12,0.031682071017996714,585.1887405744783,0.035290342238304136
29545,2021-07-31,713.0,93.11378,63.59904,24.0,4.539,1.5223334,65,12.215681,5.733333,-3.5000005,3.7692225,0,0,C,S,2,AZ,0,201931.03,0.021788567363430426,595.5957587865809,0.017036640955794016
29614,2021-01-31,705.0,80.0,49.285233,50.0,4.449,1.5323331,83,12.110972,6.5333333,2.7102563,0.48909307,0,0,P,I,1,FL,0,181856.38,0.03621205883738848,581.44493943592,0.03337819200608584
29618,2020-07-31,767.0,84.5553,41.841534,26.0,3.953,0.7196667,96,12.255241,10.033334,5.0717955,2.9916089,0,0,C,O,1,NV,0,210079.58,0.004259507159661573,640.2514803095073,0.0034825240443876067
29641,2021-01-31,804.0,80.0,69.46116,42.0,4.34,1.4233334,38,12.92916,6.8333335,2.7102566,0.32579577,0,0,P,O,1,IL,0,412157.16,0.003080804342591858,649.0512885913136,0.0015016303826887684
29671,2022-07-31,812.0,80.0,71.59591,50.0,2.7,-3.033333,20,12.801426,3.9083333,-1.125,4.7441654,0,0,P,O,2,TX,0,362734.44,0.001917848492763592,661.910909915699,0.0017641730246278286
29765,2020-01-31,783.0,60.477345,40.665306,32.0,4.093,0.20966649,72,11.433103,3.7230768,-0.27692318,4.340364,0,0,C,O,2,GA,0,92328.016,0.0015554091274430845,667.5897470133034,0.001577250486857075
29790,2021-07-31,781.0,79.536285,76.317215,36.0,3.847,0.83033323,14,12.4300785,5.633333,-3.5,2.012241,1,0,C,O,1,OH,0,250215.67,0.005402111211174645,633.7889699178504,0.003878794238450674
29793,2020-07-31,829.0,80.0,47.43418,16.0,3.828,0.5946667,83,10.9901285,9.033334,5.0717955,2.4695024,0,0,C,S,1,FL,0,59285.992,0.0008911401963002342,682.682289034333,0.00076480487013179
29800,2023-01-31,686.0,80.0,60.49279,22.0,4.774,-1.6593332,61,12.0689745,3.7,-0.45833325,4.7441583,0,0,N,I,2,TX,0,174376.89,0.009951325809928843,617.1309498136079,0.012943089635348954
29826,2020-01-31,763.0,74.959984,56.810608,39.0,3.951,0.06766653,41,11.62626,4.023077,-0.27692318,5.986506,0,0,P,O,2,AZ,0,112000.62,0.002717892573768503,652.4532004182893,0.0018614620608626458
29882,2021-07-31,698.0,80.0,75.8932,34.0,3.699,0.68233323,11,11.921717,6.133333,-3.5,3.6216621,0,0,N,O,1,CA,0,150499.77,0.048267885444858896,573.3267115549123,0.044031304138812594
30049,2021-01-31,724.0,80.0,50.376514,43.0,4.65,1.7333333,95,11.718633,6.733333,2.710256,0.366599,0,0,N,O,1,NY,0,122839.39,0.024237112287244667,592.6456036194285,0.01627898894983471
30079,2023-07-31,830.0,80.0,69.20198,40.0,2.902,-3.7313333,21,11.732882,4.8,-0.20833302,6.2885866,0,0,P,O,2,CA,0,124602.22,0.0014053205476865316,670.3401049996303,0.001347882596969868
30163,2020-07-31,782.0,66.32927,45.41486,39.0,3.909,0.6756666,77,11.239384,8.833333,5.0717945,1.7430038,0,0,P,O,2,PA,0,76068.055,0.005742349456967976,632.1266671479868,0.004890488582000997
30168,2023-07-31,808.0,80.0,70.021996,31.0,3.202,-3.4313333,19,12.242005,4.4,-0.20833302,6.548197,0,0,N,O,2,AZ,0,207317.22,0.0009622525234195597,680.6025051751712,0.0010083967253452873
30181,2020-01-31,750.0,74.524376,65.27606,14.0,4.172,0.2886665,21,13.24556,4.423077,-0.2769227,5.7497625,0,0,P,O,1,CA,0,565553.0,0.003167911501202057,648.2943246412964,0.0019828803185136055
30253,2020-01-31,772.0,80.0,45.92604,27.0,3.614,-0.26933336,96,12.590316,3.323077,-0.27692294,4.340364,0,0,N,O,2,TX,0,293700.6,0.0016684150617342765,665.6885231346018,0.0013269642046588865
30283,2021-01-31,655.0,81.71742,44.447693,47.0,4.82,1.9033334,102,12.178307,6.5333333,2.7102563,0.48909307,0,0,C,O,1,FL,0,194523.17,0.13825671642773377,542.1576400360029,0.11270969024323266
30310,2020-07-31,776.0,80.0,42.380978,27.0,3.937,0.7036667,99,12.285201,9.033334,5.0717955,2.4695024,0,0,C,O,2,FL,0,216468.67,0.004259507159661573,640.2514803095073,0.002662213376546417
30315,2023-01-31,712.0,65.511154,57.23336,30.0,3.22,-3.2133334,25,11.873407,4.4,-0.45833302,4.488958,0,0,P,O,2,NY,0,143402.1,0.014192206921598862,607.4073289027822,0.01437460186226218
30346,2020-01-31,732.0,80.0,69.57011,50.0,4.32,0.43666673,27,11.874903,3.323077,-0.27692294,4.340364,0,0,N,O,2,TX,1,143616.69,0.01849295724934664,600.1251890418284,0.013628149088502857
30350,2020-01-31,750.0,93.00925,77.58077,28.0,4.633,0.74966645,28,12.355203,4.023077,-0.27692318,5.986506,0,0,P,O,2,AZ,0,232164.81,0.00767869577321612,624.2095600561802,0.003975123794203202
30350,2022-07-31,750.0,93.00925,66.85338,28.0,4.633,-1.1003332,58,12.306811,4.608333,-1.125,6.5481853,0,0,P,O,2,AZ,0,221197.55,0.0067958232433231736,627.539289965971,0.004359832080317063
30384,2023-01-31,798.0,85.931335,70.16771,42.0,3.769,-2.6643333,34,12.593152,5.2,-0.4583335,7.330827,0,0,P,O,1,NV,0,294534.75,0.0019472767610496382,661.4979815781156,0.001393184499747848
30452,2020-01-31,737.0,72.10689,55.903233,34.0,4.036,0.15266633,39,12.111886,4.423077,-0.2769227,5.7497625,0,0,P,O,2,CA,0,182022.62,0.0055298450450940295,633.1530050287424,0.002551015123607234
30498,2022-01-31,702.0,84.17843,59.84496,32.0,4.216,0.6993334,55,12.384914,5.6583333,-1.875,7.3308287,0,0,P,O,2,NV,0,239166.19,0.030000604880703847,586.7115985319141,0.019571642037389852
30530,2020-01-31,671.0,80.0,51.081886,18.0,4.06,0.1766665,67,12.126672,4.423077,-0.2769227,5.7497625,0,0,C,O,1,CA,0,184733.94,0.02801429517628058,588.6209305143636,0.01124251932863091
30580,2022-01-31,800.0,80.0,79.12563,42.0,2.621,-0.8956666,2,12.813411,4.858333,-1.875,4.4889507,0,0,C,O,1,NY,0,367107.78,0.002293542299026018,657.0591126354464,0.0011950823188109775
30599,2021-07-31,726.0,70.23169,65.51106,13.0,4.062,1.0453331,19,12.017603,6.5333333,-3.5000005,4.213172,0,0,P,I,1,NV,0,165645.19,0.009444318781972784,618.5600579160271,0.008237744419628388
30625,2021-01-31,761.0,80.0,73.67071,42.0,3.702,0.78533316,24,11.8958845,6.733333,2.710256,0.366599,0,0,P,O,1,NY,0,146661.86,0.016898831092832724,602.6088256018733,0.006649101875808128
30634,2022-01-31,688.0,60.073627,54.23192,36.0,4.31,0.7933333,25,12.588824,5.258333,-1.875,6.288583,0,0,P,O,1,CA,0,293262.88,0.02990878343669765,586.7971214692218,0.03980445159470752
30671,2021-01-31,830.0,80.0,75.482666,32.0,3.625,0.70833325,18,12.549672,6.5333333,2.7102563,0.48909307,0,0,C,S,2,FL,0,282002.84,0.001792914782643233,663.7373770137092,0.0013921253077890184
30704,2023-01-31,731.0,80.0,70.52501,37.0,3.92,-2.5133333,17,12.030547,5.2,-0.4583335,7.330827,0,0,P,O,2,NV,0,167803.14,0.014811257566580825,606.2348352287673,0.01549781331084842
30751,2023-07-31,792.0,78.898544,63.359238,46.0,3.745,-2.8883333,41,12.777766,4.2,-0.20833349,6.029608,0,0,P,I,2,FL,0,354252.8,0.0014289978870035637,669.8872748756434,0.0012004873693037686
30815,2022-07-31,640.0,80.0,72.93761,15.0,3.88,-1.853333,14,12.3901,5.008333,-1.125,6.28858,0,0,N,O,1,CA,0,240409.73,0.05301303538947076,570.6535903096327,0.06729004282537063
30826,2022-01-31,766.0,65.243675,60.6732,25.0,3.66,0.14333344,19,12.147418,4.9583335,-1.875,3.9803884,0,0,P,O,1,IL,0,188606.55,0.002497940287166494,654.7431236713379,0.0029896898197361477
30830,2020-01-31,691.0,77.64233,75.23318,33.0,4.383,0.49966645,7,12.95972,4.023077,-0.27692318,4.1072965,0,0,C,O,1,NY,0,424946.94,0.03029768922193308,586.4366203374076,0.026377987757840483
30856,2023-07-31,750.0,80.0,68.46323,36.0,3.013,-3.6203332,22,11.798637,4.4,-0.20833302,6.548197,0,0,C,O,1,AZ,0,133070.89,0.006775725009258834,627.6199969192089,0.006692111110586792
30976,2021-01-31,794.0,82.6732,48.857952,33.0,3.778,0.8613334,108,11.911857,6.8333335,2.7102566,0.32579577,0,0,P,O,2,IL,0,149023.14,0.001611438878994752,666.630456812682,0.0019355956393240924
30991,2020-01-31,807.0,94.196236,86.81024,27.0,3.604,-0.27933335,13,11.977538,4.423077,-0.2769227,5.7497625,0,0,P,O,2,CA,0,159139.69,0.0014950927633516282,668.6617805045321,0.0011265520074258124
31036,2021-01-31,653.0,93.3619,92.0701,41.0,3.981,1.0643332,7,11.548963,6.733333,2.710256,0.366599,0,0,P,S,1,NY,0,103669.43,0.29533099010514147,516.1702315338157,0.3702223574889676
31062,2020-07-31,738.0,77.64261,77.0891,37.0,4.097,0.8636668,5,12.794759,8.833333,5.0717945,1.7430038,0,0,P,O,2,PA,0,360323.84,0.018272428097711138,600.4559504669132,0.015600537517757173
31100,2023-07-31,734.0,83.56429,70.83976,46.0,4.485,-2.148333,46,12.019125,4.3,-0.20833302,3.4742944,0,0,P,O,2,OH,0,165897.44,0.008741392070049269,620.6725073691807,0.006780318314654916
31105,2023-01-31,745.0,61.566624,51.537277,32.0,3.472,-2.9613335,30,12.340022,4.8,-0.45833302,6.2885814,1,0,C,O,2,CA,0,228666.98,0.0041704807205268585,640.8255539580745,0.004243466306183124
31111,2020-07-31,722.0,80.0,78.16959,36.0,4.107,0.8736665,9,12.287542,9.633333,5.0717945,2.5737188,0,0,C,O,2,CA,0,216976.0,0.030870631745794987,585.9136082053705,0.026658447660433324
31136,2022-01-31,730.0,80.0,43.813618,17.0,3.868,0.35133338,93,13.00071,4.858333,-1.875,6.5481935,0,0,P,S,1,AZ,0,442727.4,0.005094197251584305,635.3856837089571,0.0023681235874709787
31136,2023-07-31,730.0,80.0,38.09217,17.0,3.868,-2.7653332,111,12.9559145,4.4,-0.20833302,6.548197,0,0,P,S,1,AZ,0,423333.06,0.0036254918772768035,644.6304671096981,0.001979431114776944
31141,2023-01-31,725.0,80.0,53.93796,20.0,4.35,-2.0833335,82,11.869194,4.4,-0.45833302,4.488958,0,0,P,O,1,NY,0,142799.06,0.0036254918772768035,644.6304671096981,0.003104170532505396
31144,2023-01-31,768.0,77.58741,53.357704,26.0,3.925,-2.5083334,77,12.560239,4.4,-0.45833302,4.488958,0,0,P,O,2,NY,0,284998.28,0.001641391632341738,666.1312051122329,0.0013822682720415135
31145,2022-07-31,766.0,80.0,76.511856,32.0,3.113,-2.6203332,8,12.493281,3.9083333,-1.125,4.7441654,0,0,P,O,2,TX,0,266540.53,0.002910034637287717,650.5992795122535,0.0038411938115118388
31210,2023-07-31,728.0,70.57787,33.617306,19.0,4.495,-2.1383333,119,11.682247,4.2,-0.20833349,6.029608,0,0,P,O,1,FL,0,118450.12,0.0034324832381098886,646.1162827667115,0.003928226790760441
31239,2023-01-31,737.0,80.0,67.02208,40.0,4.026,-2.4073334,41,12.575533,4.1,-0.4583335,4.7441583,0,0,N,O,2,GA,0,289390.75,0.0067493076550047045,627.7264414885088,0.00421423410796639
31277,2021-01-31,791.0,80.0,45.83941,39.0,3.83,0.9133332,89,11.355894,7.133333,2.710256,0.509528,0,0,C,O,1,CA,0,85467.76,0.002240475190026282,657.6941112184389,0.003101038318442405
31282,2021-01-31,767.0,80.0,70.41175,32.0,4.476,1.5593331,29,12.544094,7.133333,2.710256,0.509528,0,0,P,O,2,CA,0,280434.16,0.00654947151970051,628.5453157529494,0.004005188607771408
31283,2022-01-31,752.0,80.0,74.437996,50.0,3.284,-0.23266673,11,12.427435,4.6583333,-1.875,6.029608,0,0,P,O,2,FL,0,249554.98,0.01008361523441745,616.7699218511937,0.011665378078314447
31295,2021-01-31,730.0,80.0,78.63931,50.0,3.741,0.8243332,8,12.448474,6.5333333,2.7102563,0.48909307,0,0,P,O,1,FL,0,254861.06,0.03425764017934817,583.0013569494081,0.018385988616032994
31322,2020-01-31,757.0,81.70489,65.06927,34.0,4.001,0.11766648,35,12.145031,4.423077,-0.2769227,5.7497625,0,0,P,O,2,CA,0,188156.73,0.0051177433210273255,635.260237036252,0.003641071348085232
31351,2021-07-31,734.0,95.71221,89.80514,46.0,4.073,1.0563333,18,11.743828,5.733333,-3.5000005,3.7692225,0,0,P,O,1,AZ,0,125973.62,0.034631803513806285,582.6968756705551,0.09846607238665682
31355,2022-07-31,768.0,80.0,59.877743,31.0,4.413,-1.320333,53,12.657942,5.008333,-1.125,6.28858,0,0,P,O,1,CA,0,314249.22,0.002628953203702349,653.3560679088788,0.002251104380988929
31377,2020-01-31,757.0,80.0,62.594692,29.0,3.614,-0.26933336,36,11.930826,4.023077,-0.27692318,5.986506,0,0,C,O,2,AZ,0,151876.98,0.003848303639833683,643.0102390342458,0.003912952688108624
31432,2022-07-31,733.0,96.81442,84.88879,50.0,3.399,-2.3343332,23,12.857212,4.4083333,-1.125,6.0296097,0,0,P,O,2,FL,0,383544.88,0.030887702746641998,585.8981695115715,0.026186646483628496
31450,2022-01-31,689.0,80.0,64.07785,29.0,4.363,0.84633327,58,12.129214,4.758333,-1.875,3.474294,0,0,P,O,1,OH,0,185204.23,0.02077049891958237,596.918979759035,0.02885502877261962
31486,2021-07-31,729.0,80.247185,50.567818,38.0,4.68,1.6633332,98,12.083327,5.3333335,-3.4999995,2.448673,0,0,C,O,1,PA,0,176897.75,0.013810591160897896,608.1554986619343,0.014612363382318883
31508,2022-01-31,787.0,65.43794,60.54909,20.0,3.532,0.015333414,20,12.362256,4.4583335,-1.875,4.23435,0,0,C,O,2,PA,0,233808.2,0.0005491037529282981,695.7964229499953,0.001848198998372688
31511,2020-01-31,702.0,94.02797,67.50648,50.0,4.529,0.64566636,62,12.43146,3.7230768,-0.27692318,4.340364,0,0,P,O,1,GA,0,250561.78,0.04988440172778676,572.3891574716524,0.02571878817981068
31552,2021-07-31,689.0,80.0,75.41538,48.0,4.117,1.1003335,16,12.529208,6.133333,-3.5,3.6216621,0,0,P,O,1,CA,0,276290.5,0.07633903519519454,560.1097377500708,0.12927497794661436
31606,2020-01-31,782.0,85.423996,84.42397,47.0,3.858,-0.025333405,3,13.00733,4.023077,-0.27692318,4.1072965,0,0,C,O,2,NY,0,445668.16,0.005740790618510589,632.1340575188688,0.004731620082102759
31614,2020-01-31,699.0,94.05696,65.473495,31.0,4.059,0.17566657,66,12.216597,3.323077,-0.27692294,4.340364,0,0,C,O,1,TX,0,202115.92,0.024907041439504514,591.8890962914509,0.009168797076369308
31631,2022-07-31,800.0,87.81068,79.10903,46.0,3.107,-2.626333,24,11.748865,4.7083335,-1.125,3.9803867,0,0,C,I,1,IL,0,126609.82,0.002803178967974562,651.6146746012679,0.0022455791853771704
31647,2022-01-31,781.0,88.83539,59.402344,31.0,3.535,0.018333435,67,11.827972,5.258333,-1.875,6.288583,0,0,P,O,1,CA,0,137032.31,0.003901361141960684,642.6382057521306,0.0016146691905106207
31675,2020-01-31,766.0,80.0,52.168003,32.0,4.051,0.16766667,64,12.253745,4.423077,-0.2769227,5.7497625,0,0,P,O,2,CA,0,209765.47,0.0019071386386639625,662.0627586420484,0.0016003328062057013
31680,2021-07-31,741.0,80.0,66.64564,33.0,4.536,1.5193331,43,11.931966,5.0333333,-3.5000005,2.7406642,0,0,C,O,2,TX,0,152050.19,0.00783969444506157,623.6435826849574,0.005238592119614701
31692,2022-01-31,738.0,77.80733,49.204876,13.0,4.7,1.1833332,78,12.5796585,5.258333,-1.875,6.288583,0,0,N,O,1,CA,0,290586.97,0.0032676179558119244,647.4529325866308,0.003442874548985609
31703,2023-01-31,777.0,88.967735,77.48972,28.0,3.793,-2.6403334,35,11.342666,4.5,-0.4583335,3.9803917,0,0,C,O,1,IL,0,84344.53,0.0035392998771733874,645.284000731706,0.003967496188680744
31722,2020-01-31,690.0,62.407394,52.79485,48.0,3.994,0.11066651,34,12.974823,3.623077,-0.27692318,3.8747516,0,0,N,O,1,PA,0,431413.78,0.031040803679375274,585.7600759743677,0.06425553558945374
31740,2022-01-31,740.0,95.9998,94.95661,11.0,3.421,-0.09566665,2,11.889899,4.1583333,-1.875,4.744165,0,0,N,O,2,TX,0,145786.6,0.006751762735662614,627.7165317021388,0.006119945631052025
31742,2021-07-31,691.0,70.01308,53.824425,27.0,4.3,1.2833335,50,11.44827,5.5333333,-3.5000005,3.4743047,1,0,P,O,2,FL,0,93739.03,0.02436520429547926,592.4993942108622,0.05405204248327895
31759,2022-07-31,677.0,85.64938,79.73023,39.0,3.368,-2.365333,14,12.34088,4.2083335,-1.125,4.2343626,0,0,C,O,2,PA,0,228863.36,0.09800424835408088,552.7060115420162,0.06475974529455526
31787,2022-07-31,766.0,80.0,69.785835,32.0,2.935,-2.7983332,20,12.5531025,4.608333,-1.125,6.5481853,0,0,C,O,1,AZ,0,282971.78,0.0030085500631275106,649.6955498433394,0.004885189267758083
31790,2020-01-31,748.0,80.0,71.444305,35.0,4.072,0.18866658,18,12.7465105,4.423077,-0.2769227,5.7497625,0,0,P,O,1,CA,0,343351.78,0.00752833634878607,624.7488720565384,0.006729213642530654
31800,2020-01-31,691.0,96.10624,88.576324,34.0,4.338,0.45466638,12,12.357159,4.8230767,-0.27692318,6.6999164,0,0,C,O,2,NV,0,232619.31,0.0678374006514758,563.5531937644275,0.0984937445708288
31836,2020-07-31,715.0,83.025085,60.34698,31.0,4.631,1.3976667,54,12.213078,9.633333,5.0717945,2.5737188,1,0,N,S,2,CA,0,201405.84,0.01927053506500269,598.9890391037258,0.023380990808574587
31867,2020-07-31,771.0,74.40121,63.37961,36.0,4.097,0.8636668,29,12.80134,9.233334,5.071795,2.6780384,0,0,C,O,2,AZ,0,362703.03,0.006639672408199514,628.1726671737589,0.0071258783456070824
31880,2021-07-31,758.0,80.0,65.723305,24.0,3.837,0.82033324,51,11.567068,5.633333,-3.5,2.012241,0,0,N,O,2,OH,0,105563.56,0.004376330918304901,639.5160230539802,0.0050661565595137735
31898,2022-07-31,710.0,92.29295,80.34614,26.0,3.75,-1.9833331,24,12.331952,4.608333,-1.125,6.5481853,0,0,P,O,2,AZ,0,226829.11,0.024551240357081224,592.2883742750049,0.01820713246487732
31936,2022-01-31,770.0,77.366165,71.40442,35.0,4.216,0.6993334,24,12.497769,4.4583335,-1.875,4.23435,0,0,N,O,1,PA,0,267739.47,0.0036436294098142388,644.4949158379603,0.003613576716233626
31962,2020-01-31,748.0,93.77828,91.221725,32.0,3.975,0.09166646,5,11.877599,4.423077,-0.2769227,5.7497625,0,0,N,S,2,CA,0,144004.33,0.012339301174694643,611.2445289477264,0.012255416880010084
31968,2020-01-31,700.0,80.0,59.998386,30.0,4.509,0.6256664,46,12.411246,3.823077,-0.27692294,5.5135503,0,0,N,O,1,FL,0,245547.67,0.018852439539028945,599.5942254197146,0.011571255899450303
31975,2023-01-31,725.0,87.74964,67.98243,39.0,3.892,-2.5413334,47,11.629233,4.8,-0.45833302,6.2885814,0,0,P,O,1,CA,0,112334.13,0.01563776111710523,604.7425070931301,0.0058067288746329136
31991,2020-01-31,631.0,80.0,75.83898,26.0,4.206,0.3226664,9,11.907134,4.423077,-0.2769227,5.7497625,0,0,P,O,2,CA,1,148320.94,0.07402382305155443,561.0109985925357,0.1678815046622112
31993,2022-01-31,745.0,80.0,77.153,40.0,3.205,-0.31166673,8,11.5783615,4.758333,-1.875,3.474294,0,0,P,O,1,OH,0,106762.46,0.009500277906833969,618.3986424146716,0.008923480365661299
31997,2023-01-31,769.0,80.0,56.351982,40.0,3.688,-2.7453334,70,12.125859,4.1,-0.4583335,4.7441583,1,0,P,S,1,GA,0,184583.88,0.0026300625460063377,653.3446199078794,0.0018914265632245823
32104,2021-01-31,665.0,70.570114,64.913086,50.0,4.349,1.4323332,25,12.0546465,6.733333,2.710256,0.366599,1,0,N,O,2,NY,0,171896.3,0.20869524472938572,528.7057338835151,0.19992272563831712
32112,2023-07-31,735.0,84.22941,70.23786,43.0,3.453,-3.1803331,24,12.278763,5.2,-0.20833349,7.330832,0,0,P,O,1,NV,0,215079.47,0.012210568840405089,611.5318922913917,0.010819586581422158
32143,2021-07-31,774.0,64.04039,54.122437,47.0,4.328,1.3113334,40,11.946068,5.4333334,-3.5,2.7406642,0,0,P,O,1,GA,0,154209.61,0.005030253865808908,635.7292883568747,0.005002569330102897
32160,2020-01-31,614.0,62.671547,57.68538,35.0,5.064,1.1806667,17,11.728743,3.7230768,-0.27692318,4.340364,0,0,N,O,1,GA,0,124087.56,0.06660007253822202,564.0872921102581,0.223784768573337
32173,2020-01-31,712.0,80.0,76.18229,27.0,4.057,0.17366672,12,12.206666,3.9230769,-0.27692294,3.1802256,0,0,C,O,1,OH,0,200118.66,0.017081781222111684,602.3123609568779,0.011928762380900177
32180,2020-01-31,735.0,92.39279,85.506096,41.0,4.114,0.2306664,13,11.545,3.823077,-0.27692294,5.5135503,1,0,P,O,1,FL,0,103259.45,0.012252090361220576,611.4388801130224,0.02223945182326106
32191,2021-01-31,749.0,62.68044,51.847843,19.0,3.827,0.91033316,44,12.60627,6.733333,2.710256,0.366599,0,0,C,O,1,NY,0,298423.84,0.004078347106005043,641.4326589937632,0.0026638211458796315
32224,2022-07-31,750.0,92.22634,80.22734,32.0,3.368,-2.365333,23,12.032535,4.608333,-1.125,6.5481853,0,0,P,O,2,AZ,0,168136.97,0.00902912169272894,619.7881590823816,0.008754847831145085
32227,2020-07-31,759.0,87.52927,68.0536,39.0,3.87,0.63666654,52,12.059258,9.233334,5.071795,1.8464669,0,0,P,O,2,NY,0,172690.92,0.016893071562761642,602.6182098609307,0.009663483104929697
32228,2022-01-31,760.0,80.0,72.85979,43.0,3.204,-0.31266665,16,12.7006645,5.258333,-1.875,6.288583,0,0,P,O,2,CA,0,327965.84,0.011573409660211123,612.9997595236011,0.010180022432469344
32310,2021-01-31,827.0,69.02528,66.00721,36.0,3.701,0.7843332,16,11.852,6.5333333,2.7102563,0.48909307,0,0,C,I,2,FL,0,140364.89,0.001775590116515818,664.0006356514793,0.0013423924763043427
32315,2020-01-31,794.0,63.238102,48.30729,20.0,3.801,-0.08233333,42,12.301103,3.823077,-0.27692294,5.5135503,0,0,C,O,1,FL,0,219938.31,0.00032821972001922413,709.7297491356746,0.0005409832367726727
32326,2022-07-31,801.0,94.21887,87.99876,34.0,2.765,-2.968333,12,12.067306,4.3083334,-1.125,4.7441654,0,0,N,O,2,GA,0,174086.08,0.0022600464788269906,657.4581923148809,0.0018095151995841797
32333,2023-01-31,742.0,64.62465,54.379463,31.0,3.042,-3.3913333,28,12.290463,4.2,-0.4583335,6.0296116,0,0,C,O,1,FL,0,217610.8,0.0042326312549728125,640.4235167730565,0.004927126303894699
32368,2022-07-31,704.0,83.603035,74.30508,40.0,3.442,-2.2913332,17,11.388149,4.608333,-1.125,6.5481853,0,0,N,O,1,AZ,0,88269.414,0.03829246981524019,579.8746209737743,0.0228280145941154
32377,2020-07-31,760.0,80.0,43.316414,26.0,4.159,0.9256666,92,11.793039,9.233334,5.071795,2.6780384,0,0,P,O,1,AZ,0,132328.11,0.0073314390016897485,625.4715032769503,0.0053072139001279165
32377,2021-01-31,760.0,80.0,42.49638,26.0,4.159,1.2423332,98,11.779213,6.733333,2.710256,0.5299534,0,0,P,O,1,AZ,0,130510.97,0.006244385975125612,629.8446296203293,0.0036910095032894777
32455,2021-07-31,676.0,80.0,51.31211,17.0,4.706,1.6893332,76,12.211426,6.133333,-3.5,3.6216621,0,0,P,O,1,CA,0,201073.4,0.04270059391805035,576.8013806482265,0.020403319197209207
32461,2021-01-31,830.0,70.17195,69.162,23.0,2.877,-0.039666653,6,11.8955145,6.0333333,2.7102563,0.38700014,0,0,P,S,1,TX,0,146607.58,0.0011021299586576085,676.9254822951777,0.0007196047522047195
32491,2021-01-31,701.0,80.0,75.5374,19.0,4.03,1.1133335,18,13.096702,7.133333,2.710256,0.509528,0,0,P,O,2,CA,0,487332.44,0.03590872149701575,581.6811194606745,0.018224972563832043
32517,2022-01-31,710.0,76.32595,69.83954,32.0,3.492,-0.024666548,14,12.390523,5.258333,-1.875,6.288583,0,0,C,O,1,CA,0,240511.45,0.023557538510172036,593.4341285905289,0.017497655526894376
32596,2022-01-31,755.0,66.08342,59.06232,46.0,3.998,0.48133326,30,12.178613,4.858333,-1.875,4.4889507,0,0,P,O,1,NY,0,194582.8,0.009768325472020077,617.6382831351378,0.014155425470901607
32617,2022-01-31,776.0,80.0,55.841,50.0,4.438,0.92133355,74,11.581992,4.5583334,-1.875,4.744165,0,0,P,O,2,GA,0,107150.8,0.0043992740689056805,639.3738845205369,0.0049444208919191095
32623,2020-01-31,744.0,88.65622,67.5603,38.0,4.789,0.9056666,52,11.78813,3.323077,-0.27692294,4.340364,0,0,P,O,2,TX,0,131679.95,0.009058261460325016,619.7001593655116,0.004091210489413396
32662,2021-01-31,708.0,63.981667,63.02703,28.0,3.976,1.0593333,8,12.060926,6.8333335,2.7102566,0.32579577,0,0,P,O,1,IL,0,172979.22,0.030957400907297802,585.8352213935214,0.011433891942686016
32675,2020-07-31,688.0,67.133255,64.02723,22.0,4.364,1.1306665,13,12.612753,9.033334,5.0717955,2.4695024,0,0,C,O,1,FL,0,300364.84,0.030699741171238085,586.0686156038852,0.03178721888560282
32687,2021-07-31,779.0,69.426186,66.06064,50.0,3.515,0.49833345,14,12.568063,5.0333333,-3.5000005,2.7406642,0,0,P,O,1,TX,0,287236.9,0.006160001841160559,630.2151560145887,0.005641956640491929
32710,2023-01-31,760.0,80.0,72.067314,37.0,3.249,-3.1843333,21,12.285191,4.5,-0.4583335,3.9803917,0,0,P,O,1,IL,0,216466.36,0.005808416180544239,631.8152681162182,0.005529857260605183
32814,2022-07-31,754.0,80.0,74.713135,32.0,3.197,-2.536333,15,12.01111,4.508333,-1.125,3.4743087,0,0,P,O,1,OH,0,164573.16,0.005312453189427575,634.2443590604602,0.007889199663717443
32821,2021-01-31,720.0,80.0,78.77165,37.0,4.058,1.1413333,8,12.27636,6.4333334,2.7102566,0.38700014,0,0,P,O,1,GA,0,214563.2,0.02178568534442031,595.5994185969564,0.02474499097593832
32827,2021-07-31,761.0,80.0,52.671665,30.0,4.319,1.3023331,73,12.293189,5.5333333,-3.5000005,3.4743047,0,0,P,O,2,FL,0,218204.66,0.005022234418787378,635.772687822001,0.004410712507241778
32827,2022-07-31,761.0,80.0,48.463345,30.0,4.319,-1.4143333,85,12.268467,4.4083333,-1.125,6.0296097,0,0,P,O,2,FL,0,212876.39,0.003336826504329482,646.8838164917271,0.0024594235040002288
32838,2021-01-31,734.0,80.0,44.860325,35.0,3.976,1.0593333,108,12.431073,6.4333334,2.7102566,0.38700014,0,0,P,I,2,GA,0,250464.73,0.008001910503294622,623.0848701103673,0.010029046619088341
32860,2021-01-31,806.0,80.0,52.58426,37.0,3.851,0.9343333,87,12.198733,6.3333335,2.7102566,0.34619996,0,0,P,O,2,PA,0,198537.56,0.0013246064164751281,671.9431408608891,0.0012774018009929886
32916,2020-01-31,790.0,86.2685,61.95116,44.0,4.017,0.13366675,73,11.668953,3.9230769,-0.27692294,3.1802256,0,0,P,O,2,OH,0,116885.87,0.0012519417343204342,673.4720619231202,0.0019934825420432566
32925,2022-01-31,712.0,80.0,61.14256,45.0,4.877,1.3603332,52,11.773595,4.6583333,-1.875,6.029608,0,0,P,S,1,FL,0,129779.83,0.025244217025000997,591.5158162224068,0.026504433800097423
32926,2022-01-31,812.0,80.0,63.704185,36.0,3.371,-0.1456666,56,11.942686,4.758333,-1.875,3.474294,0,0,P,O,2,OH,0,153689.0,0.0009812469999544698,680.0729587988136,0.0009346100280103439
32929,2020-07-31,717.0,96.93071,75.45852,31.0,4.12,0.88666654,43,12.889571,9.633333,5.0717945,2.5737188,0,0,P,I,1,CA,0,396159.2,0.028461531312039177,588.1798191703383,0.024663067728552833
32931,2023-01-31,727.0,92.461815,84.73292,32.0,3.339,-3.0943334,17,11.923975,4.0,-0.4583335,4.2343664,0,0,N,O,2,PA,0,150840.0,0.0149101753167281,606.0519690065048,0.010673554534859183
32939,2022-01-31,828.0,84.090416,72.854744,35.0,3.433,-0.08366656,34,11.681811,4.5583334,-1.875,4.744165,1,0,N,O,2,GA,0,118398.52,0.001287840431349133,672.7059574017119,0.0011639560282614037
32947,2021-01-31,759.0,80.0,49.49943,44.0,3.69,0.7733333,80,12.405746,6.5333333,2.7102563,0.48909307,0,0,P,O,1,FL,0,244201.0,0.008813491389860241,620.4482278975718,0.007386556787331727
32954,2023-07-31,681.0,80.0,70.10804,42.0,3.584,-3.049333,24,12.343474,3.7,-0.20833325,4.744168,0,0,P,O,1,TX,0,229457.69,0.039403798375151414,579.0690499477994,0.034476476520918925
32957,2021-01-31,830.0,78.56105,77.47773,45.0,2.904,-0.012666702,5,12.445691,7.133333,2.710256,0.509528,0,0,C,O,1,CA,0,254152.78,0.004294522028581713,640.0289594525383,0.0016592003551292257
32963,2023-01-31,704.0,80.0,67.61533,26.0,3.119,-3.3143334,26,11.664042,4.2,-0.4583335,6.0296116,0,0,N,O,1,FL,0,116313.266,0.02186026278611042,595.5048664122592,0.013666033551974998
32977,2020-07-31,758.0,72.952515,57.502045,35.0,3.86,0.62666655,48,12.061009,8.533334,5.0717955,1.950057,0,0,P,S,1,TX,0,172993.44,0.009384398547573636,618.7339529804742,0.006715733100137496
32979,2022-01-31,712.0,91.38995,88.755775,28.0,3.396,-0.12066674,6,12.651012,4.9583335,-1.875,3.9803884,0,0,N,O,2,IL,0,312079.3,0.041452567204974144,577.6394466549316,0.03495836626716285
33002,2021-07-31,743.0,80.0,77.049736,40.0,3.352,0.33533335,9,13.489901,5.8333335,-3.4999995,2.302998,0,0,P,O,2,IL,0,722086.75,0.013677188791188788,608.4218547322539,0.014890632003245037
33002,2022-07-31,743.0,80.0,72.582634,40.0,3.352,-2.381333,21,13.469207,4.7083335,-1.125,3.9803867,0,0,P,O,2,IL,0,707297.9,0.009335516368993583,618.8766309256645,0.013495024618683618
33012,2021-07-31,700.0,96.29098,91.351685,21.0,3.713,0.6963334,11,12.507376,6.133333,-3.5,3.6216621,0,0,N,O,1,CA,0,270323.75,0.0421848651202867,577.1448227272032,0.037898571011826705
33020,2023-01-31,754.0,80.0,61.526802,21.0,4.394,-2.0393333,57,11.965045,3.7,-0.45833325,4.7441583,0,0,P,O,2,TX,0,157163.94,0.001858788542047692,662.7590529468002,0.001892974114485178
33049,2023-07-31,668.0,80.0,65.44227,28.0,3.642,-2.9913332,29,12.55139,4.4,-0.20833302,6.548197,0,0,P,O,1,AZ,0,282487.6,0.057336000403574304,568.4081746732081,0.05803026453902308
33104,2021-01-31,692.0,68.583046,67.81952,21.0,3.214,0.29733324,5,12.857039,6.633333,2.7102563,0.2850178,0,0,C,O,2,OH,0,383478.88,0.02776136712267213,588.8734319457502,0.021686774072317578
33124,2022-07-31,741.0,83.6555,55.072662,15.0,4.082,-1.6513333,69,11.283967,4.608333,-1.125,6.5481853,0,0,C,O,2,AZ,0,79536.17,0.0026877087240178375,652.7562652803025,0.0025180839305881998
33135,2020-01-31,765.0,93.90345,82.825165,35.0,4.239,0.3556664,20,12.475753,4.423077,-0.2769227,5.7497625,0,0,P,O,2,CA,0,261909.16,0.0051029273188186305,635.3391052651286,0.0037842638747232447
33232,2020-07-31,722.0,80.0,39.906387,29.0,4.259,1.0256665,96,11.821313,10.033334,5.0717955,2.9916089,0,0,P,O,1,NV,0,136122.83,0.01630076380231762,603.600475204307,0.015797040206007498
33251,2021-01-31,781.0,87.86302,69.222145,14.0,3.588,0.6713333,45,12.13532,6.5333333,2.7102563,0.48909307,0,0,P,O,2,FL,0,186338.38,0.002811374923707206,651.5354371276263,0.0016497100493633723
33319,2020-01-31,688.0,92.47369,85.97697,24.0,4.271,0.38766646,12,12.775753,4.423077,-0.2769227,5.7497625,0,0,N,O,2,CA,0,353540.25,0.030789408688318632,585.9871782268073,0.03520616036869674
33455,2022-07-31,737.0,69.06521,60.090137,16.0,3.661,-2.072333,24,12.419215,4.608333,-1.125,6.5481853,0,0,C,O,2,AZ,0,247512.19,0.0031479328281405947,648.4660899163234,0.0021472767321878733
33610,2023-01-31,691.0,80.0,66.556564,33.0,4.208,-2.2253332,45,11.759086,4.0,-0.4583335,4.2343664,0,0,P,O,2,PA,0,127910.41,0.02257584475253977,594.6133216768474,0.021781170505471067
33618,2021-07-31,716.0,80.0,63.803528,17.0,4.624,1.6073334,45,12.227467,5.5333333,-3.5000005,3.4743047,0,0,P,O,2,FL,0,204324.81,0.00712957160188813,626.232656678711,0.010300665864993877
33642,2022-01-31,767.0,80.0,58.25312,50.0,3.897,0.38033342,69,11.583117,4.4583335,-1.875,4.23435,0,0,C,O,1,PA,0,107271.36,0.004320872066384459,639.8626919563283,0.0041700399444200755
33680,2020-07-31,655.0,65.463486,64.50667,25.0,4.433,1.1996667,8,12.587054,8.533334,5.0717955,1.950057,0,0,C,O,2,TX,0,292744.1,0.11404291048676729,548.1184888982234,0.09612711158502588
33767,2022-07-31,751.0,84.98922,63.02331,28.0,4.578,-1.155333,56,12.059349,4.4083333,-1.125,6.0296097,0,0,P,O,2,FL,0,172706.48,0.0036598845914705565,644.3740023970615,0.002922813691040343
33770,2021-01-31,749.0,91.46581,53.61244,40.0,4.002,1.0853331,79,11.457748,7.5333333,2.7102566,0.59129256,0,0,P,O,2,NV,0,94631.77,0.017926688212527984,600.9824792179161,0.011733446582598533
33807,2023-01-31,729.0,80.0,67.11885,39.0,3.215,-3.2183335,23,11.877992,5.2,-0.4583335,7.330827,0,0,P,O,2,NV,0,144060.9,0.017025476417969143,602.4032673189718,0.016349836530231664
33815,2023-01-31,691.0,80.0,73.7069,40.0,3.596,-2.8373334,15,12.359335,3.7,-0.45833325,4.7441583,0,0,P,O,2,TX,0,233126.22,0.033750922400592236,583.418860499494,0.04047069376596003
33848,2022-07-31,673.0,80.0,72.37238,26.0,3.602,-2.131333,15,12.239558,5.008333,-1.125,6.28858,0,0,P,O,2,CA,0,206810.45,0.0883144388973945,555.8127792856139,0.03535667572556147
33876,2022-07-31,767.0,80.573166,70.05506,38.0,3.974,-1.7593331,28,12.357311,5.008333,-1.125,6.28858,0,0,P,O,2,CA,0,232654.83,0.004594608878399649,638.1927948538907,0.005376810164231732
33938,2020-01-31,748.0,95.1644,89.78187,34.0,4.165,0.28166652,10,12.025098,3.823077,-0.27692294,5.5135503,0,0,P,O,1,FL,0,166891.31,0.013305035609468715,609.1786792942278,0.012090952463317792
33946,2020-07-31,721.0,81.34708,50.92505,33.0,4.665,1.4316666,90,11.634167,8.533334,5.0717955,1.950057,0,0,C,O,2,TX,0,112889.7,0.019798026604113214,598.2436095579908,0.01693857650286048
33966,2020-01-31,730.0,95.15494,92.56252,35.0,4.294,0.4106667,6,12.518073,3.323077,-0.27692294,4.340364,0,0,N,O,2,TX,1,273231.2,0.023186466864081778,593.8741123551468,0.017594682902308183
33977,2022-01-31,771.0,61.979443,34.306145,35.0,3.646,0.12933326,93,11.6258135,5.258333,-1.875,6.288583,0,0,N,O,2,CA,0,111950.68,0.0026300852485018236,653.3443856768395,0.003135219565514748
33994,2022-01-31,761.0,80.0,72.97687,19.0,3.166,-0.35066676,15,11.686725,5.258333,-1.875,6.288583,0,0,P,O,1,CA,0,118981.61,0.0038259421133104233,643.1685684758777,0.0028025200948760456
34019,2021-07-31,671.0,85.00718,81.227036,25.0,3.873,0.85633326,14,11.098024,5.3333335,-3.4999995,2.448673,0,0,P,O,2,PA,0,66040.53,0.0814488152242949,558.2061011098203,0.03839614886659253
34034,2022-01-31,761.0,80.0,77.16115,40.0,3.251,-0.26566672,8,13.424976,4.758333,-1.875,3.474294,0,0,N,O,1,OH,0,676695.44,0.007344311076650402,625.423676405171,0.005567626942232376
34063,2020-07-31,794.0,85.44004,81.32862,40.0,3.612,0.37866664,14,11.766534,8.533334,5.0717955,1.950057,0,0,P,O,1,TX,0,128866.766,0.003479563388846347,645.7463127968493,0.0019297519670649448
34069,2023-01-31,739.0,80.0,72.211525,38.0,3.182,-3.2513335,19,12.804595,4.4,-0.45833302,4.488958,0,0,C,O,2,NY,0,363885.66,0.00819902993724112,622.4208704513842,0.011295512967899822
34078,2020-01-31,758.0,68.880806,57.62244,30.0,3.693,-0.19033337,37,11.672978,4.123077,-0.27692318,3.6427193,0,0,N,I,2,IL,0,117357.305,0.0033600580762223266,646.69541287636,0.002979814167774115
34105,2022-01-31,707.0,80.0,78.80889,48.0,3.405,-0.11166668,2,12.817175,5.6583333,-1.875,7.3308287,0,0,P,O,2,NV,0,368492.28,0.05230869318109076,571.035702995437,0.07641281545006487
34116,2023-01-31,759.0,74.692314,61.01769,41.0,3.805,-2.6283333,45,11.908149,4.1,-0.4583335,4.7441583,0,0,N,O,2,GA,0,148471.56,0.004331896322681642,639.7934287612609,0.003982454742324201
34172,2023-07-31,805.0,73.65963,62.13823,48.0,2.781,-3.8523333,33,12.708087,4.0,-0.20833349,4.2343664,0,0,P,O,1,PA,0,330409.2,0.0015036220901922376,668.5075900564016,0.0010058735169639938
34191,2020-01-31,769.0,80.0,75.241356,35.0,3.664,-0.21933341,12,12.11531,3.323077,-0.27692294,4.340364,0,0,N,O,2,TX,0,182646.78,0.003238950272742338,647.6922000570187,0.0034344533415089375
34191,2020-07-31,769.0,80.0,74.50608,35.0,3.664,0.4306667,18,12.105489,8.533334,5.0717955,1.950057,0,0,N,O,2,TX,0,180861.92,0.008180551470375115,622.482439126619,0.006563365525319482
34213,2023-01-31,794.0,80.0,53.905266,33.0,4.162,-2.2713332,66,11.956365,4.4,-0.45833302,6.5481954,0,0,N,O,2,AZ,0,155805.7,0.0007285929749796711,688.1370552720286,0.0006856925975099961
34220,2022-07-31,734.0,81.26577,74.31682,38.0,3.168,-2.5653331,16,12.088747,4.3083334,-1.125,4.7441654,0,0,P,O,2,GA,0,177859.14,0.008724370503320542,620.7257238901857,0.018679047717364824
34266,2021-01-31,753.0,80.0,48.590897,20.0,3.815,0.8983333,83,12.610103,6.5333333,2.7102563,0.48909307,0,0,P,S,2,FL,0,299569.7,0.002941475960672381,650.3075807712017,0.0030333279629941546
34334,2020-01-31,824.0,80.0,69.05189,31.0,4.034,0.15066648,28,12.068893,3.7230768,-0.27692318,4.340364,0,0,N,O,2,GA,0,174362.83,0.0009431468250808882,681.1457936090077,0.0007245255616870957
34347,2021-01-31,719.0,80.0,78.2755,35.0,4.124,1.2073333,11,12.059321,7.5333333,2.7102566,0.59129256,0,0,C,O,1,NV,0,172701.7,0.03121455562612251,585.6041521267239,0.033760788759879805
34373,2022-01-31,783.0,79.30567,71.74774,30.0,3.297,-0.21966672,14,11.924988,5.6583333,-1.875,7.3308287,0,0,C,I,2,NV,0,150992.8,0.004318252828601644,639.879173970266,0.004932107599670268
34380,2023-07-31,722.0,80.0,41.356014,28.0,4.462,-2.1713333,123,11.524987,3.7,-0.20833325,4.744168,0,0,P,O,1,TX,0,101213.44,0.006257003191889153,629.7896560856792,0.004549484188472542
34429,2021-01-31,778.0,73.32351,54.506466,20.0,3.932,1.0153332,72,12.606395,6.633333,2.7102563,0.2850178,0,0,P,O,2,OH,0,298460.97,0.00200973994598469,660.6417772552719,0.002160994849542731
34429,2023-07-31,778.0,73.32351,46.749203,20.0,3.932,-2.7013333,102,12.538255,4.3,-0.20833302,3.4742944,0,0,P,O,2,OH,0,278801.4,0.0008985549431993668,682.4578317932651,0.000970910516753297
34430,2023-07-31,757.0,67.79754,56.74533,30.0,3.39,-3.243333,37,12.93538,4.4,-0.20833302,4.4889503,0,0,C,O,2,NY,0,414728.7,0.003305725719857878,647.1380948539911,0.0033751445541259214
34463,2023-07-31,753.0,92.63142,80.92356,40.0,3.244,-3.3893332,26,12.078205,4.0,-0.20833349,4.2343664,0,0,P,O,1,PA,0,175994.02,0.00800121238198356,623.0872504571448,0.006560295815420256
34473,2021-01-31,740.0,80.0,67.70497,43.0,4.467,1.5503333,40,12.124283,6.0333333,2.7102563,0.38700014,0,0,C,O,2,TX,0,184293.17,0.01338537591731505,609.0135442111759,0.009327370587275499
34485,2021-01-31,753.0,76.18797,74.48896,40.0,4.096,1.1793334,12,12.480607,7.133333,2.710256,0.509528,0,0,N,O,1,CA,0,263183.7,0.015657836710542865,604.7072326841629,0.011258227597958864
34531,2022-01-31,639.0,62.03509,59.60953,33.0,3.601,0.08433342,6,11.3955145,5.258333,-1.875,6.288583,1,0,N,O,2,CA,0,88922.01,0.09284082905196206,554.3253280138966,0.10528331747936873
34545,2021-07-31,709.0,80.0,55.18648,25.0,4.136,1.1193335,75,11.336208,5.4333334,-3.5,2.7406642,0,0,N,O,1,GA,0,83801.7,0.014590433037386054,606.6474454765381,0.010972484704787594
34552,2020-01-31,789.0,95.99677,77.91709,17.0,3.844,-0.039333344,32,12.183712,4.423077,-0.2769227,5.7497625,0,0,P,O,2,CA,0,195577.6,0.0007680080124588437,686.7101128498826,0.0010796889693802524
34592,2020-01-31,694.0,80.0,73.225266,38.0,4.476,0.5926664,13,11.8980465,4.8230767,-0.27692318,6.6999164,0,0,C,O,1,NV,0,146979.27,0.04442834140141983,575.678996090254,0.04628231816177389
34608,2020-07-31,769.0,80.0,79.169586,26.0,3.893,0.65966654,7,12.795392,8.533334,5.0717955,1.950057,0,0,C,O,2,TX,0,360552.16,0.0067777081320472676,627.6120228782404,0.0052253730143470905
34633,2020-01-31,768.0,80.0,51.80143,24.0,3.995,0.11166644,78,11.898335,3.323077,-0.27692294,4.340364,0,0,P,O,2,TX,0,147021.69,0.001365281267874883,671.1234795288052,0.0008643724733650501
34743,2023-01-31,791.0,80.0,69.146614,50.0,3.212,-3.2213335,28,12.800963,3.7,-0.45833325,4.7441583,0,0,P,O,2,TX,0,362566.75,0.0017072041595671945,665.0654572087981,0.0036057224246079118
34807,2023-01-31,738.0,80.0,74.61409,39.0,3.205,-3.2283335,13,12.452158,4.4,-0.45833302,4.488958,0,0,N,O,1,NY,1,255801.81,0.008209645075905521,622.3855639180224,0.011672581726389054
34881,2020-07-31,678.0,80.0,78.76385,33.0,4.01,0.7766669,8,11.790746,8.533334,5.0717955,1.950057,0,0,C,O,2,TX,0,132024.92,0.18514559384183835,532.739889939345,0.05519275470970601
34886,2021-07-31,757.0,80.0,79.11317,34.0,3.034,0.01733327,2,11.77015,5.0333333,-3.5000005,2.7406642,0,0,N,O,1,TX,0,129333.625,0.007619787711344791,624.4195934454112,0.004649453216725555
34918,2022-07-31,758.0,80.0,73.125275,32.0,3.143,-2.5903332,18,12.397464,4.7083335,-1.125,3.9803867,0,0,P,O,2,IL,0,242186.6,0.005312453189427575,634.2443590604602,0.008327031100222934
35083,2020-01-31,805.0,79.583275,65.99028,35.0,3.291,-0.59233356,34,12.064249,3.323077,-0.27692294,4.340364,0,0,C,O,2,TX,0,173554.89,0.0009864645171438233,679.9292921255832,0.0008859321423558987
35091,2022-01-31,756.0,73.47493,41.121777,32.0,3.497,-0.019666672,91,12.519084,5.258333,-1.875,6.288583,0,0,P,O,2,CA,0,273507.28,0.004161265923401401,640.8856696649402,0.00437263429653741
35183,2020-07-31,725.0,84.072205,83.49886,34.0,4.346,1.1126668,5,11.861762,9.633333,5.0717945,2.5737188,1,0,C,O,2,CA,0,141741.73,0.033908647834314916,583.288260049092,0.022924190944050727
35192,2020-01-31,763.0,80.0,78.6707,16.0,4.03,0.14666677,4,12.399809,4.023077,-0.27692318,4.1072965,0,0,P,O,1,NY,0,242755.27,0.0015850824890270424,667.0774880529577,0.0014452626479156802
35227,2021-07-31,717.0,84.391266,74.307526,29.0,4.061,1.0443332,28,12.151647,5.733333,-3.5000005,3.7692225,2,0,C,O,2,AZ,0,189405.78,0.01605123042815041,604.0248442575905,0.012703720298496932
35244,2023-01-31,795.0,80.0,58.350597,30.0,4.052,-2.3813334,56,11.776109,4.8,-0.45833302,6.2885814,0,0,C,O,1,CA,0,130106.51,0.0007598856373818919,686.9980853198806,0.0006753265813839291
35289,2020-01-31,795.0,67.971405,56.526867,31.0,3.833,-0.0503335,37,11.925252,3.623077,-0.27692318,3.8747516,0,0,C,O,1,PA,0,151032.69,0.0007270649262762273,688.1939169020593,0.0006234996702385625
35293,2022-07-31,701.0,80.0,66.98019,29.0,4.31,-1.4233332,44,12.374269,4.2083335,-1.125,4.2343626,0,0,P,O,1,PA,0,236633.56,0.019750229706535755,598.3103472953267,0.011235159056263985
35294,2021-07-31,727.0,68.409966,54.099625,32.0,3.958,0.9413333,54,12.171129,5.3333335,-3.4999995,2.448673,0,0,P,O,1,PA,0,193132.0,0.009633078085344587,618.0193149966058,0.010544723932944047
35301,2021-07-31,786.0,80.84706,42.150608,45.0,4.199,1.1823332,103,12.264746,6.133333,-3.5,3.6216621,0,0,P,O,1,CA,0,212085.62,0.004953441284237946,636.1478389885294,0.004098961830164675
35328,2021-01-31,722.0,80.0,69.7501,27.0,4.59,1.6733334,30,12.787755,6.733333,2.710256,0.5299534,2,0,P,O,2,AZ,0,357809.28,0.020111693772912085,597.8095212106505,0.019094772149141164
35343,2021-01-31,692.0,71.0804,58.1544,30.0,4.273,1.356333,47,12.618031,6.733333,2.710256,0.366599,0,0,P,O,2,NY,0,301954.1,0.03714899820298285,580.7272717677337,0.04728216870634664
35369,2022-07-31,739.0,65.54274,58.5859,31.0,3.089,-2.6443331,24,12.628156,4.608333,-1.125,4.48896,0,0,P,O,2,NY,0,305026.9,0.0056865101013407,632.392650751429,0.010550251395433625
35418,2022-07-31,701.0,71.636826,48.480637,35.0,4.938,-0.7953329,81,12.224537,3.9083333,-1.125,4.7441654,0,0,P,O,2,TX,0,203727.25,0.018484329333568247,600.1380567321551,0.01928802318142981
35437,2022-07-31,737.0,80.0,74.86435,28.0,3.316,-2.4173331,12,12.557831,4.3083334,-1.125,4.7441654,0,0,N,S,2,GA,0,284313.03,0.006132647080215125,630.3363527087193,0.009900636504779686
35464,2020-07-31,760.0,92.8658,89.50865,36.0,3.915,0.6816666,11,13.122297,9.633333,5.0717945,2.5737188,0,0,P,O,2,CA,0,499966.75,0.025345103379204172,591.4050707799696,0.038965490800117755
35496,2020-07-31,759.0,78.89014,60.730022,33.0,3.782,0.5486667,43,12.298121,9.233334,5.071795,2.6780384,0,0,N,O,1,AZ,0,219283.62,0.01003247319293766,616.9089333684344,0.0065848734257856764
35637,2020-07-31,776.0,77.152145,76.4784,33.0,3.99,0.75666666,6,12.813506,9.033334,5.0717955,2.4695024,0,0,P,O,1,FL,0,367142.62,0.008341266659733428,621.9515054113231,0.007023181578065385
35669,2020-01-31,801.0,64.03328,63.65431,29.0,3.623,-0.26033354,2,12.600117,3.9230769,-0.27692294,3.1802256,0,0,P,O,1,OH,0,296593.16,0.0008334370611687163,684.4956258320564,0.0007848387204756467
35708,2020-01-31,777.0,80.0,60.49805,20.0,3.754,-0.1293335,41,12.604519,4.023077,-0.27692318,5.986506,0,0,P,I,1,AZ,0,297901.78,0.0011739073011942558,675.2159730299427,0.0007939916897894206
35714,2023-07-31,687.0,64.104645,40.391647,40.0,4.883,-1.7503333,93,12.666861,4.1,-0.20833349,4.744168,0,0,P,O,2,GA,0,317064.44,0.020305852006660415,597.5441335877744,0.01855060575093578
35727,2020-07-31,814.0,95.947685,60.73356,45.0,3.944,0.71066666,94,12.485798,9.333333,5.0717945,1.6396334,0,0,C,O,2,IL,0,264553.25,0.004191272787287985,640.6903947018194,0.0016638064480801501
35731,2022-01-31,737.0,78.85756,73.80213,34.0,3.543,0.026333332,18,11.790013,4.758333,-1.875,3.474294,0,0,P,O,2,OH,0,131928.23,0.008230095282294814,622.317672852566,0.010404246972362884
35739,2022-07-31,756.0,80.0,71.50893,45.0,3.11,-2.6233332,22,11.83935,3.9083333,-1.125,4.7441654,0,0,C,O,2,TX,0,138600.33,0.00802270615259665,623.0140585999301,0.009424834022760111
35775,2020-01-31,788.0,75.48706,70.367676,35.0,3.616,-0.2673335,11,12.152561,4.023077,-0.27692318,5.986506,0,0,P,O,2,AZ,0,189579.02,0.0010795594591821093,677.4860948157512,0.0021870509442866912
35802,2020-07-31,729.0,81.509674,59.357483,47.0,4.265,1.0316665,53,12.8420925,9.633333,5.0717945,2.5737188,0,0,P,O,1,CA,0,377789.7,0.035557132565965086,581.9572838720903,0.035446871114140716
35850,2020-01-31,683.0,80.0,60.86789,24.0,4.69,0.8066666,54,11.447636,4.023077,-0.27692318,4.1072965,0,0,C,O,2,NY,0,93679.6,0.014718766294180443,606.4069125327529,0.017723588217403618
35888,2022-01-31,733.0,84.570274,74.800095,42.0,4.025,0.50833344,32,11.945755,4.858333,-1.875,4.4889507,0,0,C,O,2,NY,0,154161.28,0.02312094972269574,593.952510087702,0.013734261724772804
35902,2022-07-31,734.0,83.48393,72.539566,35.0,3.719,-2.014333,25,12.538854,4.608333,-1.125,6.5481853,0,0,P,O,1,AZ,0,278968.3,0.007876076447826194,623.5172828269422,0.010546398353691389
35930,2020-01-31,798.0,81.993004,72.82814,39.0,4.242,0.35866666,23,13.078089,3.7230768,-0.27692318,4.340364,0,0,N,O,1,GA,0,478345.66,0.0013926819432619247,670.584947632998,0.001207677546845542
35984,2021-07-31,730.0,90.9811,63.48292,26.0,4.419,1.4023335,74,12.489641,5.0333333,-3.5000005,2.7406642,0,0,P,O,2,TX,0,265571.88,0.013759398704577316,608.2574101897187,0.0050813090477828775
35990,2021-07-31,830.0,83.241554,48.167976,50.0,3.333,0.3163333,86,12.547983,6.133333,-3.5,3.6216621,0,0,P,I,2,CA,0,281526.75,0.001964019153290967,661.2658283600651,0.001610446715281122
36039,2021-01-31,754.0,95.58899,62.59125,29.0,4.311,1.3943331,72,11.929198,7.133333,2.710256,0.509528,0,0,P,S,2,CA,0,151630.0,0.011208961137423073,613.875699791408,0.004697611737481301
36043,2022-01-31,812.0,81.006676,75.57664,29.0,3.276,-0.24066663,19,13.221117,4.758333,-1.875,3.474294,0,0,P,O,1,OH,0,551897.1,0.0011030510381064556,676.9028485170888,0.0009209612972910608
36056,2023-01-31,773.0,80.0,67.82484,27.0,3.027,-3.4063334,24,12.665051,4.8,-0.45833302,6.2885814,0,0,C,O,2,CA,0,316491.44,0.0026661408595258862,652.9749067411122,0.003268201583637986
36065,2020-01-31,818.0,80.0,43.24043,16.0,3.732,-0.15133333,89,12.076617,4.423077,-0.2769227,5.7497625,0,0,P,O,1,CA,0,175714.77,0.0003812772586292956,705.6729177325267,0.0003926609809333674
36076,2022-01-31,798.0,80.0,76.25767,37.0,2.925,-0.5916667,7,12.657163,5.258333,-1.875,6.288583,0,0,P,O,2,CA,0,314004.56,0.0016958220027435585,665.246810543196,0.001590154768766591
36079,2020-01-31,780.0,62.257973,51.012997,45.0,4.066,0.18266654,30,12.120259,4.023077,-0.27692318,5.986506,0,0,P,O,2,AZ,0,183553.02,0.003068636796056326,649.1587197815593,0.003959113943043373
36099,2022-01-31,746.0,88.15385,83.37366,40.0,3.13,-0.38666654,10,12.440554,4.5583334,-1.875,4.744165,0,0,P,O,1,GA,0,252850.5,0.013621878721192597,608.5330409076398,0.012103692939272223
36134,2021-07-31,765.0,73.42163,40.076027,30.0,4.329,1.3123333,95,12.270406,5.733333,-3.5000005,3.7692225,0,0,P,O,1,AZ,0,213289.44,0.0027913931385210996,651.7290244329247,0.004862125375417848
36157,2020-07-31,801.0,80.0,78.04851,36.0,3.461,0.22766662,9,11.88473,9.633333,5.0717945,2.5737188,0,0,P,O,1,CA,0,145035.03,0.0029749877614524,650.0000759690669,0.0016617350921332157
36202,2020-07-31,776.0,80.0,61.555016,49.0,3.71,0.4766667,44,12.043,9.633333,5.0717945,2.5737188,0,0,N,O,1,CA,0,169905.94,0.009474827875565538,618.4719365961499,0.0063343153498588295
36231,2023-01-31,778.0,63.16088,55.64797,29.0,2.947,-3.4863334,24,11.965655,4.0,-0.4583335,4.2343664,0,0,P,O,1,PA,0,157259.97,0.0019721088694257456,661.1543616192209,0.0030238921764475304
36237,2020-01-31,781.0,80.0,71.795334,26.0,4.39,0.5066664,18,12.473012,3.823077,-0.27692294,5.5135503,0,0,C,O,2,FL,0,261192.2,0.0026440089485695846,653.2011076422691,0.002872554198682074
36298,2023-07-31,763.0,89.864876,79.76645,40.0,3.31,-3.3233333,24,11.599184,4.5,-0.20833349,3.9803836,0,0,P,O,2,IL,0,109008.84,0.005250107379066312,634.5655533769701,0.004663655182816286
36341,2023-07-31,711.0,80.0,66.88408,36.0,3.717,-2.9163332,36,12.198123,3.7,-0.20833325,4.744168,0,0,P,O,1,TX,0,198416.45,0.018321314588791226,600.382291236219,0.013258828196322868
36363,2020-01-31,749.0,69.47319,65.79246,27.0,3.713,-0.17033339,13,12.698476,3.9230769,-0.27692294,3.1802256,0,0,P,O,2,OH,0,327248.78,0.004991252210749374,635.9410069021358,0.004472544782271008
36468,2023-01-31,731.0,80.0,69.251785,44.0,3.168,-3.2653334,27,12.333073,3.7,-0.45833325,4.7441583,0,0,P,O,2,TX,0,227083.33,0.015892847700452968,604.297577820386,0.012983000331020518
36506,2021-01-31,791.0,96.71162,59.756584,44.0,3.318,0.40133333,79,12.632499,6.5333333,2.7102563,0.48909307,0,0,P,O,2,FL,0,306354.56,0.0028383170868365535,651.2765773425823,0.00452716857241369
36507,2021-01-31,738.0,80.0,42.71238,36.0,4.5,1.5833333,92,12.137492,7.5333333,2.7102566,0.59129256,0,0,P,O,1,NV,0,186743.69,0.011535495946950454,613.0896036401348,0.00955666105002289
36507,2022-07-31,738.0,80.0,36.86165,36.0,4.5,-1.2333331,110,12.096293,5.4083333,-1.125,7.330828,0,0,P,O,1,NV,0,179206.45,0.006434444108262953,629.0279972239413,0.00971217603898657
36554,2020-01-31,758.0,80.0,45.92577,21.0,4.314,0.4306667,85,11.629673,3.823077,-0.27692294,5.5135503,1,0,P,O,2,FL,0,112383.555,0.0016946538330837716,665.2654918480373,0.00108348049624692
36557,2020-07-31,719.0,87.789894,77.12616,36.0,4.771,1.5376666,30,12.218484,8.533334,5.0717955,1.950057,0,0,P,O,2,TX,0,202497.69,0.039108709726618306,579.2808046753469,0.03617226609663615
36580,2022-01-31,730.0,63.91188,62.183617,20.0,3.389,-0.12766671,5,12.305071,4.5583334,-1.875,4.744165,0,0,P,O,2,GA,0,220812.95,0.005821674707150625,631.7531997633668,0.005643025074344562
36637,2022-01-31,751.0,80.0,68.465645,41.0,3.916,0.39933324,37,12.542623,4.5583334,-1.875,4.744165,0,0,P,O,2,GA,0,280021.8,0.006215424843811756,629.9712326189845,0.005500808046682705
36678,2020-01-31,736.0,66.49384,61.935387,35.0,4.007,0.123666525,14,11.98333,3.323077,-0.27692294,4.340364,0,0,P,O,1,TX,1,160064.08,0.0061916951068009965,630.0754044020248,0.0058501028011186985
36719,2022-01-31,735.0,80.0,74.01379,43.0,3.544,0.02733326,17,12.225733,4.1583333,-1.875,4.744165,2,0,P,O,2,TX,0,203970.95,0.011064412707685444,614.2309400685076,0.012510504029733477
36722,2020-01-31,830.0,80.21379,56.903194,34.0,3.241,-0.6423335,67,11.7412405,4.123077,-0.27692318,3.6427193,0,0,N,O,2,IL,0,125648.06,0.000819237104513544,684.9610988862089,0.0010843631540555787
36784,2022-07-31,760.0,80.0,62.968655,30.0,4.437,-1.2963333,53,12.208244,4.3083334,-1.125,4.7441654,0,0,C,O,2,GA,0,200434.75,0.0035731096967763663,645.0257737540688,0.0032834535850834496
36784,2023-07-31,760.0,80.0,58.82342,30.0,4.437,-2.1963334,65,12.186498,4.1,-0.20833349,4.744168,0,0,C,O,2,GA,0,196123.1,0.003316559594668667,647.0492480577411,0.0018861624985287472
36805,2022-01-31,804.0,71.78592,48.298874,48.0,3.863,0.34633327,67,11.6236105,5.258333,-1.875,6.288583,0,0,N,O,2,CA,0,111704.31,0.0016872941713760839,665.3834836073133,0.0014580451087610087
36840,2022-01-31,742.0,69.55686,63.358696,42.0,3.414,-0.10266662,18,12.844038,4.6583333,-1.875,6.029608,0,0,P,O,1,FL,0,378525.16,0.0100968591518842,616.7340367138353,0.009898832654762954
36846,2022-01-31,659.0,80.0,58.792145,49.0,4.413,0.89633346,57,12.072461,4.6583333,-1.875,6.029608,0,0,P,O,1,FL,0,174985.95,0.10732806033400501,549.9652217327183,0.1065939812333397
36854,2023-01-31,774.0,90.87415,76.21768,27.0,2.785,-3.6483333,26,12.001594,4.8,-0.45833302,6.2885814,0,0,P,O,1,CA,0,163014.42,0.0035392998771733874,645.284000731706,0.0030944680738318343
36866,2023-07-31,751.0,60.749714,53.892685,36.0,3.041,-3.5923333,22,11.977964,4.4,-0.20833302,4.4889503,0,0,N,O,2,NY,0,159207.56,0.003694805696498391,644.1160426757539,0.0036174798471591664
36884,2022-01-31,767.0,83.670265,69.44994,14.0,3.907,0.3903334,37,12.792077,5.258333,-1.875,6.288583,0,0,N,O,1,CA,0,359359.12,0.0018984451507840254,662.1866456436015,0.0012085446739061082
36905,2020-01-31,734.0,80.0,79.88839,14.0,4.18,0.29666638,1,11.912377,4.423077,-0.2769227,5.7497625,0,0,P,O,1,CA,0,149100.69,0.003770120267801486,643.5678701441228,0.002311693458165614
36905,2021-07-31,734.0,80.0,75.09195,14.0,4.18,1.1633332,19,11.886036,6.133333,-3.5,3.6216621,0,0,P,O,1,CA,0,145224.52,0.005723336706726353,632.2169420984909,0.00475913117002945
36929,2021-01-31,733.0,67.801125,64.346054,45.0,4.103,1.1863334,19,11.999098,6.3333335,2.7102566,0.34619996,0,0,P,O,1,PA,0,162608.02,0.026610734721695457,590.0510889915874,0.021746221642858533
36990,2021-07-31,736.0,80.0,61.758526,22.0,4.262,1.2453334,56,11.702041,5.0333333,-3.5000005,2.7406642,0,0,C,O,2,TX,0,120818.016,0.003473001666160636,645.7975765458825,0.0037942834555125524
36994,2020-07-31,776.0,80.0,65.764305,38.0,4.134,0.9006665,35,12.252997,9.633333,5.0717945,2.5737188,0,0,N,O,2,CA,0,209608.53,0.008288823305137711,622.1236322658815,0.005743683235567231
37041,2020-07-31,768.0,94.794624,88.3036,36.0,3.832,0.59866667,19,12.13394,8.833333,5.0717945,1.7430038,0,0,C,O,2,PA,0,186081.45,0.014863460349249902,606.1381801619367,0.01890695323548097
37041,2023-01-31,768.0,94.794624,76.85934,36.0,3.832,-2.6013334,49,12.081535,4.0,-0.4583335,4.2343664,0,0,C,O,2,PA,0,176581.03,0.0034122477827438873,646.2768554941772,0.002435448844983059
37081,2020-01-31,765.0,80.0,73.35628,27.0,4.566,0.68266654,18,13.133629,4.023077,-0.27692318,4.1072965,0,0,C,O,2,NY,0,505664.78,0.0027607642007026387,652.028462451967,0.00265923380048333
37081,2021-01-31,765.0,80.0,71.80958,27.0,4.566,1.6493332,30,13.115978,6.733333,2.710256,0.366599,0,0,C,O,2,NY,0,496817.66,0.00533069874479512,634.1510702372041,0.0030495777639998295
37089,2023-01-31,665.0,80.0,54.883877,28.0,4.451,-1.9823332,77,11.893575,3.7,-0.45833325,4.7441583,0,0,P,S,2,TX,0,146323.38,0.048075987011442764,573.439981433834,0.037792952253776345
37114,2021-01-31,721.0,73.34315,72.138885,29.0,4.026,1.1093333,8,12.203187,6.5333333,2.7102563,0.48909307,0,0,P,I,1,FL,0,199423.72,0.017001480255340966,602.442099900286,0.008309951658136158
37162,2021-07-31,749.0,80.0,73.3932,24.0,3.662,0.6453333,22,12.276645,6.133333,-3.5,3.6216621,0,0,P,O,2,CA,0,214624.39,0.007843805982666966,623.6292804011168,0.005070160501657538
37179,2022-01-31,765.0,80.0,72.59366,39.0,3.186,-0.33066654,18,12.131543,5.258333,-1.875,6.288583,0,0,P,O,1,CA,0,185636.02,0.005522809952580702,633.1876495872355,0.004661431525261281
37186,2021-01-31,746.0,65.03284,59.192356,41.0,4.328,1.4113333,27,12.514941,6.733333,2.710256,0.366599,0,0,C,O,2,NY,0,272376.7,0.014482873494755393,606.8506535976995,0.006671758416671679
37213,2020-07-31,740.0,94.48789,80.59425,23.0,3.85,0.61666656,40,12.508972,9.133333,5.0717945,1.4332186,0,0,P,O,1,OH,0,270755.7,0.013475432500708649,608.8295961014018,0.009803395423899033
37213,2021-01-31,740.0,94.48789,79.492584,23.0,3.85,0.93333316,46,12.4980545,6.633333,2.7102563,0.2850178,0,0,P,O,1,OH,0,267815.8,0.011050325807690864,614.2658049060886,0.006141079065464712
37218,2020-07-31,793.0,91.071106,90.09665,41.0,3.719,0.48566675,7,12.857673,8.933333,5.071795,1.950057,0,0,N,O,1,GA,0,383721.78,0.0063911656857364345,629.2118262624693,0.0023327589519013775
37227,2021-01-31,734.0,76.74634,54.21158,23.0,4.413,1.4963334,60,11.833077,6.733333,2.710256,0.5299534,0,0,C,O,1,AZ,0,137733.77,0.006152327270428285,630.2491045348415,0.0069063110768660015
37280,2021-07-31,708.0,80.0,76.21182,37.0,3.531,0.51433325,9,12.4977,5.5333333,-3.5000005,3.4743047,0,0,P,O,2,FL,0,267720.62,0.033308596679932856,583.7882839198833,0.025510126772493306
37315,2021-01-31,739.0,68.09567,67.4241,35.0,3.399,0.48233318,4,12.663719,6.3333335,2.7102566,0.34619996,0,0,P,O,2,PA,0,316070.12,0.01152704156266334,613.1096777844613,0.011794792851796276
37337,2020-01-31,783.0,93.92325,90.26776,43.0,3.899,0.015666485,7,12.536014,3.823077,-0.27692294,5.5135503,0,0,P,O,2,FL,0,278177.28,0.00863502010707845,621.0067695427101,0.007265821622759692
37338,2022-07-31,760.0,80.0,72.3653,21.0,3.359,-2.3743331,27,11.247799,4.508333,-1.125,3.4743087,0,0,P,O,1,OH,0,76710.9,0.0027792022430539708,651.8478120239788,0.0029995752679089125
37339,2021-07-31,744.0,67.58134,65.292534,20.0,3.461,0.4443333,9,11.629063,5.633333,-3.5,2.012241,0,0,P,O,2,OH,0,112314.98,0.004781988082948302,637.1058696816813,0.0032154835708171773
37401,2022-01-31,683.0,66.49846,60.787243,28.0,4.19,0.6733334,26,11.729548,4.858333,-1.875,4.4889507,1,0,P,O,2,NY,0,124187.62,0.02731945281920977,589.3200129280908,0.0799909162462223
37413,2021-01-31,792.0,93.45899,71.43885,21.0,3.984,1.0673332,57,11.726287,6.0333333,2.7102563,0.38700014,0,0,P,O,1,TX,0,123783.16,0.0009210818732325026,681.7870830986224,0.0007896664832904075
37425,2022-01-31,787.0,80.0,59.462368,46.0,3.353,-0.16366673,60,12.557888,4.5583334,-1.875,4.744165,0,0,P,O,1,GA,0,284329.12,0.0015397621431255657,667.8638080827773,0.0023777677245993474
37442,2021-01-31,677.0,80.0,58.879776,27.0,4.699,1.7823331,72,12.169432,6.8333335,2.7102566,0.32579577,0,0,P,O,2,IL,0,192804.38,0.10228206015380334,551.4210753219548,0.031602813347723656
37444,2021-01-31,759.0,76.129196,74.531494,28.0,4.042,1.1253331,11,12.473906,7.133333,2.710256,0.509528,0,0,C,O,1,CA,0,261425.62,0.011029325696476987,614.3178615026967,0.0069589367012080515
37449,2023-01-31,793.0,67.4576,58.45059,27.0,2.797,-3.6363335,25,12.685289,4.1,-0.4583335,4.7441583,0,0,P,O,1,GA,0,322961.78,0.0007876011961058158,686.0277891685461,0.0011676779703015789
37455,2023-01-31,732.0,80.51005,52.7785,25.0,4.246,-2.1873336,92,12.134466,4.5,-0.4583335,3.9803917,0,0,P,S,1,IL,0,186179.45,0.0053902167193709515,633.8489498357945,0.0016865408820090446
37502,2022-01-31,779.0,93.005394,88.048416,36.0,2.93,-0.5866666,8,12.268903,5.258333,-1.875,6.288583,0,0,P,O,2,CA,0,212969.23,0.008478992185882762,621.50452923904,0.005782482776694866
37508,2023-01-31,742.0,84.180275,68.46715,17.0,3.907,-2.5263333,37,11.557967,5.2,-0.4583335,7.330827,0,0,P,I,1,NV,0,104607.1,0.0034888377820043734,645.6740202561255,0.002282738326126795
37533,2020-07-31,741.0,80.0,75.68371,24.0,3.869,0.6356666,14,11.977117,9.033334,5.0717955,2.4695024,0,0,P,O,2,FL,0,159072.69,0.011977367452423785,612.0601611818288,0.011962515015088859
37541,2022-01-31,803.0,80.0,67.98901,12.0,3.502,-0.014666557,33,11.684881,5.258333,-1.875,6.288583,0,0,P,S,2,CA,0,118762.58,0.0007558461454874251,687.1424495958082,0.0006505611968607743
37616,2023-07-31,705.0,94.83961,76.12214,28.0,4.04,-2.5933332,53,11.754179,4.5,-0.20833349,3.9803836,0,0,P,O,1,IL,0,127284.31,0.018902308265097922,599.5213537499483,0.007676591793181487
37621,2021-07-31,707.0,66.63094,63.37407,41.0,3.541,0.52433324,10,11.92451,5.5333333,-3.5000005,3.4743047,0,0,C,O,2,FL,0,150920.8,0.03314985668097864,583.9220168908763,0.0271382017421395
37663,2021-07-31,767.0,93.22676,83.81728,31.0,3.824,0.80733323,30,12.250581,5.8333335,-3.4999995,2.302998,0,0,C,O,2,IL,0,209102.77,0.006305906331878545,629.5776197148832,0.007754075013907784
37704,2021-07-31,740.0,80.0,76.676956,42.0,3.239,0.22233343,10,12.167635,5.733333,-3.5000005,2.594572,0,0,P,O,2,NY,0,192458.31,0.016840210678876796,602.70448562253,0.011958294875523063
37728,2023-01-31,724.0,80.0,69.30012,22.0,3.489,-2.9443333,28,13.030411,4.1,-0.4583335,4.7441583,0,0,P,O,1,GA,0,456074.03,0.00526927816813475,634.4663867726624,0.004439644627402409
37820,2023-07-31,794.0,82.98792,65.30889,30.0,3.002,-3.631333,31,12.802523,5.2,-0.20833349,7.330832,0,0,C,S,1,NV,0,363132.34,0.0010770292799665779,677.5496685560877,0.0014008093408815962
37822,2020-01-31,820.0,80.0,78.3338,36.0,3.439,-0.44433355,4,12.320108,3.823077,-0.27692294,5.5135503,0,0,N,O,1,FL,0,224158.44,0.001194213785735605,674.7512640425296,0.0011765606120669795
37878,2022-07-31,716.0,86.30071,75.35485,39.0,3.872,-1.8613331,25,12.107267,5.008333,-1.125,6.28858,0,0,P,O,1,CA,0,181183.86,0.018713629723737003,599.7980639955277,0.013850613004965756
37911,2022-01-31,667.0,80.5488,75.02059,27.0,3.596,0.079333305,11,12.455036,4.6583333,-1.875,6.029608,0,0,C,O,2,FL,0,256538.98,0.07753270619617321,559.6548261507128,0.058585060481885845
38017,2020-01-31,684.0,80.0,63.004326,48.0,4.956,1.0726664,50,11.937354,3.623077,-0.27692318,3.8747516,0,0,N,O,2,PA,0,152871.67,0.035643273567493854,581.889379833597,0.03539196485467485
38074,2020-01-31,771.0,72.7704,64.22823,28.0,4.531,0.6476667,18,12.422806,4.8230767,-0.27692318,6.6999164,0,0,N,O,1,NV,0,248402.5,0.002984645475472878,649.9120975202417,0.0016554602779977584
38253,2023-01-31,800.0,80.0,68.95093,46.0,3.53,-2.9033334,31,12.08849,4.1,-0.4583335,4.7441583,0,0,P,O,2,GA,0,177813.38,0.0017072041595671945,665.0654572087981,0.0015694809634814097
38281,2021-07-31,754.0,80.0,72.71892,36.0,3.783,0.76633334,26,11.932432,5.0333333,-3.5000005,2.7406642,0,0,P,S,2,TX,0,152121.05,0.007305699953462405,625.5673885475917,0.007124765549138807
38357,2021-07-31,742.0,81.65596,62.527546,34.0,4.06,1.0433333,49,11.993473,6.133333,-3.5,3.6216621,0,0,P,O,2,CA,0,161696.02,0.00867490046319459,620.8809740905199,0.008493729870564145
38445,2020-01-31,668.0,80.0,79.89182,37.0,4.354,0.47066665,1,11.83997,3.7230768,-0.27692318,4.340364,0,0,N,O,2,GA,1,138686.22,0.08461657725420595,557.0799595871654,0.04848186343712832
38451,2021-07-31,793.0,80.0,75.32806,19.0,3.567,0.55033326,20,13.200118,5.3333335,-3.4999995,2.448673,0,0,P,O,1,PA,0,540428.9,0.000841221928341353,684.2437904125889,0.0006995730763048218
38469,2022-01-31,806.0,64.78347,51.94596,47.0,4.132,0.6153333,49,12.259945,4.1583333,-1.875,4.744165,0,0,P,O,1,TX,0,211069.95,0.0012359918730847563,673.8195098407064,0.00135670912107673
38544,2020-01-31,713.0,80.0,72.66481,27.0,4.367,0.48366666,14,11.906969,4.8230767,-0.27692318,6.6999164,0,0,P,O,1,NV,0,148296.56,0.02184521798368965,595.5239153790639,0.014633828712351362
38548,2023-07-31,725.0,84.108475,59.946053,33.0,4.815,-1.8183331,61,13.437199,4.8,-0.20833302,6.2885866,0,0,C,O,2,CA,0,685016.94,0.009235938754977878,619.1695829817745,0.004771848093055053
38605,2020-01-31,776.0,63.539345,47.45307,47.0,4.138,0.25466657,56,11.262298,4.023077,-0.27692318,4.1072965,1,0,N,O,2,NY,0,77831.195,0.003170569384030823,648.2715550987671,0.004329994981699465
38695,2020-07-31,679.0,84.81913,82.171814,27.0,3.996,0.7626667,11,13.406435,8.933333,5.071795,1.950057,1,0,N,O,1,GA,0,664263.8,0.05990145180485664,567.1497645153022,0.04091624398417608
38750,2021-07-31,734.0,75.823524,67.57372,17.0,3.927,0.9103334,27,12.733156,5.5333333,-3.5000005,3.4743047,0,0,C,O,1,FL,0,338797.0,0.004954353906684345,636.1428283163739,0.0031037688461660953
38816,2022-01-31,753.0,80.0,77.5611,29.0,3.108,-0.4086666,6,12.494577,4.4583335,-1.875,4.23435,0,0,P,O,2,PA,0,266886.12,0.005218344194720579,634.7306534031036,0.005923793130223653
38828,2020-01-31,764.0,80.0,78.18731,18.0,3.854,-0.029333353,5,11.943324,3.7230768,-0.27692318,4.340364,0,0,N,O,1,GA,0,153787.06,0.0015749401892311023,667.2514921724295,0.0012364965411046874
38838,2022-07-31,771.0,80.0,67.45658,44.0,3.486,-2.247333,42,12.299849,4.7083335,-1.125,3.9803867,0,0,C,O,2,IL,0,219662.77,0.004305369808316228,639.960387797475,0.004527721736384355
38871,2023-01-31,826.0,80.0,67.76343,28.0,2.901,-3.5323334,24,12.060548,4.8,-0.45833302,6.2885814,0,0,P,O,1,CA,0,172913.75,0.0009717073213408129,680.3376225472242,0.000886704899982439
38882,2021-07-31,710.0,77.629814,72.357414,34.0,4.101,1.0843332,20,12.1243515,6.133333,-3.5,3.6216621,1,0,C,O,2,CA,1,184305.73,0.03391035161573293,583.2868524799035,0.03994473980157697
38890,2021-01-31,775.0,80.0,74.223015,50.0,3.505,0.58833337,22,11.918216,6.0333333,2.7102563,0.38700014,0,0,N,O,1,TX,0,149973.78,0.008084746608265985,622.803880647549,0.005878070584676289
38966,2023-01-31,771.0,79.616325,69.55941,37.0,3.138,-3.2953334,24,12.322989,4.1,-0.4583335,4.7441583,0,0,P,O,2,GA,0,224805.16,0.003030028251528972,649.502440592679,0.004420806847899378
39025,2023-01-31,674.0,80.18329,68.61777,47.0,4.482,-1.9513335,38,11.426149,3.7,-0.45833325,4.7441583,1,0,C,I,2,TX,0,91688.23,0.10353768497981829,551.052974586362,0.056104913969741065
39035,2020-01-31,726.0,80.0,68.80468,29.0,4.128,0.24466634,31,12.733366,3.623077,-0.27692318,3.8747516,0,0,P,I,2,PA,0,338868.1,0.009449700379265739,618.5444934506754,0.007918681831662215
39124,2020-07-31,710.0,80.0,47.830544,27.0,4.242,1.0086668,81,11.924987,9.633333,5.0717945,2.5737188,0,0,P,O,1,CA,0,150992.72,0.02693521065740377,589.7140563381986,0.012087496072518298
39126,2020-07-31,715.0,60.74774,45.18762,22.0,4.592,1.3586667,60,12.459027,8.533334,5.0717955,1.950057,0,0,N,O,1,TX,0,257565.05,0.008261560914242662,622.2135385682403,0.012203425078852193
39132,2020-01-31,698.0,80.0,71.18856,33.0,4.722,0.8386667,19,11.91396,4.423077,-0.2769227,5.7497625,1,1,P,O,2,CA,1,149336.9,0.03154986392156646,585.3056087737987,0.4653902075737939
39139,2020-01-31,769.0,63.006695,49.841904,50.0,4.472,0.5886667,48,12.10023,3.623077,-0.27692318,3.8747516,0,0,P,O,1,PA,0,179913.34,0.0029311462720492455,650.4030707453321,0.004330741729318449
39170,2023-01-31,794.0,80.0,70.84043,38.0,2.9,-3.5333333,23,12.107626,4.0,-0.4583335,4.2343664,0,0,C,I,2,PA,0,181248.75,0.0012923422806633848,672.6113932265733,0.0018511747994166407
39187,2020-01-31,734.0,75.53294,47.92284,39.0,4.107,0.22366643,70,11.923982,3.823077,-0.27692294,5.5135503,0,0,P,O,2,FL,0,150840.95,0.005085950828750851,635.4297547083346,0.0031010544533896954
39229,2021-07-31,739.0,80.0,78.9369,36.0,3.399,0.38233328,2,12.257073,6.133333,-3.5,3.6216621,0,0,C,O,1,CA,0,210464.64,0.011841793459438107,612.3719660838703,0.008539234680124982
39231,2023-01-31,667.0,80.0,71.51548,32.0,3.672,-2.7613335,15,12.465817,5.2,-0.4583335,7.330827,0,0,P,O,1,NV,0,259319.89,0.08431542893211239,557.1853544681823,0.10215702415285909
39232,2020-01-31,808.0,96.612564,71.20737,20.0,3.858,-0.025333405,62,11.883453,4.123077,-0.27692318,3.6427193,0,0,C,I,1,IL,0,144849.97,0.0005866534107623156,694.0051965542772,0.0004858450759487097
39245,2023-01-31,753.0,80.0,45.998646,12.0,4.31,-2.1233335,88,11.681639,4.4,-0.45833302,6.5481954,0,0,C,O,1,AZ,0,118378.12,0.0016191232913470813,666.5014951823414,0.001412729713004467
39384,2023-07-31,670.0,80.0,45.498528,27.0,4.929,-1.7043333,129,11.775798,4.3,-0.20833302,3.4742944,0,0,P,O,1,OH,0,130066.12,0.042981562609793134,576.6159378196537,0.034897540518695626
39391,2023-01-31,742.0,74.42035,65.212654,30.0,3.219,-3.2143333,20,12.228685,4.2,-0.4583335,6.0296116,0,0,P,O,2,FL,0,204573.98,0.005131659133789903,635.1863672722529,0.006566094448699645
39448,2022-01-31,674.0,93.59983,86.72182,31.0,3.351,-0.16566658,11,12.519369,4.858333,-1.875,6.5481935,0,0,P,O,1,AZ,0,273585.3,0.12920973756451978,544.2718676600754,0.09801065933566566
39499,2020-07-31,759.0,80.0,52.067245,38.0,4.212,0.97866654,69,12.618421,9.633333,5.0717945,2.5737188,0,0,P,O,2,CA,0,302071.97,0.010424471082420035,615.8608744584166,0.011506907227106193
39505,2021-01-31,723.0,80.0,53.893436,34.0,4.423,1.5063331,85,12.469119,6.3333335,2.7102566,0.34619996,0,0,P,I,1,PA,0,260177.4,0.013768694891109498,608.2388760282234,0.015114605578249162
39598,2023-01-31,817.0,82.6401,57.698833,38.0,3.251,-3.1823335,70,11.756488,3.7,-0.45833325,4.7441583,0,0,P,O,2,TX,0,127578.62,0.0009585361059374602,680.7073357139914,0.0007781252655310918
39633,2021-07-31,718.0,85.710945,75.10078,29.0,4.785,1.7683332,35,11.935661,5.733333,-3.5000005,2.594572,1,0,N,O,2,NY,0,152613.06,0.01605123042815041,604.0248442575905,0.008897979085170822
39643,2021-01-31,686.0,82.84767,80.20407,32.0,4.24,1.323333,15,11.769068,6.733333,2.710256,0.366599,0,0,C,O,1,NY,0,129193.65,0.0542749708170052,569.980806639159,0.050123990187308856
39663,2020-01-31,696.0,75.76528,72.21392,38.0,3.87,-0.013333559,10,12.507888,4.023077,-0.27692318,4.1072965,0,0,N,O,1,NY,1,270462.16,0.03290765315942461,584.1272614445533,0.026064654288532375
39676,2020-07-31,708.0,60.02609,47.54942,33.0,3.802,0.5686667,47,11.824742,8.933333,5.071795,1.950057,0,0,P,O,2,GA,0,136590.47,0.02796880421479859,588.6661810051382,0.016171908906704006
39684,2021-07-31,726.0,80.0,75.911705,44.0,3.215,0.19833326,10,13.532776,6.133333,-3.5,3.6216621,0,0,P,O,2,CA,0,753719.56,0.02865800978949312,587.9881550069284,0.02889127563810462
39701,2022-07-31,793.0,80.0,69.96238,44.0,3.277,-2.4563332,24,11.946735,4.4083333,-1.125,6.0296097,0,0,P,O,2,FL,0,154312.58,0.0018187292281339111,663.3497845911297,0.0019068343738718248
39737,2020-07-31,780.0,78.780624,38.88719,32.0,3.591,0.35766673,102,12.584672,9.233334,5.071795,2.6780384,1,1,P,O,2,AZ,0,292047.7,0.004394879118438092,639.4010550996624,0.1300566181813028
39750,2022-01-31,710.0,92.28685,91.280075,27.0,3.344,-0.17266655,2,12.722122,4.5583334,-1.875,4.744165,1,1,C,O,1,GA,0,335079.22,0.034759556137223105,582.5936409663077,0.4746084932847267
39765,2022-07-31,727.0,80.0,73.16914,39.0,3.258,-2.4753332,18,12.613639,4.7083335,-1.125,3.9803867,0,0,C,O,1,IL,0,300631.06,0.016068462689219513,603.9953303101588,0.021240870800502604
39780,2020-01-31,766.0,76.45935,62.097805,43.0,3.949,0.06566644,33,12.425861,3.823077,-0.27692294,5.5135503,0,0,P,I,2,FL,0,249162.73,0.00380693902042502,643.3038449825889,0.0040642368743967604
39806,2020-07-31,760.0,89.47067,88.71569,40.0,4.184,0.95066667,6,12.376485,8.533334,5.0717955,1.950057,0,0,C,O,1,TX,0,237158.75,0.030187613149307232,586.5381997085044,0.022928399186020552
39844,2020-07-31,713.0,66.79141,46.508545,32.0,4.752,1.5186665,59,12.609187,9.233334,5.071795,2.6780384,0,0,P,O,2,AZ,0,299295.56,0.02669109904094204,589.9672438543363,0.024519595167958028
39874,2022-07-31,681.0,80.0,72.83757,45.0,3.424,-2.309333,17,13.135797,4.3083334,-1.125,4.7441654,1,1,P,O,2,GA,1,506761.7,0.043862919399864586,576.0416513619334,0.6950373799778364
39952,2020-07-31,798.0,73.79981,48.336845,36.0,3.611,0.3776667,81,11.8153305,9.233334,5.071795,1.8464669,0,0,P,O,1,NY,0,135310.97,0.0017674413424239878,664.1253490573472,0.0017039837458410019
39963,2021-07-31,787.0,80.0,79.10395,31.0,2.838,-0.17866659,2,12.928082,5.4333334,-3.5,2.7406642,0,0,C,O,2,GA,0,411713.47,0.0014971387298380327,668.6247142504044,0.0025485724867046083
39978,2020-01-31,720.0,65.59735,47.902416,40.0,4.74,0.8566663,49,11.03502,4.423077,-0.2769227,5.7497625,0,0,P,O,2,CA,0,62008.066,0.009528651256031037,618.317158197277,0.010957051816588072
40053,2023-01-31,752.0,92.12579,80.286606,36.0,2.979,-3.4543333,20,13.034408,4.8,-0.45833302,6.2885814,0,0,P,O,1,CA,0,457900.88,0.0077487358348773605,623.9619068662171,0.007654734726884615
40059,2022-07-31,752.0,63.777752,57.177727,29.0,3.096,-2.6373332,16,12.396606,5.008333,-1.125,6.28858,0,0,C,O,2,CA,0,241978.98,0.0050150719915382815,635.8115076172148,0.009570255345444256
40075,2023-01-31,734.0,94.59444,60.560818,37.0,4.54,-1.8933334,89,12.43553,3.7,-0.45833325,4.7441583,0,0,C,O,2,TX,0,251583.42,0.006760081266601281,627.6829810359646,0.003380552613821293
40085,2020-01-31,770.0,80.0,65.1114,21.0,3.956,0.072666645,43,12.462924,4.123077,-0.27692318,3.6427193,0,0,C,O,1,IL,0,258570.53,0.0011215527341584077,676.4521591887565,0.0009042835352876012
40120,2021-07-31,744.0,86.824196,79.44284,37.0,3.937,0.9203334,25,12.646746,5.4333334,-3.5,2.7406642,0,0,P,O,1,GA,0,310750.4,0.010742835182243036,615.0379937474509,0.011629155669543808
40135,2020-07-31,758.0,80.0,66.39268,23.0,4.454,1.2206666,34,11.866958,9.633333,5.0717945,2.5737188,0,0,C,O,2,CA,0,142480.05,0.00855807466023229,621.2511161879129,0.004795950453499584
40205,2021-01-31,700.0,87.94763,56.340332,44.0,4.497,1.5803335,69,12.512489,7.5333333,2.7102566,0.59129256,0,0,P,O,1,NV,0,271709.78,0.09665242829885722,553.1224503038441,0.03315566447487038
40221,2022-01-31,777.0,69.25005,60.223248,28.0,3.899,0.38233328,39,12.647883,4.758333,-1.875,3.474294,0,0,C,O,1,OH,0,311104.2,0.002214283649839454,658.0130705512034,0.0021579086580576926
40236,2022-01-31,726.0,93.55386,87.4769,30.0,3.405,-0.11166668,10,12.60183,5.258333,-1.875,6.288583,0,0,P,O,2,CA,0,297101.62,0.028126318372008522,588.5098030059726,0.015782116423301726
40259,2020-01-31,695.0,95.78652,74.95934,28.0,4.599,0.71566653,57,11.8350525,3.9230769,-0.27692294,3.1802256,0,0,N,O,1,OH,0,138006.03,0.02694090442339128,589.7081775485563,0.01970061577812866
40266,2022-07-31,767.0,80.0,54.13826,26.0,3.576,-2.1573331,67,11.413848,4.4083333,-1.125,6.0296097,0,0,N,O,1,FL,0,90567.25,0.0018706231040415096,662.5869655865132,0.0020548231243244734
40287,2021-01-31,714.0,81.314705,71.98644,32.0,4.079,1.1623333,26,12.410706,7.5333333,2.7102566,0.59129256,0,0,C,O,1,NV,0,245415.0,0.024626219000289124,592.2037667263958,0.024812695402162074
40332,2022-01-31,714.0,80.0,49.867786,25.0,4.182,0.6653335,92,11.961872,4.1583333,-1.875,4.744165,0,0,P,O,1,TX,0,156666.03,0.005641235462909018,632.6102240768417,0.007535387187567241
40409,2023-07-31,748.0,83.91865,66.69391,35.0,3.226,-3.4073331,30,12.870489,5.2,-0.20833349,7.330832,2,0,P,O,2,NV,0,388671.1,0.008142146661026537,622.6108431095353,0.00693942085755882
40429,2021-01-31,787.0,65.87938,65.17079,30.0,2.968,0.05133319,4,12.703028,6.0333333,2.7102563,0.38700014,0,0,C,O,2,TX,0,328741.75,0.0013362739878838613,671.705478096894,0.002378542363663889
40440,2021-07-31,687.0,77.93949,75.85761,45.0,3.144,0.1273334,4,12.411915,6.133333,-3.5,3.6216621,0,0,P,I,2,CA,0,245711.95,0.0678126377423523,563.5637938499427,0.06929162679049697
40441,2020-07-31,694.0,80.0,79.65575,34.0,4.044,0.8106668,3,12.173587,9.633333,5.0717945,2.5737188,0,0,P,O,2,CA,0,193607.28,0.0728216644748721,561.4892470483849,0.05833103129338507
40443,2022-07-31,762.0,80.0,59.22852,22.0,4.616,-1.1173329,55,12.312449,5.008333,-1.125,6.28858,0,0,C,O,2,CA,0,222448.19,0.001453338312313907,669.4295070737733,0.001991788276814239
40450,2020-01-31,715.0,89.93849,57.751377,33.0,4.01,0.12666678,68,12.12712,3.823077,-0.27692294,5.5135503,0,0,P,S,1,FL,0,184816.72,0.011807216363560677,612.4520539721162,0.004713808850436047
40466,2021-07-31,770.0,69.1566,50.585655,32.0,3.654,0.6373334,56,12.719143,5.5333333,-3.5000005,3.4743047,0,0,P,O,1,FL,0,334082.38,0.002759745287283304,652.0384805115713,0.0052821281233670055
40475,2023-07-31,771.0,80.0,51.290073,33.0,3.691,-2.9423332,75,12.338243,4.2,-0.20833349,6.029608,0,0,N,O,2,FL,0,228260.34,0.0019999398137838555,660.7743394659167,0.0019411952363763056
40516,2021-07-31,757.0,80.0,77.365616,20.0,3.06,0.043333292,6,12.146137,5.0333333,-3.5000005,2.7406642,0,0,C,O,1,TX,0,188365.11,0.003627253750335844,644.6172701157462,0.002068759834027779
40563,2020-07-31,723.0,72.685844,66.70868,27.0,3.868,0.6346667,18,12.261594,9.233334,5.071795,2.6780384,0,0,N,O,2,AZ,0,211418.36,0.023331230175417654,593.7016528043072,0.026665340123301105
40591,2023-01-31,732.0,80.0,69.46951,28.0,3.087,-3.3463335,25,12.299902,3.7,-0.45833325,4.7441583,4,0,P,O,2,TX,0,219674.53,0.009458951839440575,618.5177572124414,0.008342642618681513
40647,2020-01-31,814.0,76.7835,59.361153,30.0,3.828,-0.055333376,38,12.320883,4.023077,-0.27692318,5.986506,0,0,P,O,1,AZ,0,224332.11,0.0007325308911470406,687.9910653281735,0.0005278568415201871
40689,2020-01-31,778.0,80.0,77.49029,46.0,3.894,0.010666609,8,11.498511,3.9230769,-0.27692294,3.1802256,0,0,P,I,2,OH,0,98568.9,0.005272462507142426,634.4499495965007,0.007616979809666894
40711,2023-01-31,816.0,87.56082,77.434654,31.0,2.959,-3.4743333,16,12.564612,5.2,-0.4583335,7.330827,0,0,P,O,2,NV,0,286247.5,0.0016947087694124412,665.2646130212652,0.0013399858145180816
40718,2022-07-31,668.0,80.0,69.17109,28.0,3.992,-1.741333,22,12.461121,5.4083333,-1.125,7.330828,0,0,P,I,2,NV,0,258104.81,0.09166185936175981,554.70636291979,0.09186037083245753
40733,2021-01-31,740.0,80.0,52.404484,46.0,4.229,1.3123333,84,12.178979,6.0333333,2.7102563,0.38700014,0,0,P,O,1,TX,0,194653.92,0.011415564746990637,613.375738627703,0.008522563856486812
40779,2023-01-31,732.0,83.379616,69.13462,23.0,4.146,-2.2873335,36,12.856135,4.4,-0.45833302,6.5481954,0,0,C,O,2,AZ,0,383132.2,0.0073051960712873865,625.5692689966418,0.005210196320503833
40824,2023-01-31,692.0,80.0,70.07485,32.0,3.513,-2.9203334,24,12.487314,4.1,-0.4583335,4.7441583,0,0,C,O,2,GA,0,264954.78,0.023787862955109484,593.1644197351814,0.027992879943974442
40861,2021-07-31,759.0,65.580246,62.593998,22.0,3.514,0.4973333,13,12.15016,5.733333,-3.5000005,2.594572,0,0,N,O,2,NY,0,189124.27,0.003692784918937082,644.1309036721806,0.0025726840603255237
40870,2020-01-31,703.0,62.70149,56.036915,26.0,4.871,0.98766637,19,12.127972,3.823077,-0.27692294,5.5135503,0,0,P,O,1,FL,0,184974.25,0.01959195839328893,598.5324732195771,0.011155647643559627
40915,2020-07-31,690.0,69.47109,49.867687,31.0,4.711,1.4776666,56,12.278763,9.633333,5.0717945,2.5737188,0,0,N,O,1,CA,0,215079.44,0.03848570300156739,579.7329533840602,0.03800453211391099
40923,2020-07-31,763.0,80.0,76.18895,41.0,3.894,0.6606667,15,11.860548,9.333333,5.0717945,1.6396334,0,0,N,O,1,IL,0,141569.77,0.009639397369339405,618.0013940597066,0.010191401196211208
40923,2022-07-31,763.0,80.0,68.808754,41.0,3.894,-1.839333,39,11.820463,4.7083335,-1.125,3.9803867,0,0,N,O,1,IL,0,136007.23,0.0034883578047572262,645.677756907199,0.002977006463417175
41103,2021-01-31,830.0,80.0,78.53409,34.0,3.183,0.26633334,9,12.55034,6.8333335,2.7102566,0.32579577,0,0,P,O,2,IL,0,282191.12,0.002532230223332976,654.3732023124459,0.001830384932449674
41129,2022-07-31,730.0,85.52628,78.549385,39.0,3.328,-2.405333,13,12.305944,4.4083333,-1.125,6.0296097,0,0,P,O,2,FL,0,221005.77,0.016068462689219513,603.9953303101588,0.014521643704048204
41137,2021-07-31,747.0,80.0,69.64935,32.0,4.58,1.5633333,35,12.61465,5.0333333,-3.5000005,2.7406642,0,0,P,O,1,TX,0,300935.03,0.00793833212652835,623.3024992794935,0.0061435664911952586
41164,2022-01-31,726.0,80.0,76.80579,37.0,3.092,-0.42466664,6,12.619812,5.258333,-1.875,6.288583,0,0,P,O,1,CA,0,302492.66,0.018048258412477508,600.7962119122982,0.014224715396201305
41164,2022-07-31,726.0,80.0,73.71933,37.0,3.092,-2.641333,12,12.609291,5.008333,-1.125,6.28858,0,0,P,O,1,CA,0,299326.78,0.016283497978256487,603.6296319053233,0.015261087056696807
41183,2021-01-31,726.0,80.0,50.126995,35.0,3.938,1.0213332,79,12.736496,6.5333333,2.7102563,0.48909307,0,0,P,O,2,FL,0,339930.3,0.013768694891109498,608.2388760282234,0.012287073095252236
41247,2022-07-31,766.0,80.0,75.02246,36.0,3.22,-2.513333,12,11.741261,4.608333,-1.125,4.48896,0,0,C,I,2,NY,0,125650.66,0.003630811283493281,644.59064250893,0.007514320347180459
41323,2020-01-31,763.0,80.0,73.55334,34.0,3.564,-0.31933355,12,11.605435,4.8230767,-0.27692318,6.6999164,0,0,P,O,1,NV,0,109692.41,0.004115178573786917,641.1883389820828,0.0046549731399554975
41368,2023-01-31,741.0,84.03036,54.58165,28.0,3.639,-2.7943335,73,11.902355,4.2,-0.4583335,6.0296116,0,0,P,O,2,FL,0,147613.81,0.003624800143039772,644.6356501678231,0.0025125738698688178
41384,2022-01-31,770.0,84.66712,81.80781,34.0,3.291,-0.22566676,7,12.545988,4.9583335,-1.875,3.9803884,0,0,N,O,1,IL,0,280965.8,0.0043743228292320935,639.5284989542458,0.0047350780176714895
41451,2021-07-31,770.0,93.262314,68.11976,40.0,4.046,1.0293334,65,12.164256,5.0333333,-3.5000005,2.7406642,0,0,P,O,1,TX,0,191809.1,0.005554484212698069,633.0320132071486,0.002569646915178624
41476,2023-01-31,791.0,80.0,68.70541,31.0,3.73,-2.7033334,34,11.2604,3.7,-0.45833325,4.7441583,0,0,P,O,2,TX,0,77683.59,0.0009105969692676868,682.0972124404336,0.0032089703279233367
41485,2021-07-31,808.0,80.0,69.343704,47.0,4.166,1.1493332,38,11.864333,5.8333335,-3.4999995,2.302998,0,0,N,O,2,IL,0,142106.62,0.0026367616828176653,653.2755894896075,0.0014156114402630233
41525,2020-07-31,802.0,90.629265,76.69696,28.0,4.179,0.94566655,36,12.626343,8.533334,5.0717955,1.950057,0,0,N,O,1,TX,0,304474.66,0.0031623611135223172,648.3419351543287,0.0012933728325628328
41545,2020-01-31,706.0,88.07974,78.54759,36.0,4.522,0.6386664,18,12.506719,4.023077,-0.27692318,5.986506,0,0,P,O,1,AZ,0,270146.12,0.02804516181223719,588.5902676629876,0.020228417781682054
41578,2022-07-31,782.0,80.0,75.67678,29.0,3.291,-2.4423332,8,12.550246,4.608333,-1.125,6.5481853,0,0,C,O,1,AZ,0,282164.6,0.0029807545684177638,649.9475081552462,0.0035020636160704222
41598,2021-07-31,819.0,80.0,55.212654,36.0,3.502,0.48533344,64,12.014035,5.5333333,-3.5000005,3.4743047,0,0,C,I,2,FL,0,165055.14,0.0013795113453427658,670.8424686641046,0.0011457732131832264
41656,2021-01-31,753.0,80.0,77.99515,39.0,3.944,1.0273333,13,12.312617,7.5333333,2.7102566,0.59129256,0,0,C,O,1,NV,0,222485.47,0.01652687712004729,603.2214170271496,0.011482555607920325
41661,2020-01-31,679.0,80.0,63.0052,23.0,4.297,0.4136665,36,12.644193,4.023077,-0.27692318,5.986506,0,0,P,O,2,AZ,0,309958.16,0.01717102577010715,602.1688735165434,0.01702914265252371
41741,2021-07-31,804.0,80.0,76.75542,50.0,3.207,0.19033337,11,12.378398,5.8333335,-3.4999995,2.302998,0,0,P,O,2,IL,0,237612.84,0.0031144928298883694,648.7560343953405,0.0021371508498551246
41762,2021-07-31,732.0,80.0,47.673386,22.0,3.931,0.91433334,84,12.292689,6.133333,-3.5,3.6216621,0,0,P,O,1,CA,0,218095.66,0.006214542511089897,629.9750989142522,0.004272876606688834
41769,2020-07-31,830.0,81.28896,50.507954,31.0,3.674,0.44066668,96,11.975615,9.333333,5.0717945,1.6396334,0,0,P,O,1,IL,0,158833.97,0.0016127238239123421,666.6088498694385,0.0010478758118941153
41833,2023-01-31,812.0,80.0,73.402405,35.0,3.182,-3.2513335,16,12.37257,4.4,-0.45833302,4.488958,0,0,P,O,1,NY,0,236232.19,0.001161769300114662,675.4975978407617,0.0010307533222527108
41882,2022-01-31,830.0,84.051285,75.401695,28.0,3.517,0.00033330917,28,12.664731,4.1583333,-1.875,4.744165,0,0,C,O,2,TX,0,316390.16,0.000985811830581443,679.947222545911,0.0007751709195160756
41919,2023-07-31,726.0,80.0,62.61331,38.0,3.95,-2.6833332,39,12.880833,5.2,-0.20833349,7.330832,0,0,N,O,1,NV,0,392712.47,0.013721597387464448,608.332903522019,0.008070186582859672
41972,2021-01-31,727.0,61.346416,40.47621,41.0,4.013,1.0963333,82,12.117794,6.0333333,2.7102563,0.38700014,0,0,P,I,2,TX,0,183101.1,0.012470017007206203,610.9557514394508,0.007178367606173634
41998,2023-07-31,785.0,68.98311,59.23203,23.0,3.22,-3.4133332,20,12.734793,5.2,-0.20833349,7.330832,0,0,P,O,2,NV,0,339351.7,0.0022385014977018883,657.7180168064361,0.0020631983861616487
42034,2020-01-31,783.0,75.085785,61.704514,16.0,3.723,-0.1603334,44,12.71819,3.9230769,-0.27692294,3.1802256,0,0,P,I,2,OH,0,333764.38,0.0010486664093556832,678.2727075800929,0.0011878899724676038
42084,2020-07-31,795.0,82.42153,81.54803,28.0,3.774,0.5406666,7,12.614763,9.633333,5.0717945,2.5737188,0,0,P,O,2,CA,0,300969.16,0.002456045745998298,655.2020205790473,0.001816305566159953
42178,2021-07-31,830.0,80.0,75.237144,32.0,3.168,0.15133333,15,12.858156,6.133333,-3.5,3.6216621,0,0,N,O,2,CA,0,383907.2,0.0016623169839322664,665.787789626976,0.0017258711650713439
42249,2022-01-31,732.0,81.705246,80.06315,43.0,3.378,-0.13866663,4,11.939384,4.4583335,-1.875,4.23435,0,0,P,O,1,PA,0,153182.36,0.02056266690803541,597.1968946678796,0.018654257933120342
42286,2022-07-31,769.0,80.0,66.52684,31.0,3.829,-1.9043331,34,12.449644,5.4083333,-1.125,7.330828,0,0,P,O,1,NV,0,255159.42,0.003645132943410304,644.483709336756,0.004596687702665608
42306,2020-07-31,776.0,80.0,73.37379,31.0,3.892,0.6586666,21,12.376038,8.933333,5.071795,1.950057,0,0,N,O,2,GA,0,237052.61,0.0070821146673601286,626.4147012707264,0.006476891328987279
42339,2023-01-31,789.0,93.48797,76.60133,34.0,3.827,-2.6063335,38,12.114439,4.4,-0.45833302,6.5481954,0,0,P,O,2,AZ,0,182487.89,0.0013198926791540794,672.0397508656399,0.0018308924388235606
42364,2023-07-31,711.0,84.16777,71.241005,45.0,3.459,-3.174333,30,12.213564,4.1,-0.20833349,4.744168,0,0,C,O,2,GA,0,201503.95,0.02626828073962143,590.4111589542775,0.027460937154910003
42375,2022-07-31,772.0,80.0,66.86485,36.0,3.917,-1.816333,36,12.651296,5.008333,-1.125,6.28858,0,0,P,O,2,CA,0,312167.7,0.003928976688261197,642.4465580261083,0.004215026963367626
42392,2021-07-31,682.0,90.7086,83.9421,37.0,4.342,1.3253334,21,12.058584,5.733333,-3.5000005,3.7692225,0,0,C,O,2,AZ,0,172574.44,0.06869812511651618,563.1869605025956,0.08944764260305958
42400,2023-01-31,735.0,76.32923,66.09946,43.0,3.449,-2.9843335,28,12.325128,4.1,-0.4583335,4.7441583,0,0,P,O,2,GA,0,225286.45,0.008149651279964686,622.5857047501333,0.011408975563432327
42435,2020-07-31,723.0,80.0,57.825172,18.0,4.971,1.7376668,57,12.693473,9.033334,5.0717955,2.4695024,0,0,C,I,1,FL,0,325615.5,0.010653931911814879,615.2653298425062,0.011276449131713693
42544,2023-01-31,761.0,63.227734,54.555996,26.0,3.449,-2.9843335,30,11.819613,3.7,-0.45833325,4.7441583,0,0,C,O,2,TX,0,135891.67,0.0028708110948432734,650.9676155873324,0.002734716047721303
42605,2021-01-31,707.0,80.0,52.67045,45.0,4.485,1.5683334,70,11.80773,6.733333,2.710256,0.5299534,0,0,P,O,2,AZ,0,134286.34,0.039839458909687334,578.75918475332,0.02692613278691638
42614,2020-01-31,777.0,82.05442,78.44796,39.0,3.657,-0.22633338,9,11.931829,3.323077,-0.27692294,4.340364,0,0,P,O,2,TX,0,152029.4,0.003788125413844545,643.4384368848011,0.003255941942137206
42616,2023-01-31,787.0,80.0,73.10467,32.0,3.009,-3.4243333,16,12.474461,3.7,-0.45833325,4.7441583,0,0,P,O,2,TX,0,261570.77,0.0009977236810147793,679.6218353462023,0.003012486876024026
42640,2022-07-31,816.0,80.0,74.853294,40.0,2.933,-2.800333,10,12.565497,4.4083333,-1.125,6.0296097,0,0,P,S,1,FL,0,286500.97,0.0015491185880454337,667.6995951428245,0.0012842412275995225
42642,2020-07-31,797.0,63.730896,63.628372,42.0,3.374,0.14066672,1,12.016034,9.033334,5.0717955,2.4695024,0,0,P,O,1,FL,0,165385.52,0.0036776519146389593,644.2424514762772,0.0016934727873942014
42646,2022-07-31,728.0,78.34462,72.976585,41.0,3.53,-2.2033331,14,12.095411,4.2083335,-1.125,4.2343626,0,0,C,O,1,PA,0,179048.34,0.015003939473081125,605.8797298080417,0.015683006373133385
42705,2023-01-31,791.0,72.51709,59.984028,48.0,3.71,-2.7233334,35,12.012856,4.4,-0.45833302,6.5481954,0,0,P,O,2,AZ,0,164860.53,0.0014835843228868128,668.871224332237,0.0028602735009119642
42749,2022-07-31,710.0,96.38864,82.29185,40.0,4.01,-1.7233329,33,12.493119,5.008333,-1.125,6.28858,0,0,P,O,1,CA,0,266497.28,0.0421713718258449,577.1538621585895,0.027270597551186652
42767,2022-07-31,703.0,80.0,75.3749,28.0,3.754,-1.9793332,9,12.307387,5.008333,-1.125,6.28858,0,0,P,O,1,CA,0,221324.95,0.03205020299805567,584.865788215255,0.023707311818289726
42783,2021-07-31,764.0,93.30339,90.83222,31.0,3.078,0.061333418,5,12.247687,5.733333,-3.5000005,2.594572,0,0,P,O,2,NY,0,208498.52,0.0083521679143629,621.9158606216904,0.007903414098406404
42843,2020-01-31,783.0,94.82891,82.45939,22.0,4.128,0.24466634,30,12.491155,4.123077,-0.27692318,3.6427193,0,0,P,O,2,IL,0,265974.12,0.0021417927066372027,658.9158886986089,0.002760793773074558
42843,2022-07-31,783.0,94.82891,73.52283,22.0,4.128,-1.6053333,60,12.438245,4.7083335,-1.125,3.9803867,0,0,P,O,2,IL,0,252267.47,0.0018470864574754858,662.9302926387925,0.0013090694934857607
42859,2022-07-31,770.0,69.014465,65.618385,26.0,3.045,-2.688333,11,12.424459,4.508333,-1.125,3.4743087,0,0,P,O,1,OH,0,248813.53,0.0025357976309560125,654.3350042984569,0.0032300891294026685
42880,2021-01-31,808.0,84.781746,83.22947,33.0,3.325,0.4083333,8,12.683617,6.733333,2.710256,0.5299534,0,0,P,O,1,AZ,0,322422.03,0.0027427585846636444,652.2060410190793,0.002597531439168026
42908,2020-01-31,777.0,80.0,76.858734,24.0,3.402,-0.4813335,8,12.2372465,3.7230768,-0.27692318,4.340364,0,0,P,O,1,GA,0,206333.06,0.0021357309913819793,658.9927589513331,0.0021755169266445542
42910,2022-07-31,684.0,80.0,76.43751,43.0,3.385,-2.3483331,7,13.021448,4.4083333,-1.125,6.0296097,0,0,P,O,1,FL,0,452004.7,0.046877529813464915,574.1572518640505,0.04409852681570997
42919,2020-01-31,695.0,80.0,79.37745,21.0,4.319,0.43566632,2,12.279553,4.423077,-0.2769227,5.7497625,0,0,P,O,2,CA,0,215249.56,0.015807161340912087,604.4462456892586,0.017856440546967927
42924,2020-01-31,797.0,80.0,65.93807,41.0,4.066,0.18266654,30,11.593643,4.423077,-0.2769227,5.7497625,0,0,C,O,1,CA,0,108406.49,0.0012814996668992055,672.8397106240568,0.0011368771182934821
42940,2023-01-31,728.0,85.75513,76.97448,45.0,3.36,-3.0733335,16,12.190268,4.8,-0.45833302,6.2885814,0,0,N,O,2,CA,0,196863.92,0.01861905130739605,599.9378012282717,0.021261536226371534
42940,2023-07-31,728.0,85.75513,73.88126,45.0,3.36,-3.2733333,22,12.179748,4.8,-0.20833302,6.2885866,0,0,N,O,2,CA,0,194803.62,0.018595229074033187,599.9731077616335,0.019266224234940392
42956,2022-01-31,771.0,80.53536,76.373116,33.0,2.963,-0.5536666,8,12.136056,4.6583333,-1.875,6.029608,0,0,P,O,1,FL,0,186475.64,0.003630811283493281,644.59064250893,0.004991812917917137
42957,2022-07-31,766.0,80.0,76.66135,35.0,3.254,-2.4793332,8,11.593024,4.608333,-1.125,4.48896,0,0,P,O,1,NY,0,108339.43,0.003630811283493281,644.59064250893,0.0053447758651286315
42958,2021-01-31,763.0,67.72493,67.23521,34.0,3.081,0.16433334,2,12.134152,6.0333333,2.7102563,0.38700014,0,0,C,O,1,TX,0,186121.08,0.004612317349991163,638.0882034752797,0.002643429696132477
42997,2021-07-31,724.0,92.55458,87.38185,35.0,3.648,0.63133335,13,12.6349125,5.733333,-3.5000005,3.7692225,0,0,C,O,1,AZ,0,307094.9,0.03670148390471336,581.0678553932527,0.03969521347028266
43009,2023-01-31,809.0,89.32543,59.277233,23.0,3.516,-2.9173334,68,12.90381,4.8,-0.45833302,6.2885814,0,0,P,O,1,CA,0,401839.94,0.0007791197610026702,686.3210454587535,0.0005037749744624004
43016,2021-07-31,698.0,80.0,76.641846,34.0,3.583,0.5663333,10,11.955049,5.4333334,-3.5,2.7406642,0,0,C,O,2,GA,0,155600.77,0.043640036057483525,576.1858330398419,0.018578850985322838
43017,2022-01-31,701.0,63.802048,46.003834,46.0,4.305,0.7883332,68,12.384707,4.5583334,-1.875,4.744165,0,0,P,O,1,GA,0,239116.72,0.03319626659982573,583.8828542790784,0.02084364325843447
43024,2020-07-31,790.0,80.0,79.6365,20.0,3.736,0.5026667,3,12.064651,9.233334,5.071795,1.8464669,0,0,N,O,2,NY,0,173624.48,0.001436827521752534,669.7391797824649,0.0019252387600826122
43039,2020-07-31,704.0,80.0,69.13138,42.0,4.709,1.4756668,33,12.584104,8.533334,5.0717955,1.950057,0,0,P,I,2,TX,0,291881.7,0.09389688719589548,553.9876876026293,0.05009228135967028
43041,2022-07-31,724.0,71.48064,53.481766,30.0,4.167,-1.5663333,63,11.592209,4.608333,-1.125,4.48896,0,0,C,O,1,NY,0,108251.07,0.007060347886296658,626.4986040760972,0.007197674762286346
43095,2022-07-31,735.0,94.935135,85.90853,29.0,3.262,-2.471333,20,11.971708,4.2083335,-1.125,4.2343626,0,0,P,O,2,PA,0,158214.72,0.008794844580530377,620.5060577350492,0.014544818536206223
43164,2021-07-31,745.0,83.623695,48.715874,36.0,4.09,1.0733335,80,12.090125,6.5333333,-3.5000005,4.213172,0,0,P,O,1,NV,0,178104.42,0.008503723135120751,621.4250300825305,0.006436464534619344
43227,2022-01-31,744.0,68.395744,62.385777,38.0,3.764,0.24733329,27,11.920582,4.9583335,-1.875,3.9803884,0,0,N,I,2,IL,0,150329.11,0.00927364375378422,619.0582904591163,0.007740924329858171
43288,2022-07-31,681.0,63.169502,41.418167,18.0,4.382,-1.3513331,72,12.747643,5.008333,-1.125,6.28858,0,0,P,O,2,CA,0,343740.9,0.010326802757714101,616.1183090104552,0.02253007673137364
43297,2023-07-31,736.0,95.35266,75.37374,23.0,3.496,-3.1373332,31,11.718401,5.2,-0.20833349,7.330832,0,0,P,O,2,NV,0,122810.85,0.007428561938198144,625.1126774582415,0.003972327872526327
43358,2023-01-31,784.0,77.07928,64.755424,33.0,3.51,-2.9233334,31,13.002064,4.2,-0.4583335,6.0296116,0,0,P,O,2,FL,0,443327.25,0.0027065614864019492,652.5665763194712,0.002198674741312164
43381,2020-07-31,760.0,93.683975,55.042404,23.0,3.843,0.6096666,97,12.647454,8.533334,5.0717955,1.950057,1,0,C,O,2,TX,0,310970.72,0.008661678471411919,620.9226168624691,0.0032708127004219003
43450,2022-07-31,739.0,80.0,72.244194,35.0,3.183,-2.550333,15,11.500466,5.008333,-1.125,6.28858,0,0,N,O,1,CA,0,98761.86,0.009473548590121304,618.4756259874672,0.011185266879333772
43450,2023-07-31,739.0,80.0,66.50046,35.0,3.183,-3.450333,27,11.478611,4.8,-0.20833302,6.2885866,0,0,N,O,1,CA,0,96626.8,0.0068733177506149126,627.2303046865884,0.008151191081162978
43509,2022-01-31,769.0,80.0,71.0401,19.0,3.861,0.3443334,31,12.769206,4.858333,-1.875,4.4889507,0,0,C,O,1,NY,0,351233.44,0.0019426024400775324,661.5631523984752,0.0021063932747258604
43578,2020-07-31,772.0,80.0,55.11508,46.0,3.49,0.25666666,72,11.779678,9.233334,5.071795,1.8464669,0,0,C,O,1,NY,0,130571.75,0.009227908585752552,619.1933434822072,0.005476251991182134
43614,2021-07-31,694.0,71.889084,68.2774,50.0,3.538,0.52133346,10,12.070909,6.133333,-3.5,3.6216621,0,0,P,O,2,CA,0,174714.52,0.06895697035661515,563.0776546760328,0.05759312793277061
43614,2023-01-31,694.0,71.889084,60.426914,50.0,3.538,-2.8953333,28,12.040246,4.8,-0.45833302,6.2885814,1,0,P,O,2,CA,0,169438.6,0.039274214956011654,579.1618506653041,0.06970925222081933
43634,2022-07-31,732.0,80.0,70.72898,26.0,3.07,-2.6633332,18,12.912895,5.008333,-1.125,6.28858,0,0,P,O,2,CA,0,405507.8,0.01294459550670096,609.9318608472468,0.01400798373874556
43671,2020-01-31,779.0,80.0,65.81229,50.0,3.646,-0.23733354,36,12.275806,3.323077,-0.27692294,4.340364,1,0,P,O,2,TX,0,214444.52,0.004424837946091512,639.2163766156452,0.00480818379830703
43722,2021-01-31,713.0,96.40934,95.750374,23.0,3.424,0.5073333,2,12.725099,6.733333,2.710256,0.366599,0,0,N,O,1,NY,0,336078.06,0.05192676674845224,571.2449391530051,0.026448090434150605
43756,2020-07-31,777.0,87.5206,73.91114,40.0,4.334,1.1006668,32,11.963308,9.033334,5.0717955,2.4695024,0,0,C,O,1,FL,0,156891.3,0.012283560775374803,611.368590529683,0.005515036565248992
43788,2022-01-31,713.0,96.380424,56.46418,39.0,4.86,1.3433335,105,12.146994,4.1583333,-1.875,4.744165,0,0,P,O,2,TX,0,188526.42,0.024959489980735553,591.8307094297338,0.011388435308700874
43801,2021-07-31,761.0,80.0,63.98939,31.0,4.272,1.2553332,43,12.51073,6.133333,-3.5,3.6216621,0,0,C,I,2,CA,0,271231.94,0.005762726098774768,632.0302455864598,0.005343689085944284
43807,2022-01-31,785.0,80.0,44.49294,33.0,3.575,0.058333397,90,11.378544,4.858333,-1.875,6.5481935,0,0,P,O,1,AZ,0,87425.64,0.0027806965494880593,651.8332236511897,0.002225930212240043
43853,2022-01-31,762.0,80.0,72.555725,26.0,3.421,-0.09566665,19,11.89877,5.258333,-1.875,6.288583,0,0,C,O,1,CA,0,147085.62,0.003921422082247546,642.4988522048078,0.004821639507156327
43856,2020-01-31,745.0,61.218323,42.362385,36.0,3.731,-0.1523335,66,11.178694,3.323077,-0.27692294,4.340364,0,0,P,O,2,TX,1,71588.81,0.00395406301802206,642.2736221494671,0.0032984644013660564
43866,2021-07-31,700.0,80.0,47.961704,23.0,4.255,1.2383335,108,11.850619,5.8333335,-3.4999995,2.302998,0,0,N,O,1,IL,0,140171.12,0.02074174146502344,596.9572718018471,0.011985310821175859
43876,2023-07-31,724.0,70.12925,63.630028,27.0,3.423,-3.210333,19,12.745128,4.0,-0.20833349,4.2343664,0,0,P,O,2,PA,0,342877.25,0.008457748751775462,621.5730013309847,0.010734766886320902
43918,2021-07-31,742.0,75.445656,71.46114,37.0,3.415,0.3983333,8,12.456773,6.5333333,-3.5000005,4.213172,0,0,N,O,2,NV,0,256984.88,0.012112204851765626,611.7534895772255,0.009825586043057544
43927,2023-07-31,830.0,92.337204,80.98939,22.0,2.874,-3.7593331,23,12.246201,3.7,-0.20833325,4.744168,0,0,C,O,1,TX,0,208188.83,0.0007251830750376075,688.2641085235176,0.0007004461383491038
43949,2020-01-31,830.0,80.0,74.53284,30.0,3.432,-0.45133352,11,13.21908,4.023077,-0.27692318,5.986506,0,0,P,O,1,AZ,0,550774.1,0.0010141606996679146,679.1791533685712,0.0012357002728650745
43988,2022-01-31,721.0,94.006424,67.36477,39.0,3.815,0.2983334,58,11.676696,5.258333,-1.875,6.288583,0,0,P,O,2,CA,0,117794.41,0.022026657044675404,595.2950369954792,0.01092858804867989
43993,2021-07-31,683.0,73.24301,71.7578,31.0,3.216,0.19933343,4,12.962813,5.3333335,-3.4999995,2.448673,0,0,N,O,2,PA,0,426263.53,0.03460055593977389,582.72218218018,0.04641768598212343
44015,2023-01-31,765.0,60.918842,52.919403,32.0,3.122,-3.3113334,20,12.402639,4.4,-0.45833302,6.5481954,0,0,P,O,1,AZ,0,243443.39,0.0018620992913115574,662.7108011351048,0.002630351966692879
44086,2022-07-31,783.0,80.0,68.459496,38.0,3.704,-2.029333,42,12.026498,4.508333,-1.125,3.4743087,0,0,P,S,2,OH,0,167125.08,0.0034883578047572262,645.677756907199,0.0019941380808218595
44116,2020-01-31,705.0,80.0,41.35735,36.0,4.023,0.13966632,96,11.846346,4.423077,-0.2769227,5.7497625,0,0,P,S,1,CA,0,139573.39,0.014036305804387594,607.7105532439457,0.006385718212240793
44137,2020-01-31,781.0,80.0,69.51445,28.0,4.203,0.31966662,27,12.1908655,3.323077,-0.27692294,4.340364,0,0,N,S,1,TX,0,196981.61,0.00248481678686488,654.8860424772291,0.001792928012058257
44221,2022-01-31,734.0,88.27252,54.48385,50.0,4.214,0.6973336,82,12.59324,4.6583333,-1.875,6.029608,0,0,N,O,1,FL,0,294560.5,0.011359557794395259,613.5103807905923,0.006981733906363739
44238,2020-01-31,764.0,80.0,61.367428,37.0,3.684,-0.19933343,40,11.637732,4.423077,-0.2769227,5.7497625,0,0,C,O,1,CA,0,113292.9,0.002653390278613384,653.1049953202123,0.002587083302542008
44321,2022-07-31,761.0,71.586395,48.760387,22.0,4.678,-1.0553331,79,12.35366,3.9083333,-1.125,4.7441654,0,0,P,O,2,TX,0,231806.88,0.001629550874453675,666.3274708115179,0.0024388675408110474
44341,2020-07-31,769.0,72.21602,45.52794,44.0,3.673,0.43966675,72,11.752875,9.633333,5.0717945,2.5737188,0,0,P,O,1,CA,0,127118.57,0.007024697354570648,626.6365799329579,0.005944898617316268
44356,2021-07-31,777.0,94.52467,90.95277,22.0,2.745,-0.27166677,5,13.105738,6.5333333,-3.5000005,4.213172,0,0,P,O,2,NV,0,491755.78,0.005143126125460631,635.1256462773775,0.002865763402852244
44383,2021-01-31,793.0,78.207214,51.8773,39.0,3.868,0.9513333,69,11.305838,7.133333,2.710256,0.509528,0,0,C,O,2,CA,0,81294.82,0.002240475190026282,657.6941112184389,0.0015580868013397701
44404,2023-01-31,752.0,87.43938,81.45671,34.0,3.606,-2.8273335,13,11.718994,4.1,-0.4583335,4.7441583,0,0,C,O,2,GA,0,122883.71,0.007240708687790793,625.8109998307382,0.010446770569220902
44501,2021-01-31,810.0,80.0,67.86499,32.0,4.053,1.1363332,34,12.355145,7.133333,2.710256,0.509528,0,0,C,O,2,CA,0,232151.6,0.0023929558166829058,655.9080315590613,0.0011260103143932393
44533,2022-07-31,735.0,76.32685,67.03599,35.0,3.934,-1.7993331,34,11.261674,4.2083335,-1.125,4.2343626,0,0,C,O,2,PA,0,77782.64,0.00645510290774904,628.9406798136479,0.012870392188262698
44549,2020-07-31,711.0,80.0,77.626205,31.0,3.946,0.71266675,10,11.547755,9.633333,5.0717945,2.5737188,0,0,C,O,2,CA,0,103544.305,0.043693124507183885,576.1514268447025,0.03718961035544596
44564,2020-01-31,674.0,86.33338,73.034676,31.0,4.26,0.37666678,39,12.840004,3.9230769,-0.27692294,3.1802256,0,0,P,O,1,OH,0,377001.47,0.062213245647257144,566.0582842244221,0.028814977192251266
44577,2022-07-31,710.0,80.0,72.82052,41.0,3.74,-1.9933331,25,12.759032,4.508333,-1.125,3.4743087,0,0,P,O,2,OH,0,347677.97,0.026155156303231977,590.5311067064723,0.029954545715916565
44610,2021-07-31,784.0,61.098896,46.493595,35.0,3.696,0.67933345,57,12.242091,5.0333333,-3.5000005,2.7406642,0,0,N,O,2,TX,0,207335.0,0.002481744854665314,654.9196054740594,0.002251776869016643
44641,2023-01-31,769.0,80.0,66.480606,28.0,3.631,-2.8023334,32,12.725521,4.4,-0.45833302,6.5481954,0,0,P,O,1,AZ,0,336220.03,0.002387749087741901,655.9671247751972,0.0033875433322327997
44652,2022-07-31,775.0,80.0,73.717,26.0,3.083,-2.6503332,12,12.770882,5.008333,-1.125,6.28858,0,0,P,O,2,CA,0,351822.47,0.003533564835502251,645.3280465781932,0.006174714617953278
44679,2023-07-31,729.0,82.28693,69.39977,12.0,3.692,-2.9413333,38,13.273846,4.0,-0.20833349,4.2343664,0,0,P,O,1,PA,0,581778.8,0.004742407795336321,637.3318872489176,0.0027182936183716444
44747,2021-07-31,824.0,80.0,75.601135,22.0,3.132,0.11533332,13,11.864704,5.5333333,-3.5000005,3.4743047,0,0,C,O,1,FL,0,142159.38,0.0009185642240108883,681.8612287918704,0.001000125576214795
44777,2023-07-31,752.0,80.0,61.246777,50.0,4.044,-2.589333,49,13.13894,4.8,-0.20833302,6.2885866,0,0,N,O,1,CA,0,508357.34,0.006738660626941456,627.7694590523873,0.010073714064001439
44793,2021-01-31,787.0,71.23145,69.60535,38.0,3.674,0.7573333,11,11.7934,7.5333333,2.7102566,0.59129256,0,0,P,O,2,NV,0,132375.77,0.003226676160821535,647.7952888184391,0.004332812946548079
44863,2023-07-31,741.0,66.95016,49.432823,27.0,4.304,-2.3293333,70,11.793049,4.5,-0.20833349,3.9803836,0,0,P,O,1,IL,0,132329.3,0.0036783810632709996,644.2370663269536,0.00247606437635884
44964,2022-01-31,778.0,80.0,74.709564,31.0,3.093,-0.42366672,15,12.70515,4.9583335,-1.875,3.9803884,0,0,P,O,2,IL,0,329440.03,0.003758361022936036,643.6527364596864,0.010202148382678031
45006,2022-07-31,768.0,80.0,75.26506,32.0,3.172,-2.5613332,9,11.31994,5.008333,-1.125,6.28858,0,0,C,O,2,CA,0,82449.35,0.0036976119772385648,644.0954184373174,0.005711985138810162
45134,2023-07-31,799.0,75.55894,62.633007,37.0,3.599,-3.0343332,40,12.309031,3.7,-0.20833325,4.744168,0,0,P,I,2,TX,0,221688.94,0.000840079277535912,684.2806082588515,0.0008488600314068737
45234,2021-01-31,635.0,82.685394,73.44033,37.0,4.582,1.665333,26,12.875693,7.5333333,2.7102566,0.59129256,2,0,C,O,1,NV,0,390699.22,0.1784380936866603,533.9604476593224,0.31927690849386703
45267,2021-07-31,676.0,85.56321,84.99703,37.0,3.567,0.55033326,1,12.037292,6.133333,-3.5,3.6216621,0,0,N,O,1,CA,0,168938.81,0.13813590997538613,542.1850924423342,0.03700006324146282
45312,2022-07-31,764.0,91.93729,83.57507,25.0,3.546,-2.187333,25,12.15684,4.508333,-1.125,3.4743087,0,0,P,O,2,OH,0,190392.03,0.003390836513284158,646.4477951586346,0.003174890194026578
45339,2021-07-31,775.0,82.39884,71.325264,47.0,4.575,1.5583332,38,12.308919,5.3333335,-3.4999995,2.448673,3,0,C,O,2,PA,0,221664.11,0.006549616364957001,628.5447132737302,0.006948613580152489
45349,2021-07-31,775.0,66.65195,63.165573,29.0,3.442,0.42533326,12,12.049397,5.5333333,-3.5000005,3.4743047,0,0,P,O,2,FL,0,170996.34,0.0037434660819129825,643.7606136020722,0.004180586394918214
45407,2022-01-31,784.0,80.0,78.89669,42.0,3.217,-0.29966664,2,11.86054,4.858333,-1.875,6.5481935,0,0,C,O,2,AZ,0,141568.75,0.006381344488503431,629.2537148517033,0.003995974269784167
45409,2022-01-31,700.0,80.0,51.634495,39.0,4.371,0.85433316,87,12.859723,4.5583334,-1.875,4.744165,0,0,N,O,2,GA,0,384509.16,0.02567048586496092,591.0507931760424,0.012719605366512255
45414,2020-07-31,737.0,63.44694,43.103485,21.0,4.384,1.1506665,83,12.385791,9.333333,5.0717945,1.6396334,0,0,P,O,1,IL,0,239376.11,0.005210209709049815,634.7730959674832,0.0071061150142704785
45422,2021-07-31,634.0,80.0,77.61251,36.0,3.497,0.48033333,6,11.3059,5.3333335,-3.4999995,2.448673,0,0,P,O,1,PA,0,81299.86,0.1189454532102511,546.8291722895997,0.15511838967747552
45428,2021-07-31,798.0,80.0,79.44109,50.0,2.974,-0.042666674,1,12.143705,5.733333,-3.5000005,3.7692225,0,0,C,O,1,AZ,0,187907.55,0.003129401417683814,648.6263866942111,0.001840366114816887
45489,2022-01-31,769.0,80.0,74.05894,35.0,3.085,-0.4316666,11,12.223034,4.858333,-1.875,6.5481935,0,0,P,O,1,AZ,0,203421.11,0.0043743228292320935,639.5284989542458,0.0064175351851411865
45553,2022-07-31,733.0,75.51565,68.14221,27.0,3.125,-2.608333,19,12.387725,4.608333,-1.125,4.48896,0,0,P,O,2,NY,0,239839.48,0.010344136755357565,616.0724446146749,0.007359835988183517
45555,2022-07-31,764.0,83.86984,68.418205,41.0,3.677,-2.056333,40,12.738573,4.4083333,-1.125,6.0296097,0,0,N,O,2,FL,0,340637.03,0.0034883578047572262,645.677756907199,0.0026014871476016223
45591,2022-07-31,722.0,80.0,71.60805,39.0,3.791,-1.9423332,26,12.105894,4.608333,-1.125,4.48896,0,0,P,O,1,NY,0,180935.22,0.014684621412025136,606.47070740439,0.01462869792133046
45638,2023-01-31,830.0,76.36284,65.6101,40.0,2.963,-3.4703333,30,12.018344,3.7,-0.45833325,4.7441583,0,0,N,O,2,TX,0,165767.88,0.0010925771629514277,677.1613446103789,0.0009051525133931576
45639,2022-07-31,754.0,80.0,73.226074,45.0,3.098,-2.635333,17,12.41167,4.2083335,-1.125,4.2343626,0,0,C,O,2,PA,0,245651.75,0.008316277655170698,622.0333887709611,0.011164801021325336
45666,2022-07-31,715.0,80.0,72.14877,21.0,3.647,-2.086333,21,12.790774,4.608333,-1.125,4.48896,0,0,N,O,1,NY,0,358891.16,0.0065646925386214135,628.4820766860731,0.00933791027242193
45686,2021-01-31,689.0,80.0,41.957016,27.0,4.27,1.3533332,105,12.156218,6.5333333,2.7102563,0.48909307,1,0,N,O,1,FL,0,190273.44,0.027167657696624187,589.4750323381551,0.024949724702596255
45703,2022-01-31,798.0,80.0,74.06024,48.0,2.913,-0.60366654,15,12.586764,4.5583334,-1.875,4.744165,0,0,C,O,2,GA,0,292659.22,0.0021315551570917054,659.0458405888471,0.002286260038442033
45706,2022-01-31,702.0,80.0,74.35536,30.0,3.437,-0.079666615,14,13.379125,4.1583333,-1.875,4.744165,0,0,P,O,1,TX,0,646368.25,0.027280604622567955,589.3596064373612,0.025137317662690475
45717,2021-07-31,757.0,91.84008,87.47488,18.0,3.456,0.43933344,9,12.580637,5.5333333,-3.5000005,3.4743047,0,0,C,O,2,FL,0,290871.62,0.007920502106224997,623.3638420309259,0.005251324489549745
45747,2021-01-31,796.0,69.87691,43.58611,39.0,4.323,1.4063332,72,12.672005,7.5333333,2.7102566,0.59129256,0,0,P,O,1,NV,0,318699.62,0.00212104308455525,659.1799268754523,0.002460885172372618
45799,2023-01-31,803.0,95.09447,82.223625,27.0,2.78,-3.6533334,26,11.923364,3.7,-0.45833325,4.7441583,0,0,N,O,1,TX,0,150747.88,0.0012039557407427692,674.531116035701,0.000814421871984959
45849,2022-01-31,721.0,80.0,77.51537,33.0,3.27,-0.24666667,7,12.579156,4.758333,-1.875,3.474294,0,0,P,O,2,OH,0,290441.1,0.013987372911556478,607.8064115047453,0.009007242584004411
45866,2020-07-31,786.0,62.992958,62.891197,38.0,3.35,0.116666555,1,11.394764,9.033334,5.0717955,2.4695024,0,0,P,O,1,FL,0,88855.23,0.007491248881577331,624.8835414627902,0.003331831788490162
45941,2022-01-31,754.0,89.4138,82.387115,41.0,3.068,-0.44866657,12,12.488905,5.258333,-1.875,6.288583,0,0,C,O,2,CA,0,265376.56,0.013464664296870167,608.8515271262931,0.008838307552441626
45967,2021-01-31,732.0,96.69116,87.416336,36.0,4.362,1.4453332,29,12.797121,6.3333335,2.7102566,0.34619996,1,0,P,S,1,PA,0,361176.28,0.037119147253325505,580.7498668975364,0.06631176035750161
45978,2022-07-31,693.0,80.0,67.37725,32.0,4.209,-1.524333,36,13.179015,4.4083333,-1.125,6.0296097,0,0,N,O,2,FL,0,529143.7,0.02597049166754553,590.7279987456637,0.027680819202361297
45999,2021-07-31,707.0,77.79829,73.86301,40.0,3.408,0.39133334,10,12.465793,6.133333,-3.5,3.6216621,0,0,C,O,2,CA,0,259313.38,0.038757937591086325,579.5345207476656,0.03750281147535972
46038,2020-01-31,667.0,69.61563,59.621944,29.0,4.236,0.35266662,32,11.952459,3.623077,-0.27692318,3.8747516,0,0,C,O,2,PA,0,155198.4,0.05582067631113906,569.1765423080889,0.054259015209061415
46071,2022-01-31,691.0,60.232014,50.000103,42.0,4.449,0.93233323,37,11.586902,4.858333,-1.875,6.5481935,1,0,C,O,1,AZ,0,107678.09,0.03478026826687903,582.5769383158839,0.04236761921917891
46104,2022-07-31,695.0,77.311485,69.55062,43.0,3.59,-2.1433332,20,12.449504,3.9083333,-1.125,4.7441654,0,0,N,O,2,TX,0,255123.83,0.04236813241664091,577.0223211909024,0.04968933569250808
46117,2021-01-31,830.0,82.79617,76.97397,41.0,3.616,0.6993332,20,12.590488,7.133333,2.710256,0.509528,0,0,P,O,2,CA,0,293751.25,0.0035242916955203186,645.3994163991803,0.0013499795740800067
46121,2023-01-31,699.0,87.49034,57.468483,34.0,4.327,-2.1063333,92,12.771031,4.5,-0.4583335,3.9803917,0,0,P,O,2,IL,0,351874.88,0.029270907366603045,587.3983639692748,0.012071249912587503
46124,2020-01-31,774.0,89.98989,76.949905,40.0,3.487,-0.39633346,35,11.726484,3.9230769,-0.27692294,3.1802256,0,0,N,O,2,OH,1,123807.664,0.004780367103116967,637.1150894334241,0.0035872064978186547
46149,2020-07-31,719.0,80.0,47.02168,25.0,4.149,0.9156668,81,12.123662,9.233334,5.071795,2.6780384,0,0,P,O,2,AZ,0,184178.72,0.013128908289070347,609.5441684523053,0.011242533282919083
46222,2020-01-31,704.0,95.11332,47.597782,31.0,4.17,0.28666663,91,12.110508,4.8230767,-0.27692318,6.6999164,0,0,P,O,2,NV,0,181771.84,0.02763739321868681,588.9980139855138,0.005676665970191247
46231,2023-01-31,761.0,92.72629,78.84097,34.0,3.827,-2.6063335,38,12.455485,3.7,-0.45833325,4.7441583,0,0,P,O,1,TX,0,256654.38,0.006161956992669637,630.2065141056174,0.0037538388368516845
46374,2021-07-31,768.0,80.008446,54.849865,34.0,4.53,1.5133336,66,12.897492,6.133333,-3.5,3.6216621,0,0,P,O,1,CA,0,399309.5,0.00385783731568011,642.9430148846511,0.0032215652571570773
46421,2020-01-31,784.0,85.83071,68.70554,30.0,3.817,-0.06633353,34,11.95824,4.423077,-0.2769227,5.7497625,0,0,C,O,2,CA,0,156098.02,0.0027562695154759505,652.0726824244845,0.002713174028995963
46451,2021-07-31,768.0,89.75519,77.98502,23.0,3.672,0.6553333,30,12.187286,6.133333,-3.5,3.6216621,0,0,P,O,1,CA,0,196277.84,0.0044987239444645695,638.7661813607879,0.0028419994137671737
46472,2023-01-31,828.0,80.0,68.98669,39.0,2.623,-3.8103335,19,12.013191,5.2,-0.4583335,7.330827,0,0,P,O,2,NV,0,164915.94,0.0016664394279431807,665.7206434225772,0.0012891448634112551
46473,2022-01-31,738.0,80.0,76.10297,46.0,3.032,-0.4846666,10,12.822673,4.9583335,-1.875,3.9803884,0,0,C,O,1,IL,0,370523.72,0.015421455245292683,605.1254262836412,0.01833822558615407
46509,2022-07-31,805.0,65.41808,57.88002,37.0,3.678,-2.0553331,30,12.499489,3.9083333,-1.125,4.7441654,0,0,P,O,1,TX,0,268200.2,0.0009722766896217098,680.321753604481,0.0009488587684003188
46547,2023-07-31,696.0,80.0,69.980194,46.0,3.632,-3.0013332,20,12.820628,4.8,-0.20833302,6.2885866,1,0,C,O,1,CA,0,369766.88,0.04736841491971388,573.8613762766028,0.08330174870262268
46621,2020-01-31,747.0,80.0,71.65997,18.0,4.809,0.9256666,22,11.600572,3.7230768,-0.27692318,4.340364,0,0,N,O,1,GA,0,109160.195,0.003441513195010463,646.0449322818986,0.0023819355479650674
46651,2020-07-31,671.0,80.0,79.236145,11.0,4.366,1.1326668,7,12.019001,9.033334,5.0717955,2.4695024,0,0,C,I,1,FL,0,165876.9,0.09825898998856894,552.6281105310334,0.02131044188629492
46763,2021-01-31,796.0,71.31911,57.611248,24.0,3.928,1.0113332,41,11.650599,7.133333,2.710256,0.509528,0,0,P,O,1,CA,0,114760.01,0.001425248941103568,669.9584721215153,0.000831094977621746
46778,2020-07-31,685.0,80.0,76.65952,26.0,4.171,0.93766665,12,12.898271,9.633333,5.0717945,2.5737188,0,0,P,O,2,CA,0,399620.3,0.06054859572912408,566.8403084366556,0.047416740351854524
46843,2023-01-31,757.0,80.0,69.39503,25.0,3.257,-3.1763334,29,12.392188,4.4,-0.45833302,4.488958,0,0,P,O,2,NY,0,240912.27,0.0032691388833486295,647.4402970692851,0.0031892475953220153
46872,2022-01-31,766.0,80.0,79.591965,27.0,3.206,-0.31066656,1,12.207241,4.4583335,-1.875,4.23435,0,0,P,O,2,PA,0,200233.81,0.0030638416517214584,649.201174357014,0.0027481999209427294
46940,2020-07-31,717.0,80.0,79.341774,28.0,4.326,1.0926669,6,12.029132,9.333333,5.0717945,1.6396334,0,0,C,O,1,IL,0,167565.86,0.02603659159223354,590.657365952439,0.01900439221094234
46971,2022-01-31,764.0,80.0,73.20734,31.0,3.064,-0.45266676,13,12.44603,5.258333,-1.875,6.288583,0,0,P,O,2,CA,0,254238.92,0.004058436728058368,641.5656502648935,0.005866689795858427
46972,2021-01-31,728.0,86.86515,80.202324,33.0,3.919,1.0023332,21,11.677401,6.733333,2.710256,0.5299534,0,0,N,O,1,AZ,0,117877.43,0.0266476109573103,590.0125850034647,0.020259985718506845
46983,2021-07-31,785.0,80.0,75.538086,32.0,3.289,0.27233338,13,12.502298,6.133333,-3.5,3.6216621,0,0,P,O,1,CA,0,268954.72,0.00457730071765424,638.2954103543218,0.00334074704863449
47046,2020-01-31,764.0,72.0998,64.90868,18.0,4.401,0.5176666,17,12.340588,4.423077,-0.2769227,5.7497625,0,0,C,O,1,CA,0,228796.36,0.0014442433984743666,669.5996520160086,0.0021120882203901348
47179,2023-01-31,709.0,80.0,56.39618,28.0,4.239,-2.1943336,84,12.4978485,4.3,-0.45833302,3.4743032,0,0,C,O,2,OH,0,267760.56,0.011689148841918247,612.727280833751,0.005296777870650667
47187,2020-01-31,760.0,80.0,56.94564,32.0,4.585,0.7016666,51,12.282131,4.023077,-0.27692318,5.986506,0,0,P,O,2,AZ,0,215805.1,0.0034741223398029562,645.7888144026282,0.0024121324908413368
47196,2022-01-31,762.0,80.0,73.60405,30.0,3.345,-0.17166662,12,12.173549,4.858333,-1.875,6.5481935,0,0,C,O,2,AZ,0,193599.89,0.003758361022936036,643.6527364596864,0.008819095395541708
47215,2022-01-31,698.0,80.0,75.84422,20.0,3.556,0.039333344,12,12.702792,4.758333,-1.875,3.474294,0,0,P,O,2,OH,0,328664.34,0.016331500077091738,603.5486461043728,0.012068701470842644
47242,2023-07-31,746.0,88.86423,67.44628,42.0,3.913,-2.720333,50,11.637208,4.8,-0.20833302,6.2885866,0,0,P,O,2,CA,0,113233.555,0.011210831865547326,613.8711320655502,0.003128563527187964
47283,2023-07-31,766.0,68.80381,40.117542,27.0,4.358,-2.2753334,121,11.54832,4.3,-0.20833302,3.4742944,0,0,C,O,2,OH,0,103602.81,0.0015538448983346582,667.6170207692462,0.0023786270817735323
47284,2020-07-31,753.0,80.0,55.15345,28.0,4.303,1.0696666,61,12.696391,9.633333,5.0717945,2.5737188,0,0,N,O,2,CA,0,326567.22,0.008236770992660231,622.2955468911306,0.006883945962223101
47331,2020-01-31,744.0,80.0,61.959045,43.0,4.52,0.63666654,59,11.644605,3.9230769,-0.27692294,3.1802256,0,0,C,O,2,OH,0,114074.266,0.007709059142233951,624.1019247750255,0.0064462962571373615
47517,2021-07-31,789.0,80.0,75.46292,32.0,3.133,0.116333246,10,12.2470455,6.5333333,-3.5000005,4.213172,0,0,P,O,2,NV,0,208364.75,0.0018704549311065438,662.5894033834454,0.0031710591531351326
47586,2020-07-31,697.0,80.0,54.847855,28.0,4.532,1.2986667,64,13.061453,9.033334,5.0717955,2.4695024,0,0,P,O,2,FL,0,470453.78,0.04345846654411175,576.3038094821028,0.022655839378917082
47586,2022-01-31,697.0,80.0,49.71579,28.0,4.532,1.0153334,82,13.02664,4.6583333,-1.875,6.029608,0,0,P,O,2,FL,0,454357.53,0.018341478312426752,600.3519659159296,0.010090501865052481
47594,2022-01-31,724.0,62.120342,46.9347,10.0,4.493,0.9763334,53,11.731278,4.6583333,-1.875,6.029608,0,0,C,O,1,FL,0,124402.59,0.003837624326686445,643.0857386162472,0.004196243715756182
47622,2023-01-31,801.0,80.0,70.337036,31.0,3.329,-3.1043334,33,12.265546,4.3,-0.45833302,3.4743032,0,0,P,O,2,OH,0,212255.55,0.0009105969692676868,682.0972124404336,0.0012008675054810767
47670,2021-01-31,778.0,80.0,78.47499,43.0,3.609,0.6923332,9,11.490507,7.133333,2.710256,0.509528,0,0,P,O,2,CA,0,97783.12,0.011879876358171596,612.2840249499827,0.012069115106672567
47690,2022-01-31,686.0,80.0,56.85008,47.0,4.408,0.89133334,62,11.883456,4.6583333,-1.875,6.029608,0,0,P,O,1,FL,1,144850.39,0.03919172002193663,579.2210822362453,0.025949021138719837
47726,2022-07-31,745.0,80.0,69.505264,35.0,3.704,-2.029333,25,11.291997,4.608333,-1.125,6.5481853,0,0,C,O,1,AZ,0,80177.39,0.007607768224173485,624.4626461225494,0.008975664049984993
47730,2020-01-31,786.0,72.69914,54.15246,36.0,3.681,-0.20233345,43,12.369017,4.023077,-0.27692318,5.986506,0,0,N,O,2,AZ,0,235394.22,0.0019244683763526356,661.817473145299,0.0016567575886290474
47743,2023-01-31,772.0,80.0,64.35138,35.0,3.627,-2.8063333,42,12.183903,4.2,-0.4583335,6.0296116,0,0,P,O,2,FL,0,195614.86,0.002435307505947215,655.4320767957263,0.002536824003993493
47758,2020-01-31,646.0,80.0,75.888756,32.0,4.502,0.6186664,9,12.504651,4.423077,-0.2769227,5.7497625,0,0,N,S,2,CA,0,269588.28,0.07761566477839345,559.6234494153241,0.0916612470554202
47763,2022-01-31,735.0,80.0,76.19681,26.0,3.23,-0.28666663,7,11.898637,4.858333,-1.875,6.5481935,0,0,C,O,1,AZ,0,147066.05,0.007912966272258853,623.3898096561522,0.007107715750913122
47763,2023-07-31,735.0,80.0,67.111626,26.0,3.23,-3.4033332,25,11.866816,4.4,-0.20833302,6.548197,0,0,C,O,1,AZ,0,142459.88,0.005487187254601437,633.3637512945853,0.005864002846884061
47768,2023-01-31,623.0,80.0,69.237495,25.0,4.225,-2.2083335,32,12.394643,4.1,-0.4583335,4.7441583,0,0,C,O,1,GA,0,241504.27,0.04987320677500069,572.3955507306163,0.1286144860873472
47771,2023-07-31,790.0,80.0,68.26854,50.0,3.067,-3.5663333,28,12.333475,3.7,-0.20833325,4.744168,0,0,C,O,2,TX,0,227174.72,0.0017072041595671945,665.0654572087981,0.00390168325798234
47776,2020-07-31,719.0,80.0,78.14933,31.0,3.949,0.71566653,10,12.266884,9.133333,5.0717945,1.4332186,0,0,P,O,1,OH,0,212539.61,0.02662341254050764,590.037845710811,0.023348637716359578
47844,2022-01-31,703.0,67.1028,51.20942,32.0,3.879,0.3623333,57,12.862889,4.1583333,-1.875,4.744165,0,0,C,O,2,TX,0,385728.44,0.01655104013868672,603.1812119396275,0.013298088005422632
47907,2021-07-31,713.0,80.0,59.94298,20.0,3.989,0.97233343,52,12.415534,6.133333,-3.5,3.6216621,0,0,C,O,2,CA,0,246602.7,0.011696582203766586,612.7098720884381,0.009991449551785304
47976,2020-01-31,733.0,80.0,58.64722,26.0,4.5,0.61666656,48,13.12834,4.423077,-0.2769227,5.7497625,0,0,N,O,2,CA,0,502997.06,0.007941840442657513,623.2904452937867,0.004796835618370161
48046,2021-01-31,754.0,63.79203,37.53086,36.0,4.01,1.0933335,84,12.122464,6.733333,2.710256,0.5299534,0,0,P,O,2,AZ,0,183958.3,0.0071976548773271636,625.9735796310265,0.004480932278301191
48048,2023-01-31,695.0,80.0,71.654015,28.0,3.614,-2.8193333,17,13.418804,4.2,-0.4583335,6.0296116,0,0,N,O,2,FL,0,672531.5,0.023102311147816953,593.974852613635,0.024052572185218654
48083,2020-01-31,767.0,95.63234,71.49339,26.0,4.235,0.3516667,46,12.63022,3.823077,-0.27692294,5.5135503,0,0,N,O,1,FL,0,305657.38,0.002815255332061578,651.4980021381324,0.0017074685339574236
48131,2020-01-31,707.0,62.39017,60.243694,46.0,4.113,0.22966647,6,11.877231,4.023077,-0.27692318,5.986506,0,0,C,O,1,AZ,0,143951.33,0.02604140488819651,590.6522293991707,0.0178916501331601
48276,2020-07-31,768.0,79.98236,73.98705,46.0,3.893,0.65966654,21,12.098038,9.333333,5.0717945,1.6396334,0,0,P,O,2,IL,0,179519.31,0.013206315161713854,609.3829460390909,0.015547913958438334
48309,2020-07-31,765.0,84.667244,51.569775,50.0,4.274,1.0406668,93,11.553257,8.933333,5.071795,1.950057,0,0,P,O,2,GA,0,104115.55,0.008425386287478336,621.6776408583496,0.010797300636332451
48335,2021-07-31,748.0,74.09968,71.47875,33.0,3.495,0.47833323,10,12.9609785,5.633333,-3.5,2.012241,0,0,P,I,2,OH,0,425482.34,0.010776704222346074,614.9518758207562,0.009108638690423184
48385,2020-07-31,686.0,76.41231,75.77185,23.0,4.222,0.9886668,6,12.4341345,8.533334,5.0717955,1.950057,0,0,N,O,2,TX,0,251232.48,0.047194003676289,573.966165521066,0.032101340588091505
48460,2023-07-31,761.0,80.0,67.27181,38.0,3.091,-3.5423331,26,11.833925,4.2,-0.20833349,6.029608,0,0,C,S,1,FL,0,137850.56,0.005793348935570626,631.8859750027531,0.0053907637082302425
48517,2020-07-31,737.0,77.6727,54.874107,32.0,3.691,0.45766664,73,12.707671,9.333333,5.0717945,1.6396334,0,0,N,O,2,IL,0,330271.75,0.010926321833472627,614.5746227330969,0.012245327079240753
48576,2021-01-31,806.0,80.0,48.060375,44.0,3.965,1.0483332,83,12.061654,7.133333,2.710256,0.509528,0,0,C,I,2,CA,0,173105.02,0.0027660305268101103,651.9767421087151,0.0010064968003566782
48589,2022-01-31,736.0,80.0,67.89334,28.0,4.619,1.1023333,42,11.683485,4.4583335,-1.875,4.23435,0,0,P,O,2,PA,0,118596.79,0.0057648765570252475,632.0200894736774,0.010595376053477351
48605,2022-01-31,714.0,94.5958,85.739586,32.0,3.92,0.40333343,21,12.491552,5.258333,-1.875,6.288583,0,0,P,O,2,CA,0,266079.97,0.02258631329159178,594.6004849079968,0.028312412379958872
48655,2022-01-31,680.0,80.0,74.32298,22.0,3.507,-0.009666681,11,12.494068,5.258333,-1.875,6.288583,0,0,P,O,2,CA,0,266750.22,0.02082835501482906,596.8420983325268,0.019895727361582082
48687,2021-07-31,745.0,63.003883,60.180206,46.0,3.899,0.8823333,17,11.747835,5.633333,-3.5,2.012241,0,0,P,O,2,OH,0,126479.47,0.014709899771558769,606.423464349193,0.0124724128103168
48696,2022-07-31,779.0,80.68796,55.74921,42.0,3.932,-1.8013332,62,11.912524,4.608333,-1.125,6.5481853,0,0,P,O,2,AZ,0,149122.64,0.0036993012073205617,644.0830112724359,0.0019548151092668685
48716,2021-01-31,750.0,63.545403,44.47759,42.0,3.868,0.9513333,76,12.243216,6.3333335,2.7102566,0.34619996,0,0,P,I,1,PA,0,207568.25,0.010916371278492003,614.5995534854393,0.006311856624813767
48778,2021-01-31,753.0,77.691154,73.79606,35.0,3.878,0.9613333,17,12.913154,7.133333,2.710256,0.509528,0,0,P,O,1,CA,0,405612.56,0.014157173995552488,607.4751801993672,0.017067418614126667
48784,2020-07-31,647.0,80.0,72.63553,23.0,4.672,1.4386666,21,12.000084,9.033334,5.0717955,2.4695024,0,0,P,O,1,FL,0,162768.52,0.1313261461855823,543.7662992883745,0.12803480420582602
48806,2023-07-31,730.0,63.26397,53.580715,40.0,2.979,-3.654333,32,12.294992,4.0,-0.20833349,4.2343664,0,0,N,O,2,PA,0,218598.56,0.009129580785494114,619.4859586961554,0.01118061749119061
48842,2023-01-31,784.0,72.09907,52.4742,50.0,4.375,-2.0583334,57,12.304776,4.8,-0.45833302,6.2885814,0,0,P,O,1,CA,0,220747.86,0.003265776611629233,647.4682378988523,0.0026697529651460903
48874,2023-07-31,699.0,91.557144,62.3051,24.0,4.504,-2.129333,67,12.096912,4.8,-0.20833302,6.2885866,0,0,C,O,1,CA,0,179317.38,0.01987789902550257,598.1324370138677,0.007344218514186156
48881,2022-01-31,761.0,80.0,74.87276,34.0,3.349,-0.16766667,12,11.654852,4.5583334,-1.875,4.744165,0,0,P,O,2,GA,0,115249.234,0.006282837183886955,629.6774395773886,0.007549678200644777
48914,2022-01-31,741.0,61.5391,57.85317,42.0,3.007,-0.5096667,11,12.4277525,4.5583334,-1.875,4.744165,0,0,C,O,2,GA,0,249634.27,0.008985081627187561,619.9216919807808,0.007411042702548335
48941,2021-07-31,726.0,80.0,55.223045,30.0,4.527,1.5103333,65,12.124954,6.133333,-3.5,3.6216621,0,0,P,O,2,CA,0,184416.86,0.012575126447692327,610.725703363538,0.01223639488336988
48956,2023-01-31,676.0,93.220535,61.872486,38.0,4.019,-2.4143333,71,12.584626,4.2,-0.4583335,6.0296116,0,0,N,O,2,FL,0,292034.3,0.08952154638583937,555.4095055155776,0.023898971919084043
48995,2022-07-31,754.0,79.00964,67.34986,31.0,4.079,-1.6543331,38,12.618682,4.3083334,-1.125,4.7441654,0,0,P,O,1,GA,0,302150.94,0.004072801444971414,641.4696361288295,0.00410608135002774
49014,2022-01-31,719.0,80.0,45.106014,46.0,4.277,0.7603333,95,12.396715,4.6583333,-1.875,6.029608,0,0,P,O,1,FL,0,242005.28,0.014659493923718086,606.5177479584495,0.008666649053017509
49038,2021-07-31,712.0,68.98752,68.04144,26.0,3.356,0.3393333,2,11.693059,5.733333,-3.5000005,3.7692225,0,0,P,O,1,AZ,0,119737.74,0.025324550116240654,591.4275977345546,0.011409839221052733
49098,2021-07-31,737.0,80.0,79.55992,28.0,3.22,0.20333338,1,11.75006,5.0333333,-3.5000005,2.7406642,0,0,P,O,2,TX,0,126761.21,0.008190955297809777,622.4477575152141,0.004776049266857957
49276,2020-01-31,726.0,80.0,73.27707,32.0,4.502,0.6186664,14,12.51861,4.023077,-0.27692318,5.986506,0,0,P,O,2,AZ,0,273377.75,0.01088370052904704,614.6815671792326,0.009989549305793629
49310,2020-01-31,706.0,80.0,63.5706,29.0,4.324,0.44066644,32,12.414467,4.8230767,-0.27692318,6.6999164,0,0,C,O,2,NV,0,246339.73,0.01860703175441809,599.9556096638852,0.0122279586469338
49363,2022-01-31,810.0,80.0,74.37193,12.0,3.266,-0.25066662,18,12.2309675,4.9583335,-1.875,3.9803884,0,0,P,O,1,IL,0,205041.39,0.000757342259808804,687.0888914306929,0.0005586773387046035
49367,2022-01-31,699.0,80.0,76.680855,34.0,3.366,-0.15066671,8,11.6992655,4.858333,-1.875,4.4889507,0,0,P,I,2,NY,0,120483.22,0.039878595589920414,578.7315078569846,0.04154740152079707
49369,2023-07-31,689.0,89.29682,58.139824,46.0,5.117,-1.5163331,94,11.902295,4.0,-0.20833349,4.2343664,0,0,P,O,2,PA,0,147604.95,0.043660764786704144,576.1723941670768,0.028711222750693325
49380,2021-01-31,778.0,81.69898,63.06522,43.0,4.498,1.5813334,62,12.301153,6.8333335,2.7102566,0.32579577,0,0,P,S,1,IL,0,219949.42,0.007392677135329347,625.244710410441,0.004637113579143464
49430,2023-01-31,757.0,80.0,66.57239,38.0,3.151,-3.2823334,24,12.149277,5.2,-0.4583335,7.330827,0,0,P,O,1,NV,0,188957.42,0.007660491439709212,624.2742953916149,0.006062109726347524
49477,2020-07-31,784.0,80.0,57.60462,42.0,4.227,0.9936669,56,12.145235,9.033334,5.0717955,2.4695024,0,0,C,O,2,FL,0,188195.23,0.008499661748239459,621.4380699167834,0.0028328915131588077
49478,2020-01-31,784.0,74.43723,70.77577,47.0,3.645,-0.23833346,10,12.419244,3.323077,-0.27692294,4.340364,0,0,N,O,2,TX,0,247519.2,0.004762685412814538,637.2158612834444,0.002784100082980591
49519,2022-01-31,810.0,80.0,73.02678,35.0,3.589,0.072333336,25,12.4010105,4.5583334,-1.875,4.744165,0,0,P,O,1,GA,0,243047.19,0.0013415771805851055,671.5981388655098,0.0010333882603983861
49567,2021-01-31,712.0,80.0,79.314964,33.0,3.511,0.5943332,3,12.089538,6.0333333,2.7102563,0.38700014,0,0,C,O,2,TX,0,177999.77,0.03173228948681713,585.1444721271189,0.0114919089268799
49592,2020-07-31,776.0,80.0,79.868614,29.0,3.255,0.021666765,1,12.134666,9.333333,5.0717945,1.6396334,0,0,N,O,1,IL,0,186216.67,0.006683296746765862,627.9942415746839,0.004347021713972461
49642,2022-01-31,740.0,80.0,71.14129,28.0,4.051,0.53433347,27,12.506074,5.258333,-1.875,6.288583,0,0,C,O,2,CA,0,269972.16,0.008031320470738018,622.9847791989177,0.008177875850972089
49646,2021-07-31,780.0,91.99894,82.96075,27.0,3.768,0.75133324,28,12.199354,5.733333,-3.5000005,2.594572,0,0,P,O,2,NY,0,198660.88,0.006026840393790492,630.8102478557589,0.0038665517972896776
49647,2021-07-31,757.0,95.57549,89.470474,34.0,3.769,0.7523334,21,12.281418,5.733333,-3.5000005,2.594572,0,0,N,I,2,NY,0,215651.2,0.016676010007739363,602.9741899992576,0.02031626324879845
49666,2021-07-31,828.0,83.05694,73.746605,39.0,3.294,0.27733326,26,12.07584,5.733333,-3.5000005,3.7692225,0,0,C,I,1,AZ,0,175578.17,0.002150159793727364,658.8101392813998,0.0013521032475139277
49698,2021-07-31,702.0,69.007706,65.13285,37.0,4.041,1.0243332,15,12.542129,6.133333,-3.5,3.6216621,0,0,P,O,1,CA,0,279883.4,0.04179850779830619,577.4047516194764,0.04865328098043073
49701,2022-07-31,733.0,80.0,76.168564,46.0,3.548,-2.185333,9,12.208178,3.9083333,-1.125,4.7441654,0,0,P,O,2,TX,0,200421.38,0.02054103770744346,597.2259752540643,0.012827216983091848
49717,2021-07-31,724.0,74.109116,71.064705,34.0,3.489,0.47233343,11,13.443341,5.3333335,-3.4999995,2.448673,0,0,C,O,2,PA,0,689237.6,0.016819890673806487,602.737721328847,0.015021466904775425
49755,2023-07-31,744.0,73.658325,65.53299,41.0,3.307,-3.3263333,21,13.178848,3.7,-0.20833325,4.744168,0,0,P,O,2,TX,0,529055.25,0.006980560421341728,626.8083665945949,0.0052720176735557974
49788,2020-01-31,768.0,91.17753,82.72197,12.0,4.715,0.8316667,16,11.899366,4.423077,-0.2769227,5.7497625,0,0,C,O,2,CA,0,147173.36,0.002463548009641164,655.1192724710711,0.001285876841655236
49816,2020-07-31,778.0,68.22441,64.826324,41.0,3.636,0.40266657,16,13.149252,9.133333,5.0717945,1.4332186,1,0,P,O,1,OH,0,513626.84,0.008140556665224846,622.6161720976121,0.005114427832213034
49863,2020-07-31,749.0,90.99094,66.62237,37.0,3.636,0.40266657,71,12.258358,9.133333,5.0717945,1.4332186,0,0,P,O,1,OH,0,210735.25,0.018527170714614384,600.0742209373439,0.007355725199869579
49899,2022-01-31,743.0,81.567245,52.539642,40.0,4.472,0.9553335,73,11.823497,4.858333,-1.875,6.5481935,0,0,C,O,2,AZ,0,136420.38,0.007435130228015177,625.0885789388711,0.005821326354597051
49903,2020-07-31,777.0,80.0,54.321674,36.0,4.488,1.2546666,62,11.759488,9.233334,5.071795,2.6780384,0,0,C,O,2,AZ,0,127961.99,0.0052463255419200145,634.5851585845445,0.003005724354026729
49903,2022-07-31,777.0,80.0,46.87594,36.0,4.488,-1.2453332,86,11.712496,4.608333,-1.125,6.5481853,0,0,C,O,2,AZ,0,122087.84,0.0022791306582287084,657.230099940197,0.002757972144049824
49915,2023-01-31,719.0,80.0,70.17236,50.0,4.004,-2.4293332,32,12.571267,4.5,-0.4583335,3.9803917,0,0,C,O,1,IL,0,288158.94,0.018932866604992698,599.4767928782495,0.017098592838257327
49939,2023-01-31,768.0,80.0,44.072346,31.0,4.578,-1.8553333,117,12.600009,4.4,-0.45833302,4.488958,0,0,P,O,2,NY,0,296561.16,0.0017177453167542332,664.8985769713572,0.0013460511413209946
49959,2023-01-31,704.0,80.0,57.920033,32.0,4.487,-1.9463334,58,11.958228,4.8,-0.45833302,6.2885814,0,0,P,O,2,CA,0,156096.23,0.019002191468892315,599.3759627247164,0.008281284884415478
49993,2022-01-31,725.0,72.936264,43.94524,23.0,4.312,0.79533315,101,12.611825,4.858333,-1.875,4.4889507,0,0,P,O,1,NY,0,300086.12,0.006782645839326296,627.5921786589191,0.005960694706072045
50002,2021-07-31,812.0,66.36611,65.89775,35.0,2.736,-0.2806666,1,11.304731,5.733333,-3.5000005,3.7692225,0,0,P,S,2,AZ,0,81204.98,0.001633844786749408,666.2561332979398,0.001396469912664757
50006,2020-01-31,800.0,80.0,58.628746,36.0,4.008,0.12466645,57,12.429737,3.323077,-0.27692294,4.340364,0,0,N,O,1,TX,0,250130.25,0.0008549023135113409,683.8068284808971,0.0007171380162779972
50033,2023-07-31,810.0,80.0,61.65641,17.0,3.898,-2.7353332,44,11.068603,5.2,-0.20833349,7.330832,0,0,N,O,1,NV,0,64125.844,0.0005045385465852765,698.0884286318866,0.0007761280019269504
50039,2020-07-31,763.0,74.98172,74.187195,24.0,3.775,0.54166675,7,12.081367,8.533334,5.0717955,1.950057,0,0,N,O,1,TX,0,176551.19,0.005116130061359601,635.2688136779468,0.003120586190538208
50127,2021-01-31,735.0,65.36086,54.809624,38.0,3.883,0.96633315,44,13.063278,6.8333335,2.7102566,0.32579577,0,0,P,O,2,IL,0,471313.06,0.01221639331934877,611.5188260824898,0.014061127998438248
50144,2020-07-31,800.0,67.4693,62.204803,47.0,3.843,0.6096666,20,12.464494,8.933333,5.071795,1.950057,0,0,P,S,1,GA,0,258976.72,0.004089199892718099,641.3604398831085,0.002010157413612602
50159,2023-01-31,830.0,72.80233,63.236927,16.0,2.96,-3.4733334,27,11.909259,4.4,-0.45833302,4.488958,0,0,P,O,2,NY,0,148636.42,0.000442961895891719,701.6127844529315,0.00047912340076761546
50192,2020-01-31,733.0,62.515976,49.69613,29.0,3.791,-0.092333555,34,12.331639,4.023077,-0.27692318,5.986506,0,0,P,O,2,AZ,0,226758.14,0.00660406393692496,628.319172802735,0.007697276394128299
50235,2020-01-31,786.0,72.912445,65.435616,25.0,4.531,0.6476667,24,11.440928,4.123077,-0.27692318,3.6427193,0,0,P,O,2,IL,0,93053.35,0.001857226587900652,662.7818471055979,0.00155994438930834
50268,2022-01-31,627.0,80.0,47.1815,43.0,4.882,1.3653333,104,12.045129,4.5583334,-1.875,4.744165,0,0,P,O,2,GA,0,170267.98,0.08784499065683408,555.9709590580309,0.23736012989133895
50332,2020-07-31,750.0,80.0,77.47708,31.0,3.985,0.75166655,12,12.604268,9.133333,5.0717945,1.4332186,0,0,N,O,2,OH,0,297826.97,0.015557578725861112,604.8838397929549,0.014536469053069392
50334,2022-01-31,707.0,80.0,71.45567,36.0,4.228,0.7113335,32,13.369407,4.9583335,-1.875,3.9803884,0,0,P,I,2,IL,0,640117.0,0.02594498168669877,590.7553049044473,0.03728985144007847
50417,2020-07-31,689.0,80.0,71.896,48.0,4.658,1.4246666,28,12.371868,9.333333,5.0717945,1.6396334,0,0,P,O,1,IL,0,236066.3,0.10354342077303258,551.0513021583758,0.13063822000485
50425,2021-07-31,753.0,68.37327,65.77463,30.0,3.229,0.21233344,7,12.093437,5.0333333,-3.5000005,2.7406642,0,0,N,O,1,TX,0,178695.19,0.005575074692427586,632.9313113286496,0.003492349029473218
50577,2022-01-31,755.0,78.71512,63.784683,31.0,4.218,0.7013333,41,10.98232,5.258333,-1.875,6.288583,0,0,P,I,1,CA,0,58824.863,0.00548558055623021,633.3717208206917,0.005670643858812555
50597,2023-07-31,775.0,80.0,64.29707,39.0,3.177,-3.4563332,34,12.968958,4.8,-0.20833302,6.2885866,1,0,P,O,2,CA,0,428891.03,0.0033932574236616316,646.4284136493707,0.004853631390715503
50618,2020-01-31,728.0,80.0,62.215824,17.0,4.228,0.34466672,40,11.482416,3.823077,-0.27692294,5.5135503,0,0,C,O,2,FL,0,96995.125,0.0045921883869363325,638.2071221415395,0.002558477998445701
50653,2023-01-31,659.0,80.0,75.159546,21.0,3.757,-2.6763334,13,10.932939,4.5,-0.4583335,3.9803917,0,0,C,O,2,IL,0,55990.566,0.042502402539938526,576.9328919145227,0.07376456231180885
50654,2022-01-31,803.0,80.0,79.11269,18.0,3.024,-0.49266672,2,12.184231,4.1583333,-1.875,4.744165,0,0,P,O,2,TX,0,195679.03,0.0006023734713838349,693.2891006850277,0.0005209077074814966
50656,2023-01-31,819.0,80.0,64.49186,50.0,3.787,-2.6463335,38,12.30408,5.2,-0.4583335,7.330827,0,0,P,O,1,NV,0,220594.11,0.0018164748319423004,663.3834138007073,0.0012045486985632213
50657,2020-01-31,739.0,90.530106,87.48118,23.0,3.941,0.05766654,6,11.933338,4.423077,-0.2769227,5.7497625,0,0,C,O,1,CA,0,152258.95,0.009432298445128875,618.5948544560721,0.009783281386511494
50672,2022-01-31,728.0,80.0,75.75967,39.0,3.061,-0.45566654,8,12.107715,5.258333,-1.875,6.288583,0,0,P,O,2,CA,0,181264.81,0.02082533930326732,596.8461005606817,0.020251481276808286
50694,2020-07-31,675.0,80.0,77.18497,25.0,4.416,1.1826665,12,12.623357,8.933333,5.071795,1.950057,0,0,P,O,2,GA,0,303566.8,0.13147504005719018,543.7309927550128,0.03897091685475005
50805,2020-07-31,724.0,61.31101,43.67876,33.0,4.021,0.78766656,68,12.293,9.233334,5.071795,1.8464669,0,0,C,O,2,NY,0,218163.56,0.017073744847269267,602.3253179765518,0.010529338580605396
50826,2020-07-31,765.0,80.0,71.562035,27.0,4.265,1.0316665,26,12.676685,8.533334,5.0717955,1.950057,0,0,P,O,1,TX,0,320195.06,0.006259694580225641,629.7779438938251,0.004685834750642475
50893,2022-01-31,696.0,80.0,59.27989,43.0,4.209,0.69233346,63,11.815145,4.1583333,-1.875,4.744165,1,0,P,O,2,TX,0,135285.72,0.03324829234648837,583.8390156044958,0.018026354163332044
50894,2021-07-31,724.0,80.0,48.2977,31.0,3.861,0.8443334,82,12.165701,6.133333,-3.5,3.6216621,0,0,C,O,2,CA,0,192086.42,0.01107243047426388,614.2111158280043,0.008872132832545917
50907,2020-07-31,729.0,80.0,50.175278,24.0,4.747,1.5136669,90,12.372139,8.933333,5.071795,1.950057,0,0,N,O,1,GA,0,236130.23,0.013128908289070347,609.5441684523053,0.008743641633019484
50910,2022-01-31,744.0,68.906075,68.15352,39.0,3.322,-0.19466662,2,12.479985,4.1583333,-1.875,4.744165,0,0,C,O,1,TX,0,263020.1,0.00820212571495955,622.410569044574,0.0037989062717613156
50910,2023-01-31,744.0,68.906075,63.76831,39.0,3.322,-3.1113334,14,12.45983,3.7,-0.45833325,4.7441583,0,0,C,O,1,TX,0,257771.78,0.006989609146608061,626.7730600612331,0.006559419124563497
50962,2022-01-31,742.0,80.0,72.47461,36.0,3.532,0.015333414,20,12.113045,5.258333,-1.875,6.288583,0,0,P,O,2,CA,0,182233.64,0.010506526102055871,615.6464316140818,0.01234978701896574
50974,2022-01-31,830.0,70.41505,64.05578,45.0,2.555,-0.9616666,15,12.203026,5.258333,-1.875,6.288583,0,0,C,O,2,CA,0,199391.62,0.002083584901776438,659.6631744044653,0.0014592026926933724
50996,2022-01-31,811.0,80.0,77.08364,40.0,2.824,-0.69266677,8,12.858057,4.758333,-1.875,3.474294,0,0,C,O,1,OH,0,383869.22,0.0015491185880454337,667.6995951428245,0.0010727787895203492
51073,2020-07-31,750.0,93.509155,54.105793,50.0,4.711,1.4776666,87,12.676543,9.633333,5.0717945,2.5737188,0,0,P,O,1,CA,0,320149.44,0.024515560530627048,592.3287246639387,0.020385025483695376
51073,2023-01-31,750.0,93.509155,44.545387,50.0,4.711,-1.7223334,117,12.609168,4.8,-0.45833302,6.2885814,0,0,P,O,1,CA,0,299289.97,0.010134053163642064,616.633506047428,0.006134280448246604
51116,2020-01-31,762.0,80.0,72.55999,31.0,4.108,0.22466636,19,12.430315,3.323077,-0.27692294,4.340364,0,0,P,O,1,TX,0,250274.9,0.0028449374783215023,651.213343775484,0.0035738732651919096
51117,2021-01-31,738.0,80.0,55.794624,32.0,4.498,1.5813334,65,12.111654,6.5333333,2.7102563,0.48909307,3,0,P,O,2,FL,0,181980.42,0.007728522158427369,624.0331512299881,0.00881097459873291
51178,2021-01-31,771.0,80.0,78.91013,26.0,3.323,0.4063332,6,12.464576,6.0333333,2.7102563,0.38700014,0,0,C,O,2,TX,0,258998.11,0.004185276406078601,640.7293056660972,0.003697986068976224
51192,2021-01-31,773.0,80.0,77.49172,27.0,3.767,0.8503332,14,11.941705,7.133333,2.710256,0.509528,0,0,P,O,1,CA,0,153538.23,0.0067777081320472676,627.6120228782404,0.005252829666157694
51195,2021-07-31,798.0,92.20632,81.478546,32.0,3.668,0.65133333,28,12.884565,5.5333333,-3.5000005,3.4743047,0,0,P,O,2,FL,0,394181.03,0.0021388975552481208,658.9525757780259,0.0018591367994663381
51197,2023-01-31,830.0,72.553566,51.009674,44.0,4.166,-2.2673335,63,12.139392,4.2,-0.4583335,6.0296116,0,0,P,O,2,FL,0,187098.81,0.0009966230002050344,679.6517386471006,0.0008449895286103224
51221,2023-01-31,830.0,80.0,71.44243,31.0,2.548,-3.8853333,21,12.742629,4.0,-0.4583335,4.2343664,0,0,C,O,1,PA,0,342021.66,0.0009622525234195597,680.6025051751712,0.0008715007726474145
51262,2020-01-31,757.0,63.47819,47.52681,34.0,4.299,0.41566634,54,12.964725,3.323077,-0.27692294,4.340364,0,0,P,O,1,TX,0,427079.28,0.003377647096020476,646.5536308347156,0.001946366210649891
51279,2020-07-31,733.0,80.0,78.36983,34.0,4.159,0.9256666,9,11.954959,8.533334,5.0717955,1.950057,0,0,P,O,1,TX,0,155586.84,0.03121455562612251,585.6041521267239,0.01623646716445833
51326,2022-07-31,743.0,80.0,77.51241,50.0,3.251,-2.4823332,7,11.976996,4.508333,-1.125,3.4743087,0,0,P,O,2,OH,0,159053.64,0.012824428907596356,610.1875698383253,0.016354593360570272
51384,2022-07-31,758.0,79.93108,71.23945,28.0,3.729,-2.004333,26,12.066206,4.3083334,-1.125,4.7441654,0,0,P,S,2,GA,0,173894.9,0.004324995639877945,639.83676379345,0.006568833942699149
51448,2022-01-31,736.0,80.0,78.69329,40.0,3.339,-0.17766666,3,12.283214,4.5583334,-1.875,4.744165,0,0,P,O,1,GA,0,216038.92,0.009606438550099775,618.0949905940705,0.01285980151940102
51485,2020-01-31,816.0,82.94639,59.79755,27.0,4.066,0.18266654,60,12.220022,3.323077,-0.27692294,4.340364,0,0,P,O,2,TX,0,202809.45,0.0007014915743552688,689.1636941272134,0.00047676608562537056
51573,2021-01-31,715.0,80.0,78.731735,50.0,3.72,0.8033333,8,11.959844,6.733333,2.710256,0.366599,0,0,C,O,2,NY,0,156348.7,0.041836312230376316,577.3792168225546,0.03564895673590048
51576,2022-01-31,695.0,80.0,79.570114,31.0,3.682,0.16533327,1,11.975405,4.5583334,-1.875,4.744165,0,0,P,O,1,GA,0,158800.56,0.02969465878308143,586.9975509994053,0.020544616042046975
51576,2023-07-31,695.0,80.0,72.125656,31.0,3.682,-2.9513333,19,11.946702,4.1,-0.20833349,4.744168,1,1,P,O,1,GA,0,154307.34,0.024958178707086935,591.8321677105139,0.5372143054900798
51618,2020-07-31,809.0,80.0,76.25353,36.0,3.594,0.36066675,14,12.118669,9.233334,5.071795,1.8464669,0,0,C,O,1,NY,0,183261.36,0.0029749877614524,650.0000759690669,0.001389652046876731
51620,2022-01-31,719.0,92.79697,77.558,32.0,4.745,1.2283332,44,11.8911705,4.858333,-1.875,4.4889507,1,0,N,O,2,NY,0,145972.0,0.015993991994724892,604.1231015626457,0.014687161429476606
51636,2023-01-31,782.0,71.95024,61.80183,38.0,2.894,-3.5393333,22,12.395822,4.8,-0.45833302,6.2885814,0,0,C,O,1,CA,0,241789.23,0.003394368635192768,646.4195220411217,0.002749459892113678
51649,2021-01-31,801.0,94.363304,92.68222,34.0,3.849,0.93233323,10,11.771846,6.633333,2.7102563,0.2850178,0,0,P,O,2,OH,0,129553.03,0.004747626772420208,637.3019778047245,0.002902627224848355
51713,2020-07-31,764.0,84.045555,73.552414,34.0,4.315,1.0816667,33,12.741091,9.333333,5.0717945,1.6396334,0,0,P,O,2,IL,0,341495.88,0.007888087108622556,623.4757149519016,0.006226303281499537
51727,2020-01-31,688.0,80.0,48.79707,10.0,4.543,0.6596668,90,11.749387,3.323077,-0.27692294,4.340364,0,0,C,O,2,TX,0,126675.805,0.009277656511846095,619.0464725443147,0.010525783918673925
51749,2022-07-31,768.0,80.0,70.42812,25.0,2.957,-2.776333,18,12.777988,4.608333,-1.125,6.5481853,0,0,C,O,2,AZ,0,354331.75,0.0023124359824646785,656.8365646988517,0.003897010534703215
51779,2021-01-31,741.0,84.592636,67.71717,33.0,4.283,1.3663332,42,12.262296,6.733333,2.710256,0.5299534,0,0,N,O,2,AZ,0,211566.7,0.012835388693751813,610.1641501227333,0.00659073141184386
51812,2023-07-31,655.0,80.0,39.407574,35.0,4.384,-2.2493334,114,11.239566,4.2,-0.20833349,6.029608,1,0,P,O,2,FL,0,76081.93,0.05190106447936803,571.2590721733375,0.0530144286505613
51814,2023-01-31,705.0,77.57911,62.368073,50.0,4.114,-2.3193336,42,11.7803955,4.8,-0.45833302,6.2885814,1,0,P,O,1,CA,0,130665.47,0.02626730473333392,590.4121916789863,0.018847376957860134
51837,2021-01-31,750.0,80.0,79.00053,28.0,3.399,0.48233318,6,11.808991,6.633333,2.7102563,0.2850178,0,0,P,O,1,OH,0,134455.9,0.012719300914285778,610.4132243513034,0.008138287726433411
51841,2020-07-31,735.0,96.13286,74.07925,41.0,4.8,1.5666668,56,12.949581,9.233334,5.071795,1.8464669,0,0,P,O,2,NY,0,420660.34,0.022801122155303388,594.3383564961777,0.031086005088940598
51854,2023-01-31,813.0,89.64961,57.228043,45.0,3.402,-3.0313334,73,12.131756,4.8,-0.45833302,6.2885814,0,0,P,O,2,CA,0,185675.56,0.0016954845432856842,665.2522058563835,0.0011207742624213322
51898,2023-07-31,784.0,62.27718,50.260868,38.0,2.897,-3.7363331,30,12.322867,4.4,-0.20833302,6.548197,0,0,P,S,2,AZ,0,224777.81,0.002400069044461755,655.8275077227091,0.0020874114410405916
51937,2023-07-31,745.0,80.0,66.42541,20.0,3.041,-3.5923333,27,12.29001,4.8,-0.20833302,6.2885866,0,0,P,O,2,CA,0,217512.33,0.0032706219952394573,647.4279813569234,0.0033847514520566344
52004,2022-07-31,720.0,88.68697,61.260414,44.0,3.917,-1.816333,62,12.234909,4.608333,-1.125,6.5481853,0,0,P,O,1,AZ,0,205851.19,0.019039660839273376,599.3216151461596,0.008682604889778355
52076,2021-01-31,830.0,81.7165,73.06601,38.0,3.309,0.39233327,24,12.385369,7.5333333,2.7102566,0.59129256,0,0,P,O,2,NV,0,239275.19,0.0034454876612568593,646.0135870229354,0.0014826104382801967
52099,2020-07-31,714.0,86.85771,71.11745,37.0,4.208,0.97466683,42,12.463827,8.533334,5.0717955,1.950057,0,0,P,O,2,TX,0,258804.23,0.025768409114386562,590.9450296972103,0.030355627198194648
52110,2023-07-31,676.0,85.254196,74.30975,37.0,3.721,-2.9123333,20,11.89911,4.4,-0.20833302,6.548197,0,0,C,O,1,AZ,0,147135.66,0.08021669952563788,558.6549212754322,0.045093499556993724
52115,2023-07-31,764.0,80.69155,52.68854,23.0,3.823,-2.8103333,83,11.821724,3.7,-0.20833325,4.744168,0,0,N,O,2,TX,0,136178.75,0.0013181819427576394,672.0748983602311,0.0008007689497954836
52204,2022-01-31,762.0,80.0,73.24176,44.0,3.188,-0.3286667,13,12.676194,5.258333,-1.875,6.288583,0,0,P,O,2,CA,0,320037.72,0.006813055439329302,627.4702804775116,0.0077432981076769715
52207,2020-07-31,696.0,80.0,53.63264,40.0,3.688,0.4546666,75,12.794564,8.533334,5.0717955,1.950057,0,0,P,O,1,TX,0,360253.78,0.05347441862044695,570.4058750227302,0.02525196001892789
52245,2021-07-31,708.0,62.539337,58.99827,42.0,3.875,0.85833335,14,12.208032,5.733333,-3.5000005,3.7692225,0,0,C,O,2,AZ,0,200392.23,0.03728116892231563,580.6274368451941,0.020907781835167498
52344,2020-01-31,750.0,63.94607,59.25328,41.0,4.059,0.17566657,15,12.254155,3.323077,-0.27692294,4.340364,0,0,P,O,1,TX,0,209851.39,0.007141975024465783,626.1852755056427,0.005978859449776467
52350,2023-07-31,772.0,78.55979,50.890995,41.0,3.746,-2.8873332,84,12.716744,4.1,-0.20833349,4.744168,0,0,C,O,2,GA,0,333281.97,0.002339529558759526,656.5205762936992,0.002162756042626144
52382,2021-01-31,748.0,90.59436,71.84267,24.0,4.066,1.1493332,43,12.765348,6.733333,2.710256,0.5299534,0,0,P,O,2,AZ,0,349881.12,0.010675046385404917,615.2111682016958,0.0052455439424613035
52399,2022-01-31,745.0,76.33879,73.87834,39.0,3.202,-0.31466675,5,12.103621,4.6583333,-1.875,6.029608,0,0,P,O,2,FL,0,180524.33,0.009097932377921746,619.5808062510839,0.007744243059176768
52412,2022-07-31,801.0,89.82339,74.37278,42.0,3.493,-2.240333,42,12.652458,4.3083334,-1.125,4.7441654,0,0,P,O,1,GA,0,312530.62,0.0020270814929244903,660.4087785558615,0.0011419786332295086
52412,2023-01-31,801.0,89.82339,71.827965,42.0,3.493,-2.9403334,48,12.640817,4.1,-0.4583335,4.7441583,0,0,P,O,1,GA,0,308913.62,0.0017358836497936667,664.6138023139549,0.0009850217082914912
52449,2022-01-31,754.0,72.656876,54.590927,36.0,3.638,0.12133336,59,12.737338,4.1583333,-1.875,4.744165,0,0,P,O,1,TX,0,340216.62,0.0035530907789763427,645.1783753097569,0.003777871554563292
52580,2020-01-31,719.0,80.0,58.153618,38.0,4.92,1.0366666,50,12.085984,4.423077,-0.2769227,5.7497625,0,0,C,I,1,CA,0,177368.34,0.011512988156655721,613.1430785019115,0.005600564105027625
52606,2023-07-31,830.0,80.0,69.894485,43.0,2.554,-4.0793333,25,12.556624,4.0,-0.20833349,4.2343664,0,0,P,I,1,PA,0,283970.1,0.0015958468121112183,666.8940241168496,0.0012426928463283194
52642,2023-01-31,745.0,62.465057,54.3114,23.0,3.277,-3.1563334,20,11.878761,4.4,-0.45833302,6.5481954,0,0,P,O,1,AZ,0,144171.84,0.0031565853331146027,648.391567579569,0.0023408767456225203
52652,2021-01-31,719.0,80.0,72.75182,45.0,4.702,1.7853334,29,12.886343,6.8333335,2.7102566,0.32579577,2,0,P,I,1,IL,0,394882.2,0.036094608693239834,581.5361599867856,0.0474672234967672
52669,2020-01-31,667.0,80.0,74.69857,50.0,4.191,0.30766654,11,11.981307,4.023077,-0.27692318,5.986506,0,0,P,S,2,AZ,1,159740.72,0.1277239797497652,544.6310147179075,0.11179690356001917
52695,2020-01-31,690.0,64.258415,60.215656,38.0,4.02,0.13666654,11,11.62088,3.823077,-0.27692294,5.5135503,0,0,P,O,2,FL,0,111399.74,0.029460258479832198,587.2185720871144,0.022945573453475192
52696,2020-07-31,751.0,80.0,74.651245,37.0,3.679,0.44566655,16,12.371644,9.033334,5.0717955,2.4695024,0,0,P,O,1,FL,0,236013.52,0.013883033685244567,608.0119181727086,0.012074495340999835
52696,2021-07-31,751.0,80.0,70.69834,37.0,3.679,0.66233325,28,12.351393,5.5333333,-3.5000005,3.4743047,0,0,P,O,1,FL,0,231281.84,0.0083895968585848,621.7938260581714,0.00956162038621995
52717,2020-07-31,746.0,80.0,59.922047,39.0,4.275,1.0416667,64,11.835104,9.333333,5.0717945,1.6396334,0,0,P,O,1,IL,0,138013.08,0.01523651688548241,605.4570325082116,0.009396765412838955
52739,2020-01-31,688.0,80.0,66.18138,27.0,4.229,0.34566665,36,12.452928,3.323077,-0.27692294,4.340364,0,0,N,O,2,TX,0,255998.64,0.022730897700250587,594.4237841142909,0.015565432409693786
52769,2020-07-31,717.0,80.0,56.733627,19.0,4.816,1.5826666,58,12.44657,9.633333,5.0717945,2.5737188,0,0,P,O,2,CA,0,254376.48,0.010653931911814879,615.2653298425062,0.015762816410935993
52772,2023-07-31,732.0,80.0,67.83046,32.0,3.297,-3.3363333,33,11.671937,4.0,-0.20833349,4.2343664,0,0,P,O,2,PA,0,117235.19,0.009502258154118889,618.392947607768,0.009076247499523257
52834,2023-01-31,728.0,95.47179,87.75792,29.0,3.561,-2.8723333,13,12.97602,4.2,-0.4583335,6.0296116,0,0,P,I,1,FL,0,431930.28,0.018065015850755956,600.7706331563681,0.011671727918204703
52895,2020-07-31,719.0,80.0,77.116005,44.0,4.118,0.8846667,12,12.733462,8.533334,5.0717955,1.950057,0,0,P,O,1,TX,0,338900.53,0.04401685986573726,575.9424759234291,0.04643761055274965
52919,2021-07-31,735.0,80.0,79.214325,45.0,3.134,0.11733341,2,11.774261,5.8333335,-3.4999995,2.302998,0,0,P,S,2,IL,0,129866.39,0.01694697995592624,602.5304972684711,0.019687683500148837
53022,2020-01-31,772.0,86.70413,59.131664,32.0,4.229,0.34566665,78,11.913637,4.123077,-0.27692318,3.6427193,0,0,C,O,2,IL,0,149288.62,0.002024847171813371,660.4386867136834,0.0012101392447295526
53026,2020-07-31,774.0,80.0,72.87584,37.0,4.339,1.1056669,24,12.053086,8.833333,5.0717945,1.7430038,0,0,P,O,1,PA,0,171628.31,0.008214962040694168,622.3678964156995,0.0051692674928996984
53056,2022-01-31,794.0,80.0,68.81973,35.0,3.759,0.24233341,31,12.6569805,4.858333,-1.875,6.5481935,0,0,P,O,1,AZ,0,313947.38,0.0014914340166341216,668.7281915342521,0.0014186680327134965
53090,2022-01-31,784.0,61.381397,52.20965,10.0,3.864,0.34733343,38,12.16008,4.5583334,-1.875,4.744165,0,0,P,O,2,GA,0,191009.81,0.0010391715468302698,678.5191262178289,0.0009009307816643091
53114,2023-01-31,680.0,80.0,70.388435,50.0,3.499,-2.9343333,17,12.870159,5.2,-0.4583335,7.330827,0,0,C,O,1,NV,0,388543.16,0.05576215503021938,569.206608166188,0.09052960124419501
53116,2021-01-31,830.0,81.495026,80.93092,39.0,2.519,-0.3976667,1,12.470753,7.133333,2.710256,0.509528,0,0,P,O,1,CA,0,260602.88,0.003436937833353436,646.0810612965853,0.0016163145817467896
53121,2023-07-31,745.0,78.82698,69.66844,23.0,3.571,-3.062333,19,12.088492,4.2,-0.20833349,6.029608,0,0,C,O,2,FL,0,177813.9,0.004473250679133844,638.9205558135234,0.005525176180243322
53124,2020-01-31,680.0,80.0,77.932465,46.0,4.49,0.6066663,5,12.451839,3.823077,-0.27692294,5.5135503,0,0,N,O,2,FL,0,255720.17,0.048440053775905656,573.2254507906116,0.03901256225863077
53130,2021-07-31,803.0,80.0,74.80632,49.0,3.702,0.68533325,19,12.131217,5.733333,-3.5000005,3.7692225,0,0,C,O,2,AZ,0,185575.48,0.0031696446987119196,648.2794745311293,0.002028656724834695
53131,2020-07-31,793.0,83.45315,76.805016,35.0,3.525,0.29166675,18,12.0461,9.033334,5.0717955,2.4695024,0,0,C,O,1,FL,0,170433.31,0.0029749877614524,650.0000759690669,0.001998037166001931
53307,2022-07-31,758.0,67.228775,37.544083,28.0,3.841,-1.892333,108,12.492695,4.3083334,-1.125,4.7441654,0,0,P,O,1,GA,0,266384.25,0.002816432102936392,651.486659787499,0.002724582947689531
53308,2022-07-31,718.0,80.0,67.62868,39.0,3.812,-1.9213331,40,12.94498,4.608333,-1.125,4.48896,0,0,C,O,2,NY,0,418729.34,0.013228839377916253,609.3362078806452,0.009865130423188947
53309,2021-07-31,771.0,75.567085,71.293785,50.0,3.628,0.6113334,20,12.721769,5.8333335,-3.4999995,2.302998,0,0,P,O,1,IL,0,334961.12,0.007859366410554064,623.5752195723327,0.009991715500822071
53327,2020-07-31,784.0,68.998985,68.587166,25.0,3.83,0.5966666,4,12.096934,10.033334,5.0717955,2.9916089,0,0,P,O,1,NV,0,179321.3,0.0049968487992942965,635.9105251529529,0.0026350131637986065
53353,2021-07-31,738.0,80.0,78.28909,30.0,2.943,-0.07366657,4,12.25295,5.733333,-3.5000005,2.594572,0,0,C,O,2,NY,0,209598.61,0.010072575177668514,616.7998711753248,0.00957124345042837
53388,2023-07-31,737.0,79.03805,70.79071,14.0,3.201,-3.4323332,24,12.537488,4.3,-0.20833302,3.4742944,0,0,C,O,2,OH,0,278587.53,0.0031784023322432354,648.2045623186042,0.002694071976116752
53498,2022-01-31,723.0,80.0,74.65025,40.0,3.311,-0.20566654,16,11.540599,4.9583335,-1.875,3.9803884,0,0,C,O,1,IL,0,102806.03,0.01930957600633535,598.9331867554747,0.017401839399246378
53530,2020-01-31,746.0,72.01897,57.236507,22.0,3.753,-0.13033342,36,12.253549,3.823077,-0.27692294,5.5135503,0,0,P,O,2,FL,0,209724.19,0.002708855501069129,652.543584840177,0.001657155066084644
53565,2023-01-31,799.0,78.6012,69.83341,27.0,2.749,-3.6843333,25,11.755087,4.3,-0.45833302,3.4743032,0,0,P,O,1,OH,0,127399.96,0.000906411113136322,682.2220220451071,0.001147003769339113
53618,2020-01-31,735.0,80.0,65.34886,42.0,4.066,0.18266654,38,12.076637,3.323077,-0.27692294,4.340364,0,0,P,O,2,TX,0,175718.31,0.008022731988832039,623.0139707379492,0.0033708836533259848
53634,2023-07-31,770.0,80.0,40.471844,34.0,3.559,-3.0743332,107,11.666458,4.2,-0.20833349,6.029608,0,0,P,O,1,FL,0,116594.59,0.0019999398137838555,660.7743394659167,0.0020698033726043847
53640,2022-01-31,819.0,84.43895,64.08449,29.0,3.43,-0.086666584,60,11.520084,4.4583335,-1.875,4.23435,0,0,P,O,1,PA,0,100718.414,0.0008051821966718819,685.4298244451298,0.0007900375291586378
53689,2021-01-31,771.0,95.296844,94.1807,30.0,3.52,0.60333323,5,11.8955345,6.0333333,2.7102563,0.38700014,0,0,N,O,1,TX,0,146610.4,0.007992459546382306,623.1171120271774,0.006445087396889616
53749,2020-01-31,784.0,94.081474,79.14083,46.0,3.714,-0.16933346,39,12.567057,3.9230769,-0.27692294,3.1802256,0,0,N,O,1,OH,0,286948.0,0.005913567900909118,631.3268353557019,0.0025253203509893085
53767,2021-07-31,724.0,91.04769,89.621056,37.0,3.417,0.4003334,3,12.238047,5.733333,-3.5000005,2.594572,0,0,P,O,2,NY,0,206498.22,0.03680137796575081,580.9914854673464,0.03252079183289284
53774,2020-01-31,749.0,93.87583,81.74607,33.0,4.312,0.42866635,22,12.28524,4.423077,-0.2769227,5.7497625,0,0,P,O,2,CA,0,216477.11,0.01048563549524167,615.7008695414137,0.00541294236316084
53930,2020-01-31,741.0,80.0,74.7297,26.0,3.864,-0.019333363,10,12.398838,4.8230767,-0.27692318,6.6999164,0,0,P,O,2,NV,0,242519.67,0.007537716190794257,624.7149169496661,0.005716084405921162
53934,2022-07-31,753.0,68.89593,65.17548,38.0,3.212,-2.5213332,10,11.365336,4.3083334,-1.125,4.7441654,0,0,C,O,1,GA,0,86278.54,0.005739905644074353,632.1382540238956,0.008528920364034732
54011,2023-01-31,773.0,94.047585,76.05495,42.0,4.029,-2.4043336,41,11.877416,4.8,-0.45833302,6.2885814,0,0,N,S,2,CA,0,143978.05,0.005597613622091274,632.8215032797035,0.002103367104071493
54116,2023-01-31,751.0,80.0,69.192024,13.0,3.293,-3.1403334,28,12.174175,3.7,-0.45833325,4.7441583,0,0,P,O,2,TX,0,193721.25,0.0023553789947343955,656.3374148453057,0.0021474036153559238
54121,2022-07-31,749.0,80.0,69.51708,32.0,3.729,-2.004333,25,12.500133,4.608333,-1.125,6.5481853,0,0,P,O,2,AZ,0,268372.75,0.006539485644127574,628.5868836279899,0.007128412661383733
54154,2021-01-31,702.0,80.0,74.18713,34.0,4.048,1.1313331,21,12.132209,6.5333333,2.7102563,0.48909307,0,0,C,O,1,FL,0,185759.67,0.05143948501807545,571.5140157939337,0.03792550133687992
54175,2020-01-31,768.0,80.0,54.778038,41.0,3.99,0.106666565,71,12.459307,4.023077,-0.27692318,4.1072965,0,0,P,O,2,NY,0,257637.05,0.0027239081966306524,652.3932010764536,0.0016568844105888999
54206,2021-07-31,728.0,66.46993,44.012875,39.0,4.811,1.7943332,70,12.102098,5.733333,-3.5000005,3.7692225,1,0,P,O,2,AZ,0,180249.73,0.01439935257491099,607.009474728713,0.02141270780413262
54219,2022-01-31,830.0,93.462456,85.42748,30.0,2.766,-0.7506666,13,12.548345,5.258333,-1.875,6.288583,0,0,C,O,2,CA,0,281628.53,0.0020957377915954687,659.5054465416047,0.0015469634118780561
54262,2021-01-31,680.0,65.128975,61.285023,45.0,4.051,1.1343334,20,11.799575,6.4333334,2.7102566,0.38700014,0,0,C,O,1,GA,0,133195.7,0.062489542925060086,565.930379655203,0.08800333995958852
54276,2020-07-31,769.0,95.12013,85.703156,44.0,4.33,1.0966666,27,11.626131,9.333333,5.0717945,1.6396334,0,0,P,O,2,IL,0,111986.26,0.01627796540528121,603.6389811629284,0.033148679302468224
54283,2021-07-31,769.0,87.47612,53.826538,50.0,3.676,0.65933347,92,12.384014,5.0333333,-3.5000005,2.7406642,0,0,P,O,2,TX,0,238951.16,0.006121369711138502,630.3864741579489,0.004905568461288074
54341,2020-01-31,696.0,80.0,66.69578,50.0,4.716,0.83266664,29,11.694911,4.423077,-0.2769227,5.7497625,0,0,C,O,2,CA,0,119959.734,0.04731605187761191,573.8927983128661,0.048130714457927284
54343,2021-07-31,785.0,68.631325,46.073235,27.0,3.634,0.6173334,85,11.9007845,5.8333335,-3.4999995,2.302998,0,0,C,S,2,IL,0,147382.19,0.0026152006577467406,653.4983905471418,0.0022285948992145366
54346,2021-01-31,749.0,89.708115,75.18376,38.0,4.061,1.1443331,41,11.760742,6.0333333,2.7102563,0.38700014,0,0,N,O,2,TX,0,128122.48,0.01497532035468309,605.9321887752915,0.0056232034400649795
54364,2020-01-31,662.0,62.006462,60.660873,31.0,4.64,0.7566664,5,12.143082,3.323077,-0.27692294,4.340364,0,0,C,O,1,TX,0,187790.39,0.0588672886503472,567.6508480240227,0.04609718845071435
54440,2020-01-31,755.0,80.0,52.430546,37.0,4.371,0.48766637,80,12.035896,4.023077,-0.27692318,4.1072965,0,0,P,O,1,NY,0,168703.16,0.003567583335524036,645.0678151777023,0.0017591408155099146
54523,2021-07-31,666.0,61.780678,60.825783,10.0,3.68,0.6633334,3,12.353349,5.733333,-3.5000005,2.594572,0,0,N,O,2,NY,0,231734.75,0.05266525708696434,570.8416603011167,0.033512141077383685
54554,2023-01-31,742.0,80.0,69.221504,40.0,3.346,-3.0873334,28,13.065307,3.7,-0.45833325,4.7441583,0,0,N,O,1,TX,0,472270.22,0.007497460277697955,624.8609410122538,0.005634666988989737
54618,2022-01-31,771.0,80.0,74.34688,45.0,3.004,-0.5126667,16,12.8332205,4.4583335,-1.875,4.23435,0,0,C,S,2,PA,0,374452.53,0.00532565473778927,634.1768282493575,0.008261162865499643
54644,2023-07-31,729.0,83.48872,72.87398,37.0,3.131,-3.5023332,26,12.467156,4.0,-0.20833349,4.2343664,0,0,P,O,1,PA,0,259667.4,0.011437431808058042,613.3233468067202,0.012502006298179274
54726,2021-01-31,792.0,80.0,79.549995,36.0,2.796,-0.12066674,1,12.050204,6.4333334,2.7102566,0.38700014,0,0,P,O,1,GA,0,171134.39,0.0020582197616659265,659.9953582047123,0.0013764722672723946
54748,2023-01-31,730.0,80.0,68.40946,44.0,4.046,-2.3873334,43,12.411721,4.3,-0.45833302,3.4743032,0,0,P,O,1,OH,0,245664.39,0.013508233348587565,608.7628987312904,0.007676715455540924
54801,2020-01-31,779.0,80.0,67.98909,30.0,4.375,0.49166656,25,12.794808,4.023077,-0.27692318,5.986506,0,0,P,O,2,AZ,0,360341.75,0.002724161779586504,652.3906747638155,0.005258264714653583
54844,2023-01-31,777.0,87.71743,79.630875,39.0,3.113,-3.3203335,21,11.792055,4.3,-0.45833302,3.4743032,0,0,P,I,1,OH,0,132197.81,0.004968904362651371,636.0630641457929,0.004324664045363059
54901,2020-01-31,661.0,80.0,53.81637,28.0,5.098,1.2146666,84,11.911775,4.123077,-0.27692318,3.6427193,1,0,C,O,1,IL,1,149010.89,0.04575802686099619,574.8431965120081,0.04464277850888922
54926,2023-01-31,731.0,81.73916,51.375523,50.0,4.392,-2.0413332,78,12.238385,4.8,-0.45833302,6.2885814,0,0,N,I,2,CA,0,206567.98,0.013082692911582016,609.6408732152852,0.010757570502167213
55033,2021-01-31,756.0,80.0,75.96337,32.0,3.803,0.8863332,17,12.325941,7.133333,2.710256,0.509528,0,0,P,O,2,CA,0,225469.7,0.01204369916374118,611.9088737834543,0.01451536679381436
55043,2021-07-31,800.0,65.57012,62.458385,37.0,3.656,0.63933325,18,12.248705,5.633333,-3.5,2.012241,0,0,P,O,1,OH,0,208710.86,0.0016776314008497273,665.539181867173,0.0013537981214089222
55060,2021-01-31,732.0,87.1911,81.78958,34.0,4.049,1.132333,19,12.368999,7.133333,2.710256,0.509528,0,0,P,O,2,CA,0,235389.86,0.04123779629176383,577.7860974100845,0.03062353085910824
55069,2021-07-31,715.0,80.0,74.268906,21.0,4.253,1.2363331,21,12.038856,5.5333333,-3.5000005,3.4743047,0,0,P,O,2,FL,0,169203.2,0.009864336800031192,617.370948016347,0.016918376544638288
55126,2023-01-31,681.0,80.0,73.94987,37.0,3.384,-3.0493333,16,12.81239,4.5,-0.4583335,3.9803917,0,0,P,O,2,IL,0,366733.38,0.031009536969337413,585.7882241738287,0.04379157308132578
55143,2020-01-31,737.0,70.845,65.22954,29.0,4.72,0.83666635,18,12.045827,3.623077,-0.27692318,3.8747516,0,0,P,I,1,PA,0,170386.83,0.005182074654443433,634.9204036507679,0.004115390765833506
55217,2022-01-31,735.0,80.0,79.13549,23.0,3.531,0.014333248,2,12.291602,4.1583333,-1.875,4.744165,0,0,P,O,2,TX,0,217858.83,0.005129280555852831,635.1989794241623,0.0033566809483688066
55217,2022-07-31,735.0,80.0,76.58442,23.0,3.531,-2.2023332,8,12.28201,3.9083333,-1.125,4.7441654,0,0,P,O,2,TX,0,215779.02,0.004929422010990217,636.2800459567177,0.004264228348635425
55237,2020-07-31,830.0,80.0,49.23948,43.0,3.589,0.35566664,77,12.220412,9.033334,5.0717955,2.4695024,0,0,N,O,1,FL,0,202888.67,0.0026964250093903883,652.6684011183925,0.0012590783258511348
55240,2022-07-31,692.0,85.33084,74.170265,38.0,3.706,-2.027333,27,11.731412,5.008333,-1.125,6.28858,0,0,C,O,2,CA,0,124419.19,0.04272508005878782,576.7851731953454,0.05442331081276611
55320,2022-07-31,725.0,80.0,72.34397,25.0,3.188,-2.5453331,18,12.164155,3.9083333,-1.125,4.7441654,0,0,C,O,2,TX,0,191789.83,0.008500913002665462,621.4340518745737,0.006624655297729991
55329,2020-01-31,755.0,62.606174,44.72052,47.0,4.594,0.7106664,52,11.518478,4.423077,-0.2769227,5.7497625,0,0,P,O,2,CA,0,100556.836,0.005395782244022879,633.8208683988439,0.005586828825364251
55368,2021-01-31,794.0,96.56886,78.56448,43.0,3.933,1.0163333,46,13.117201,6.0333333,2.7102563,0.38700014,0,0,C,O,1,TX,0,497425.25,0.002902151248894802,650.6729108507386,0.0020835623444532855
55390,2022-01-31,830.0,80.0,72.33241,29.0,2.693,-0.8236666,13,12.275345,5.6583333,-1.875,7.3308287,0,0,C,O,2,NV,0,214345.66,0.0015336377374451206,667.9718365992776,0.0012005804668124781
55422,2020-07-31,761.0,80.22757,75.18661,39.0,3.824,0.59066653,17,12.6331415,8.533334,5.0717955,1.950057,1,0,P,O,2,TX,0,306551.66,0.01620760414522535,603.7581550004911,0.011209809461127127
55446,2023-07-31,773.0,79.85357,56.046146,40.0,4.113,-2.5203333,72,11.642087,4.1,-0.20833349,4.744168,0,0,P,O,2,GA,0,113787.42,0.0026300625460063377,653.3446199078794,0.0016655688501466357
55483,2022-07-31,686.0,80.0,65.056915,33.0,4.0,-1.7333331,41,12.445357,4.4083333,-1.125,6.0296097,0,0,P,I,1,FL,0,254068.1,0.025326391402381847,591.4255789070684,0.025905836323715865
55512,2021-01-31,786.0,80.0,78.33153,43.0,3.603,0.6863332,10,12.124665,6.733333,2.710256,0.5299534,0,0,P,O,2,AZ,0,184363.62,0.010125292793202028,616.6571512933617,0.00439898170663702
55517,2020-01-31,702.0,63.494785,42.349945,27.0,4.283,0.39966655,74,12.63322,3.7230768,-0.27692318,4.340364,0,0,N,O,2,GA,0,306575.66,0.014982641838574454,605.9187590720041,0.006541232689052366
55556,2023-07-31,772.0,94.584206,82.26857,38.0,3.342,-3.2913332,20,12.040693,4.4,-0.20833302,6.548197,0,0,P,O,2,AZ,0,169514.36,0.0053503745413433605,634.0508238887621,0.004778578825372482
55570,2022-07-31,727.0,80.0,48.92251,21.0,4.193,-1.5403333,101,12.623738,4.2083335,-1.125,4.2343626,1,0,N,O,1,PA,0,303682.47,0.003853918531796015,642.9706270818613,0.003180866768379311
55570,2023-07-31,727.0,80.0,45.56845,21.0,4.193,-2.4403334,113,12.594188,4.0,-0.20833349,4.2343664,0,0,N,O,1,PA,0,294839.88,0.0036254918772768035,644.6304671096981,0.0023774193606022442
55576,2020-01-31,796.0,80.0,59.664528,31.0,4.037,0.15366673,46,12.742325,3.823077,-0.27692294,5.5135503,0,0,C,O,2,FL,0,341917.6,0.0007341554666253369,687.9310659863377,0.0007991550144454308
55642,2020-01-31,798.0,80.0,70.99602,34.0,4.142,0.25866675,19,12.280352,4.423077,-0.2769227,5.7497625,0,0,C,O,2,CA,0,215421.39,0.0012500616859902293,673.5127858738797,0.001368350804403396
55671,2020-07-31,776.0,66.86505,64.09586,40.0,3.957,0.72366667,12,12.056894,9.033334,5.0717955,2.4695024,0,0,C,O,1,FL,0,172283.1,0.008208644425471994,622.3888902029172,0.005345109182432836
55697,2020-01-31,770.0,80.0,55.966805,27.0,3.678,-0.20533347,64,11.896611,3.323077,-0.27692294,4.340364,0,0,N,O,2,TX,0,146768.42,0.0018757628191584518,662.5125667487821,0.0012646860309845189
55721,2020-01-31,674.0,80.0,62.765327,26.0,4.452,0.5686667,46,12.362665,3.7230768,-0.27692318,4.340364,0,0,N,O,2,GA,1,233903.72,0.05121732693576836,571.6374922498085,0.018390827903219584
55777,2023-01-31,754.0,80.0,67.80732,41.0,3.934,-2.4993334,42,11.6296015,4.5,-0.4583335,3.9803917,0,0,P,O,1,IL,0,112375.58,0.005588248503676142,632.8670759811253,0.002825488370334626
55829,2021-07-31,731.0,80.0,79.46024,40.0,3.103,0.086333275,1,12.231188,6.133333,-3.5,3.6216621,0,0,N,O,2,CA,0,205086.64,0.023584969571055346,593.4018722960511,0.017863736909914007
55829,2022-07-31,731.0,80.0,73.21822,40.0,3.103,-2.6303332,13,12.210363,5.008333,-1.125,6.28858,0,0,N,O,2,CA,0,200859.9,0.01900225620796525,599.3758687331058,0.022511146960157827
55841,2020-01-31,746.0,68.288895,56.277218,26.0,3.825,-0.058333397,36,12.106973,3.7230768,-0.27692318,4.340364,0,0,N,O,2,GA,0,181130.38,0.004678163275779244,637.7027738161581,0.0025009647632978343
55858,2021-07-31,718.0,80.0,76.65301,35.0,3.754,0.7373333,12,12.087673,5.3333335,-3.4999995,2.448673,0,0,P,S,1,PA,0,177668.22,0.018523785044514973,600.0792604815315,0.015036371536167376
55861,2020-07-31,830.0,85.0519,50.26261,35.0,3.992,0.75866675,84,12.121727,9.033334,5.0717955,2.4695024,0,0,P,O,2,FL,0,183822.7,0.0018935027375976837,662.257330469303,0.0012535180254047691
55867,2021-01-31,723.0,80.0,78.75714,21.0,3.681,0.76433325,8,11.965003,6.8333335,2.7102566,0.32579577,0,0,P,O,1,IL,0,157157.31,0.012686313203445647,610.4844112190846,0.007895631046593677
55904,2022-01-31,785.0,61.55267,57.824574,31.0,3.243,-0.27366662,15,12.020599,4.758333,-1.875,3.474294,1,0,N,O,1,OH,0,166142.27,0.0024280886548603865,655.5126167125725,0.001582467709098486
55935,2020-07-31,725.0,79.5321,75.033035,36.0,3.89,0.65666676,14,12.341899,9.233334,5.071795,2.6780384,0,0,P,O,1,AZ,0,229096.6,0.030870631745794987,585.9136082053705,0.026001618961886533
56008,2020-01-31,744.0,75.87255,59.362537,42.0,3.749,-0.13433337,45,11.933249,3.323077,-0.27692294,4.340364,0,0,N,O,2,TX,0,152245.4,0.007024525888573432,626.6372452249191,0.002618634921629985
56025,2020-01-31,750.0,80.0,63.36184,29.0,4.019,0.13566661,45,11.712389,4.023077,-0.27692318,4.1072965,0,0,C,O,2,NY,0,122074.81,0.00430831675321832,639.9417891008561,0.002806100031783025
56030,2022-01-31,670.0,81.404816,72.30966,30.0,4.38,0.86333346,31,12.11427,4.5583334,-1.875,4.744165,0,0,C,O,1,GA,0,182457.08,0.07856558438036457,559.2663412914164,0.07214846076879125
56036,2020-01-31,691.0,80.0,58.644165,44.0,4.719,0.8356664,47,11.320584,4.023077,-0.27692318,5.986506,0,0,P,O,2,AZ,0,82502.57,0.031332423615508254,585.4988556323326,0.03797393561836228
56141,2021-01-31,683.0,64.42011,40.230114,37.0,4.771,1.8543332,100,12.071206,6.3333335,2.7102566,0.34619996,1,0,P,O,1,PA,1,174766.55,0.03121474532818616,585.6039823488522,0.03540912244580249
56160,2022-01-31,725.0,88.79494,68.52332,39.0,3.839,0.32233334,60,11.73325,4.9583335,-1.875,3.9803884,0,0,N,O,2,IL,0,124648.02,0.020425280273413768,597.3821231902722,0.007828302767275325
56193,2020-07-31,792.0,90.494675,77.17292,38.0,3.796,0.56266665,35,12.653347,9.233334,5.071795,1.8464669,0,0,P,O,2,NY,0,312808.78,0.004416435908719343,639.2680443091365,0.002054966380268955
56197,2023-01-31,796.0,80.0,72.695114,30.0,2.994,-3.4393334,19,13.119395,4.5,-0.4583335,3.9803917,0,0,P,O,1,IL,0,498517.94,0.0010681979052544934,677.7727423816812,0.0014166259816506654
56244,2023-01-31,695.0,80.0,67.61619,44.0,3.593,-2.8403335,28,12.58188,4.2,-0.4583335,6.0296116,0,0,P,O,2,FL,0,291233.22,0.03788331658186053,580.1768684840015,0.035281566700983376
56265,2020-07-31,777.0,80.0,79.393654,47.0,3.749,0.5156667,5,11.921795,9.133333,5.0717945,1.4332186,0,0,P,O,2,OH,0,150511.52,0.013260197595816235,609.271269579823,0.00922507518573572
56340,2022-01-31,830.0,78.493675,52.140453,47.0,4.045,0.5283334,81,12.549524,4.5583334,-1.875,4.744165,0,0,P,O,1,GA,0,281961.1,0.001399670164886268,670.44929468581,0.0012493898600362619
56467,2023-07-31,671.0,80.0,65.78116,26.0,3.403,-3.230333,28,11.672536,4.4,-0.20833302,6.548197,0,0,N,O,2,AZ,0,117305.38,0.057336000403574304,568.4081746732081,0.0213455277908476
56549,2023-01-31,643.0,80.0,75.23453,40.0,3.799,-2.6343334,14,12.001984,4.3,-0.45833302,3.4743032,0,0,N,O,2,OH,0,163078.02,0.09271480013062627,554.365851569853,0.2036515491099319
56574,2020-07-31,773.0,80.0,75.26622,25.0,3.465,0.23166656,16,12.453069,8.933333,5.071795,1.950057,0,0,P,I,2,GA,0,256034.8,0.005372621377194453,633.9379190572694,0.003940977907937595
56577,2021-07-31,676.0,80.0,77.50989,29.0,3.435,0.4183333,6,12.585444,5.733333,-3.5000005,2.594572,0,0,P,O,1,NY,0,292273.3,0.10879180694064797,549.5541983456811,0.032371849571706426
56623,2022-01-31,700.0,80.0,61.656773,41.0,4.575,1.0583332,49,13.309031,5.258333,-1.875,6.288583,0,0,N,O,1,CA,0,602612.9,0.03772810430985698,580.2923470900087,0.02909900383682691
56632,2022-01-31,815.0,80.0,66.61281,40.0,3.534,0.01733327,36,12.24812,5.258333,-1.875,6.288583,0,0,P,O,2,CA,0,208588.77,0.0018634589585827773,662.6910097532556,0.0010967657534241323
56654,2020-01-31,762.0,80.0,77.62615,33.0,3.8,-0.08333349,7,12.634702,4.123077,-0.27692318,3.6427193,0,0,P,I,1,IL,0,307030.25,0.0032791265246315897,647.3574673226956,0.004337348724165671
56656,2021-07-31,783.0,80.0,74.8747,29.0,3.948,0.9313333,22,12.452903,5.8333335,-3.4999995,2.302998,0,0,C,O,1,IL,0,255992.36,0.0044812990923689625,638.8716860188819,0.004156866108475333
56676,2020-07-31,830.0,73.9132,71.19427,18.0,3.69,0.4566667,11,12.301014,9.633333,5.0717945,2.5737188,0,0,P,O,1,CA,0,219918.88,0.0012989105765435244,672.4740105556866,0.0008818827767393677
56676,2023-01-31,830.0,73.9132,59.548527,18.0,3.69,-2.7433333,41,12.249451,4.8,-0.45833302,6.2885814,0,0,P,O,1,CA,0,208866.6,0.0004214993961654981,702.9575197071392,0.0004417987883317888
56683,2022-07-31,757.0,71.40619,46.475296,41.0,4.325,-1.4083333,88,13.000506,4.608333,-1.125,4.48896,0,0,P,O,2,NY,0,442637.4,0.00430042379649219,639.9916314710823,0.003794862695908962
56687,2022-07-31,780.0,80.0,68.73407,48.0,3.959,-1.774333,32,12.276596,5.008333,-1.125,6.28858,0,0,N,O,2,CA,0,214613.94,0.00631484486928444,629.5390402999134,0.007208600440913792
56738,2022-07-31,774.0,80.0,73.60934,35.0,3.007,-2.7263331,18,12.3615265,4.508333,-1.125,3.4743087,0,0,C,O,1,OH,0,233637.64,0.003630811283493281,644.59064250893,0.005151400188838242
56740,2023-01-31,725.0,80.0,69.89194,32.0,3.543,-2.8903334,32,12.199345,4.5,-0.4583335,3.9803917,0,0,C,O,2,IL,0,198658.92,0.010180473785112588,616.5085481098849,0.008614088048772757
56741,2020-01-31,756.0,80.0,74.294716,38.0,3.902,0.018666506,15,12.113322,4.023077,-0.27692318,4.1072965,0,0,P,O,2,NY,0,182284.17,0.006528380875765675,628.6331831965676,0.006120093505906099
56764,2023-01-31,749.0,60.629314,52.416668,23.0,3.467,-2.9663334,29,13.343283,3.7,-0.45833325,4.7441583,0,0,P,O,1,TX,0,623611.5,0.0029874860535538572,649.8862748448313,0.002489748871232742
56768,2020-07-31,689.0,93.35006,70.45304,26.0,4.819,1.5856664,58,11.931545,8.533334,5.0717955,1.950057,0,0,C,O,2,TX,0,151986.22,0.062495462352684876,565.9276451917901,0.03945166917110376
56768,2022-07-31,689.0,93.35006,62.660603,26.0,4.819,-0.91433334,82,11.88772,3.9083333,-1.125,4.7441654,0,0,C,O,2,TX,0,145469.27,0.02444093589157103,592.4133032359157,0.03156798914067925
56769,2020-07-31,743.0,66.26951,63.452076,21.0,3.915,0.6816666,12,12.058955,9.633333,5.0717945,2.5737188,0,0,P,O,1,CA,0,172638.5,0.00736559554036127,625.3447751010601,0.006609648077611159
56776,2020-01-31,789.0,80.0,49.069397,32.0,3.988,0.10466647,93,11.498857,3.623077,-0.27692318,3.8747516,0,0,P,O,2,PA,0,98602.96,0.0006480467001702864,691.3098739460434,0.0015907973315247527
56781,2020-07-31,732.0,80.0,55.792484,21.0,4.108,0.87466645,77,12.085696,9.333333,5.0717945,1.6396334,0,0,P,O,2,IL,0,177317.34,0.01053408297741364,615.5747859211527,0.00815332518650474
56781,2022-07-31,732.0,80.0,49.699158,21.0,4.108,-1.6253333,101,12.031846,4.7083335,-1.125,3.9803867,0,0,P,O,2,IL,0,168021.3,0.004130669940586213,641.0862275839784,0.002760035326384686
56788,2021-01-31,729.0,80.0,73.18223,50.0,3.931,1.0143332,23,11.554092,6.5333333,2.7102563,0.48909307,0,0,C,O,2,FL,0,104202.63,0.03412009158569175,583.1140961331835,0.027819067888982526
56798,2021-07-31,788.0,80.0,78.22509,30.0,2.939,-0.07766676,4,12.641131,5.0333333,-3.5000005,2.7406642,0,0,P,O,1,TX,0,309010.7,0.0014034052437784952,670.3770677108741,0.002719186856720301
56858,2022-01-31,747.0,89.06515,77.12279,36.0,4.087,0.57033324,31,12.644184,5.258333,-1.875,6.288583,0,0,P,O,1,CA,0,309955.56,0.013475632465652358,608.8291890069933,0.007310534978188499
56874,2022-01-31,797.0,80.0,73.60876,30.0,2.676,-0.84066653,12,12.260823,5.258333,-1.875,6.288583,0,0,P,O,2,CA,0,211255.48,0.0014564763586171914,669.3710480486366,0.001606753682735115
56875,2023-01-31,655.0,80.0,69.59961,20.0,4.22,-2.2133336,35,11.57606,4.0,-0.4583335,4.2343664,0,0,P,I,1,PA,1,106517.086,0.03640893367716236,581.2926685066368,0.05919924559654106
56886,2021-01-31,777.0,61.606834,38.614956,17.0,4.659,1.7423332,93,12.023988,6.4333334,2.7102566,0.38700014,0,0,C,O,2,GA,0,166706.17,0.001501251663689657,668.5503540650265,0.0015536724914744504
56917,2020-07-31,765.0,80.0,73.29769,32.0,4.136,0.9026668,22,10.858988,9.233334,5.071795,1.8464669,0,0,N,O,2,NY,0,51999.42,0.007162973995614982,626.1052451920799,0.007268841238327237
56929,2023-07-31,734.0,66.87194,58.4501,46.0,3.489,-3.1443331,20,12.53703,4.8,-0.20833302,6.2885866,0,0,P,O,1,CA,0,278460.06,0.010133926857454947,616.6338468185701,0.018495024180431637
56998,2022-01-31,826.0,80.0,73.13455,35.0,2.808,-0.70866656,13,12.527184,5.258333,-1.875,6.288583,0,0,P,O,2,CA,0,275731.62,0.0016958220027435585,665.246810543196,0.0014457452144751174
57005,2020-01-31,724.0,80.0,58.00376,35.0,4.705,0.8216665,50,12.343333,4.423077,-0.2769227,5.7497625,0,0,P,O,2,CA,0,229425.4,0.009671989727520158,617.9091493266615,0.009757303084554135
57009,2023-01-31,675.0,79.9991,66.57941,34.0,3.802,-2.6313334,32,12.11502,4.4,-0.45833302,6.5481954,0,0,P,O,2,AZ,0,182593.89,0.07381137805874266,561.0949918363018,0.037115555101847504
57025,2020-07-31,740.0,93.86651,83.398476,24.0,4.799,1.5656664,24,12.858557,9.633333,5.0717945,2.5737188,0,0,P,O,2,CA,0,384061.0,0.017084921913581564,602.3072988585723,0.011645001582203995
57031,2020-07-31,748.0,67.69718,53.240658,44.0,3.786,0.55266666,42,12.536643,9.033334,5.0717955,2.4695024,0,0,P,O,1,FL,0,278352.34,0.016335917825330643,603.5412045538989,0.01052007001288616
57047,2020-01-31,768.0,63.188072,37.422447,38.0,4.08,0.19666648,93,11.689351,3.7230768,-0.27692318,4.340364,0,0,P,O,1,GA,0,119294.53,0.0021084518191577173,659.3414098021876,0.001627439158620646
57060,2020-01-31,807.0,77.3564,77.23719,24.0,3.62,-0.26333356,1,11.798118,4.423077,-0.2769227,5.7497625,0,0,P,O,1,CA,0,133001.72,0.0008435969492682585,684.167423438961,0.0005082289986713697
57135,2023-07-31,676.0,80.0,70.16465,24.0,3.375,-3.2583332,20,13.205129,4.2,-0.20833349,6.029608,1,0,P,O,2,FL,0,543143.4,0.05255626223488936,570.9008434653539,0.02541415351009501
57173,2020-01-31,729.0,80.0,76.54106,13.0,3.97,0.086666584,9,12.174212,3.323077,-0.27692294,4.340364,0,0,P,O,1,TX,0,193728.44,0.005976288430813189,631.0395908470052,0.0025757840111884844
57313,2023-01-31,740.0,81.10728,70.42011,27.0,3.066,-3.3673334,25,11.626642,3.7,-0.45833325,4.7441583,0,0,C,O,2,TX,0,112043.516,0.005487187254601437,633.3637512945853,0.004906880237262458
57316,2021-01-31,732.0,88.82088,87.62739,27.0,3.435,0.5183332,6,12.473607,6.0333333,2.7102563,0.38700014,0,0,P,I,1,TX,0,261347.67,0.028637408921276773,588.0081911414994,0.011259329325328716
57328,2021-07-31,756.0,71.091286,69.53524,34.0,3.2,0.1833334,4,12.856933,5.0333333,-3.5000005,2.7406642,0,0,P,O,1,TX,0,383437.72,0.007014347047273749,626.6767682785601,0.005303598225735617
57342,2022-07-31,776.0,82.985435,58.042927,28.0,3.637,-2.096333,61,12.45657,5.008333,-1.125,6.28858,0,0,C,O,1,CA,0,256932.81,0.002493486038177793,654.7915476236403,0.001823579597974699
57388,2020-01-31,707.0,80.0,76.33135,22.0,4.178,0.29466653,8,12.903953,4.423077,-0.2769227,5.7497625,0,0,P,O,2,CA,0,401897.66,0.01070320225479921,615.1391090164716,0.015386915404683017
57425,2022-07-31,787.0,80.0,75.74788,41.0,2.995,-2.7383332,8,11.783387,5.008333,-1.125,6.28858,0,0,P,O,1,CA,0,131056.92,0.0018369070515426213,663.0801335657713,0.003017757829616432
57441,2021-07-31,714.0,66.5212,63.768433,40.0,3.296,0.27933335,10,12.553881,5.733333,-3.5000005,2.594572,1,0,P,O,1,NY,0,283192.06,0.019999981017938973,597.9633567933206,0.027646911808539162
57461,2021-01-31,757.0,80.0,72.85772,36.0,4.546,1.6293333,30,12.517471,6.633333,2.7102563,0.2850178,0,0,P,O,1,OH,0,273066.78,0.01141448827202477,613.3783203413703,0.0061181299202208465
57474,2020-07-31,793.0,80.0,74.17512,40.0,3.706,0.47266674,17,12.255179,9.033334,5.0717955,2.4695024,0,0,P,O,1,FL,0,210066.42,0.003499468343897156,645.5913917605135,0.001951979553130864
57491,2022-07-31,800.0,61.64776,55.730713,41.0,2.769,-2.964333,19,12.3684225,4.2083335,-1.125,4.2343626,0,0,P,O,1,PA,0,235254.33,0.0011048082841911113,676.8597198499021,0.0016183554462415217
57556,2021-07-31,794.0,80.0,76.86935,33.0,2.871,-0.1456666,6,12.474335,5.5333333,-3.5000005,3.4743047,0,0,C,O,2,FL,0,261537.97,0.0019446988393749334,661.533904420406,0.002186331930519989
57588,2020-01-31,730.0,80.0,55.26104,29.0,3.957,0.07366657,67,12.096876,3.323077,-0.27692294,4.340364,0,0,P,S,2,TX,0,179310.78,0.007233996011514717,625.8362849879053,0.00205742052171365
57643,2023-01-31,756.0,62.27021,56.837547,37.0,3.087,-3.3463335,13,11.952702,4.4,-0.45833302,6.5481954,0,0,P,O,1,AZ,0,155235.98,0.004158340894630857,640.9047797565725,0.0037105815615843135
57793,2021-01-31,739.0,80.0,53.961887,27.0,3.84,0.92333317,80,12.054592,6.733333,2.710256,0.366599,0,0,P,O,2,NY,0,171886.97,0.008080091435908349,622.81959562983,0.006110434492171341
57821,2023-07-31,696.0,62.803646,55.577103,42.0,3.467,-3.1663332,27,12.373251,4.3,-0.20833302,3.4742944,0,0,P,O,1,OH,0,236393.06,0.030259388682453942,586.4719238642274,0.02121507362194041
57827,2021-07-31,684.0,75.4415,46.010105,44.0,5.004,1.9873335,102,12.704015,5.733333,-3.5000005,2.594572,1,0,P,O,1,NY,0,329066.5,0.0421452101395551,577.1713962826046,0.06166827211227001
57846,2023-07-31,753.0,65.05853,49.785946,27.0,3.95,-2.6833332,50,11.957523,4.2,-0.20833349,6.029608,0,0,C,O,2,FL,0,155986.33,0.0026493350427695384,653.1464998153358,0.0019166809037761464
57866,2020-07-31,693.0,80.0,75.9304,37.0,4.241,1.0076668,16,12.210061,9.333333,5.0717945,1.6396334,0,0,C,O,2,IL,0,200799.36,0.07283614603353385,561.4834427903395,0.06311803164582754
57866,2023-01-31,693.0,80.0,66.69677,37.0,4.241,-2.1923332,46,12.161717,4.5,-0.4583335,3.9803917,0,0,C,O,2,IL,0,191322.9,0.024164412040632275,592.7289221789644,0.011814043222007622
57867,2023-01-31,771.0,60.59807,52.693638,34.0,3.169,-3.2643335,30,11.937665,4.0,-0.4583335,4.2343664,0,0,C,O,2,PA,0,152919.16,0.0020517098828907,660.0812708949267,0.002576594711409981
57890,2022-07-31,757.0,86.149376,79.6318,24.0,3.031,-2.7023332,14,12.3459425,4.3083334,-1.125,4.7441654,0,0,C,O,2,GA,0,230024.75,0.0038067659714426166,643.305079947217,0.006253569836847921
57909,2020-01-31,693.0,95.74094,90.72043,38.0,4.363,0.47966647,11,12.2767515,3.7230768,-0.27692318,4.340364,0,0,P,O,2,GA,1,214647.2,0.06276521023216772,565.8032916671459,0.15472425058841405
57921,2023-07-31,733.0,80.0,53.235916,39.0,4.423,-2.2103333,70,12.1522045,4.8,-0.20833302,6.2885866,0,0,N,O,2,CA,0,189511.34,0.009536511301537185,618.2946277692625,0.005178899505936758
57936,2021-01-31,774.0,84.23116,81.31524,33.0,3.681,0.76433325,15,12.915119,6.0333333,2.7102563,0.38700014,0,0,P,O,1,TX,0,406410.4,0.005082389388272034,635.4488099456872,0.004501129991552179
57962,2023-01-31,737.0,66.455666,60.495083,39.0,3.472,-2.9613335,14,12.804648,4.8,-0.45833302,6.2885814,0,0,P,O,1,CA,1,363904.97,0.007390621021901164,625.2522948391857,0.014500453779799884
57975,2020-01-31,744.0,90.88243,70.22421,35.0,4.569,0.6856663,49,12.148638,3.323077,-0.27692294,4.340364,0,0,P,O,1,TX,0,188836.75,0.007663558359832927,624.2633786163757,0.0020952154826577355
58083,2020-07-31,813.0,95.91631,60.40747,34.0,4.146,0.91266656,87,12.590592,8.533334,5.0717955,1.950057,0,0,P,S,1,TX,0,293781.66,0.002897579233682347,650.7157051809497,0.0015926319327240217
58086,2020-01-31,764.0,66.59942,54.266903,29.0,3.626,-0.25733352,39,12.031303,4.023077,-0.27692318,4.1072965,0,0,N,I,1,NY,0,167930.2,0.0016754460903707347,665.5745183569659,0.001692656251185825
58116,2023-01-31,709.0,80.0,73.54953,39.0,3.094,-3.3393333,15,12.155805,3.7,-0.45833325,4.7441583,0,0,P,O,1,TX,0,190194.84,0.023372101533639156,593.6531509697701,0.01984120837940476
58120,2020-01-31,699.0,80.693695,73.778275,34.0,4.646,0.76266646,22,12.415411,3.9230769,-0.27692294,3.1802256,0,0,P,O,2,OH,0,246572.4,0.03050678531306521,586.2446449760745,0.017057993052601302
58123,2023-01-31,747.0,73.33541,42.00385,32.0,3.613,-2.8203335,103,12.64009,4.1,-0.4583335,4.7441583,0,0,P,O,1,GA,0,308689.1,0.003591169202807046,644.8888376839608,0.0029962678583574497
58144,2023-07-31,692.0,80.0,68.05366,45.0,3.514,-3.1193333,24,11.642778,4.8,-0.20833302,6.2885866,0,0,P,O,1,CA,0,113866.1,0.042125444635167784,577.1846504499165,0.05148871866951118
58186,2023-07-31,720.0,80.0,50.504364,26.0,4.755,-1.8783331,95,12.289385,4.4,-0.20833302,4.4889503,0,0,C,O,2,NY,0,217376.17,0.006257003191889153,629.7896560856792,0.004129897833703545
58260,2020-01-31,679.0,80.0,68.208534,50.0,5.184,1.3006666,26,12.760595,4.423077,-0.2769227,5.7497625,0,0,C,O,2,CA,0,348222.1,0.04783414796349592,573.5833422342196,0.07361655252509679
58340,2023-01-31,761.0,75.00516,62.582413,37.0,4.275,-2.1583333,36,11.9795065,4.8,-0.45833302,6.2885814,0,0,P,O,2,CA,0,159453.3,0.004679075600791472,637.6974715246912,0.0030274165741168667
58441,2020-01-31,714.0,68.52744,62.638607,36.0,4.636,0.7526667,18,12.626419,3.323077,-0.27692294,4.340364,0,0,N,O,1,TX,0,304497.7,0.010869399464291345,614.7175439223079,0.012971392842013058
58468,2022-07-31,727.0,94.044205,60.250896,27.0,4.282,-1.451333,75,12.616986,5.008333,-1.125,6.28858,0,0,P,O,2,CA,0,301639.03,0.01272832338162425,610.3937857731996,0.004342308197443016
58490,2020-07-31,699.0,80.0,61.1486,32.0,4.526,1.2926667,55,12.537382,8.533334,5.0717955,1.950057,0,0,N,O,1,TX,0,278558.12,0.046307263426483336,574.5046954915058,0.0328593404173175
58520,2021-07-31,714.0,60.266815,57.582546,20.0,4.306,1.2893336,18,12.790758,5.633333,-3.5,2.012241,0,0,C,O,1,OH,0,358885.38,0.007576195174397873,624.5760601588183,0.009695034564219426
58585,2023-01-31,693.0,80.0,67.805916,27.0,3.496,-2.9373333,26,11.618659,4.2,-0.4583335,6.0296116,0,0,P,O,1,FL,0,111152.56,0.02186026278611042,595.5048664122592,0.017642994951788896
58659,2021-07-31,764.0,80.0,46.052578,23.0,4.221,1.2043335,105,11.106398,5.4333334,-3.5,2.7406642,0,0,C,O,2,GA,0,66595.84,0.0020539732531856827,660.05136975502,0.0029387595602637135
58746,2022-01-31,698.0,62.244324,56.866314,45.0,3.678,0.16133332,17,12.84598,4.6583333,-1.875,6.029608,0,0,P,O,2,FL,0,379261.0,0.03752219402628778,580.4462517084577,0.05395570186116082
58757,2022-01-31,780.0,80.0,45.405445,18.0,4.385,0.8683336,108,12.227411,4.5583334,-1.875,4.744165,0,0,C,I,2,GA,0,204313.66,0.0011419218013085587,675.9644913815331,0.0014165520847016712
58794,2021-01-31,680.0,62.647484,48.68342,38.0,4.569,1.652333,59,12.003519,6.3333335,2.7102566,0.34619996,0,0,C,O,2,PA,0,163328.53,0.033489465864905005,583.6366558595357,0.03574276576844876
58826,2023-01-31,721.0,80.0,70.34785,27.0,3.226,-3.2073333,27,12.514432,4.5,-0.4583335,3.9803917,0,0,C,O,2,IL,0,272237.88,0.009731619308863888,617.7411762507606,0.007808928237932013
58834,2023-01-31,773.0,77.07821,66.31337,37.0,3.436,-2.9973333,37,12.438251,4.0,-0.4583335,4.2343664,0,0,P,O,1,PA,0,252268.92,0.0026173826638708026,653.4757596051362,0.0025592833588382355
58870,2020-07-31,720.0,75.22162,74.703835,46.0,4.294,1.0606668,5,12.442092,9.233334,5.071795,1.8464669,0,0,P,O,2,NY,0,253239.77,0.04733937541240178,573.8787982369412,0.033264881987294694
58880,2020-01-31,777.0,80.0,72.00701,42.0,4.355,0.47166657,17,12.5580015,4.423077,-0.2769227,5.7497625,0,0,P,O,1,CA,0,284361.44,0.004982506179450853,635.9887102161287,0.0036018826564473755
58887,2023-07-31,758.0,63.65729,49.02334,43.0,3.982,-2.651333,47,12.08233,4.4,-0.20833302,6.548197,0,0,P,O,1,AZ,0,176721.42,0.0046582948701013715,637.8185018870782,0.002984635726341103
58889,2022-07-31,760.0,61.814987,55.860382,32.0,3.342,-2.391333,15,12.709063,5.008333,-1.125,6.28858,0,0,C,O,2,CA,0,330731.56,0.004824475107592272,636.8653161592401,0.011326779112196716
58892,2020-01-31,767.0,86.19849,84.98156,23.0,3.854,-0.029333353,3,12.273132,3.823077,-0.27692294,5.5135503,0,0,P,O,1,FL,0,213871.94,0.0023549692805977422,656.3421341393781,0.0026089487184073443
58904,2022-07-31,808.0,80.0,69.68034,35.0,2.975,-2.7583332,25,12.038724,4.4083333,-1.125,6.0296097,0,0,P,O,2,FL,0,169180.92,0.0012589441702590325,673.3209168730712,0.0011561193577934845
58908,2022-07-31,675.0,80.0,54.802742,18.0,4.672,-1.0613332,78,12.449765,3.9083333,-1.125,4.7441654,0,0,C,O,1,TX,0,255190.28,0.03009822499770527,586.6209524300159,0.01841707584936872
59088,2021-01-31,764.0,96.24815,93.2659,38.0,3.869,0.9523332,14,12.166969,7.133333,2.710256,0.509528,0,0,P,O,2,CA,0,192330.34,0.01771334810642319,601.3123724830159,0.01785365762617002
59113,2022-01-31,672.0,76.94631,56.615795,19.0,4.496,0.97933316,57,12.377929,4.6583333,-1.875,6.029608,0,0,P,O,2,FL,0,237501.45,0.03430356634059779,582.9638116244876,0.02032007703391491
59134,2022-07-31,738.0,80.0,76.843796,20.0,3.419,-2.3143332,9,11.767284,4.508333,-1.125,3.4743087,0,0,P,O,1,OH,0,128963.47,0.003808492056927381,643.2927642348553,0.004433761197931099
59176,2021-07-31,822.0,83.77443,68.137146,25.0,3.51,0.49333334,49,12.289766,5.8333335,-3.4999995,2.302998,0,0,P,O,1,IL,0,217459.1,0.0009977830068394619,679.6202245181074,0.0007142995351002975
59191,2023-07-31,821.0,95.58032,80.56774,46.0,2.903,-3.730333,24,12.524431,4.4,-0.20833302,6.548197,0,0,P,O,1,AZ,0,274973.94,0.0024599510955317376,655.1589141269876,0.001218663067524335
59194,2022-01-31,702.0,89.356415,88.76298,34.0,3.478,-0.038666725,1,12.243717,5.258333,-1.875,6.288583,0,0,P,O,1,CA,0,207672.39,0.07672691592581214,559.9612043435465,0.0403649264037971
59263,2020-07-31,788.0,80.0,75.04807,37.0,3.781,0.54766655,15,11.903497,9.633333,5.0717945,2.5737188,0,0,P,O,1,CA,0,147782.42,0.002992014941716773,649.845154932731,0.004496336712258283
59273,2021-01-31,735.0,80.0,60.944702,40.0,4.626,1.7093332,65,12.190162,6.8333335,2.7102566,0.32579577,0,0,P,I,2,IL,0,196843.08,0.013166130993267258,609.4665245757551,0.016780260460337072
59304,2023-07-31,715.0,80.0,43.02994,33.0,4.816,-1.8173332,92,11.446235,5.2,-0.20833349,7.330832,0,0,P,O,2,NV,0,93548.42,0.009664991769828874,617.9289293644271,0.013209557458611205
59306,2021-01-31,732.0,80.0,63.302814,34.0,3.926,1.0093334,44,12.236615,7.133333,2.710256,0.509528,1,0,C,O,1,CA,0,206202.84,0.022667468406591028,594.5011673224496,0.01742145905211401
59341,2021-01-31,830.0,75.023346,37.36729,31.0,3.796,0.87933326,105,11.861241,6.733333,2.710256,0.5299534,0,0,P,O,1,AZ,0,141667.97,0.0013101508688177746,672.2405099751359,0.0016457426132330893
59385,2022-01-31,705.0,80.0,71.61399,46.0,4.202,0.6853335,30,12.158238,4.858333,-1.875,4.4889507,0,0,P,O,1,NY,0,190658.42,0.041147769798677965,577.8477871782522,0.046930212872129284
59397,2023-01-31,710.0,80.568214,52.136776,27.0,3.707,-2.7263334,72,13.41936,4.8,-0.45833302,6.2885814,0,0,P,O,1,CA,0,672905.44,0.011150494612684985,614.0188377216879,0.00724080972513207
59414,2022-07-31,737.0,83.85276,70.86389,31.0,3.87,-1.8633332,35,11.696724,4.4083333,-1.125,6.0296097,0,0,P,O,2,FL,0,120177.38,0.006278856179598205,629.6947021641921,0.006049917472920103
59506,2020-07-31,774.0,70.50091,46.278763,33.0,4.111,0.8776667,80,11.852752,8.933333,5.071795,1.950057,0,0,C,O,2,GA,0,140470.38,0.004911261685173837,636.3804303202044,0.0037481623467758404
59515,2022-07-31,771.0,86.678474,69.46781,23.0,3.962,-1.7713332,39,11.637182,5.4083333,-1.125,7.330828,0,0,P,O,1,NV,0,113230.71,0.0025180535668860573,654.525531201885,0.0026655875016899297
59532,2021-07-31,825.0,72.544365,69.36675,34.0,3.038,0.021333456,11,12.129888,5.733333,-3.5000005,2.594572,0,0,P,O,1,NY,0,185328.89,0.0017581186157512461,664.2687351936277,0.0012220228303601516
59572,2022-01-31,802.0,87.43118,80.94054,25.0,3.481,-0.035666704,18,11.673293,4.858333,-1.875,4.4889507,0,0,C,O,2,NY,0,117394.2,0.0014228736022964135,670.0036796703481,0.0008904621598559017
59624,2020-07-31,721.0,94.37304,92.43581,30.0,4.092,0.85866666,9,12.201724,8.533334,5.0717955,1.950057,0,0,N,O,1,TX,0,199132.19,0.04770819340904058,573.6582802127668,0.048424194341630936
59630,2020-07-31,773.0,86.367714,82.815346,45.0,3.781,0.54766655,13,12.650792,9.233334,5.071795,1.8464669,0,0,P,O,2,NY,0,312010.62,0.012679532454501069,610.4990665876469,0.010045078800440225
59697,2021-07-31,823.0,60.01478,52.403866,27.0,3.44,0.4233334,29,12.36628,6.133333,-3.5,3.6216621,0,0,N,O,2,CA,0,234750.67,0.0010329345074894995,678.6822221252504,0.000985085226361461
59698,2022-01-31,634.0,83.06493,53.105865,21.0,5.28,1.7633336,78,11.554524,5.258333,-1.875,6.288583,0,0,P,I,2,CA,0,104247.64,0.03889762584820072,579.4332202384613,0.1087299363194856
59701,2022-07-31,775.0,80.0,65.3758,35.0,3.726,-2.007333,39,12.551389,5.008333,-1.125,6.28858,0,0,C,I,2,CA,0,282487.28,0.003289903177212836,647.2683756929534,0.0034761443282424133
59729,2023-01-31,739.0,86.12591,75.75819,38.0,3.443,-2.9903333,17,11.26638,5.2,-0.4583335,7.330827,0,0,N,O,1,NV,0,78149.625,0.010416535114997452,615.8817028430865,0.016833848841082192
59797,2021-01-31,667.0,77.966385,73.22765,37.0,4.307,1.3903334,19,13.418022,7.133333,2.710256,0.509528,0,0,P,O,1,CA,0,672006.0,0.18667869025009862,532.46574039406,0.19070184500149578
59875,2021-07-31,768.0,72.521736,70.21809,28.0,3.051,0.034333467,6,12.544558,5.733333,-3.5000005,2.594572,0,0,C,O,2,NY,0,280564.22,0.004000078077905709,641.9592332132308,0.0035477089019803694
59876,2023-07-31,758.0,80.0,44.720467,28.0,4.693,-1.9403334,93,12.079418,4.4,-0.20833302,6.548197,0,0,C,O,1,AZ,0,176207.66,0.0027984308919774097,651.6606841583225,0.00182329866348068
59883,2020-07-31,751.0,65.26041,64.317894,43.0,4.014,0.7806666,8,12.132379,9.133333,5.0717945,1.4332186,0,0,P,O,2,OH,0,185791.19,0.01715100433040384,602.201000139283,0.01476119783305058
59884,2023-01-31,745.0,92.010445,79.57813,45.0,3.515,-2.9183333,29,11.307732,3.7,-0.45833325,4.7441583,0,0,P,O,2,TX,0,81448.91,0.01275106625999946,610.3448473569215,0.0068013474698996245
59962,2021-01-31,770.0,88.12089,87.21139,45.0,3.17,0.25333333,4,12.326074,6.733333,2.710256,0.366599,0,0,P,O,1,NY,0,225499.58,0.018338703672692698,600.3561369057472,0.014767267102162652
59962,2022-01-31,770.0,88.12089,81.74149,45.0,3.17,-0.34666657,16,12.305212,4.858333,-1.875,4.4889507,0,0,P,O,1,NY,0,220843.94,0.008417251751363666,621.7040054223033,0.008632778086474401
59971,2020-07-31,824.0,74.47004,63.497017,36.0,3.779,0.5456667,35,11.884446,9.233334,5.071795,1.8464669,0,0,P,O,1,NY,0,144993.77,0.0024058123910452303,655.7626648745658,0.0016251483510539677
59977,2022-07-31,743.0,80.0,74.87428,46.0,3.355,-2.378333,12,12.852649,3.9083333,-1.125,4.7441654,0,0,P,O,1,TX,0,381798.56,0.011972205395951977,612.0719693362083,0.012245582208903236
59999,2021-07-31,763.0,80.0,66.76676,43.0,4.19,1.1733334,42,12.40171,5.4333334,-3.5,2.7406642,0,0,P,I,1,GA,0,243217.12,0.005880154635153821,631.4810987179836,0.00590913093877072
